darts-linear-solvers built on Jul  3 2025 19:51:16 by SRV554$@SRV554 from f18e70b9c0d55252ecd5568e4014aa832c2f5bba
darts-engines built on Jul  3 2025 19:51:16 by SRV554$@SRV554 from f18e70b9c0d55252ecd5568e4014aa832c2f5bba
darts-discretizer built on Jul  3 2025 19:51:16 by SRV554$@SRV554 from f18e70b9c0d55252ecd5568e4014aa832c2f5bba
Processing mesh: 43043 reservoir blocks, 4 well blocks, 66223 connections
Linear solver type is CPU_SUPERLU
Engine: 	2-phase 1-component enthalpy-based thermal flow with gravity CPU engine

START SIMULATION
-------------------------------------------------------------------------------------------------------------
Well INJ initialized with phase 0 molar rate-control
Well PRD initialized with BHP-control
	 #1 (1.0804e+05, 1.6645e+04): lin 1 (0.0e+00)
	 #2 (6.2329e+02, 4.7249e+01): lin 1 (0.0e+00)
	 #3 (1.2794e-01, 4.1570e-02): lin 1 (0.0e+00)
-------------------------------------------------------------------------------------------------------------
 T = 1.1574e-05, DT = 1.1574e-05, NI = 3, LI = 3, RES = 7.2e-07 (1.8e-07), CFL=0.000 (ELAPSED 00:00:02 )
-------------------------------------------------------------------------------------------------------------
	 #1 (2.1493e-01, 7.8928e-04): lin 1 (0.0e+00)
	 #2 (6.8746e-02, 4.0406e-06): lin 1 (0.0e+00)
-------------------------------------------------------------------------------------------------------------
 T = 3.4722e-05, DT = 2.3148e-05, NI = 2, LI = 2, RES = 4.1e-05 (1.8e-07), CFL=0.000 (ELAPSED 00:00:04 )
-------------------------------------------------------------------------------------------------------------
	 #1 (1.3008e-01, 3.3524e-04): lin 1 (0.0e+00)
	 #2 (6.7789e-02, 3.0628e-05): lin 1 (0.0e+00)
-------------------------------------------------------------------------------------------------------------
 T = 8.1018e-05, DT = 4.6296e-05, NI = 2, LI = 2, RES = 3.5e-05 (3.0e-07), CFL=0.000 (ELAPSED 00:00:06 )
-------------------------------------------------------------------------------------------------------------
	 #1 (1.7404e-01, 9.0555e-05): lin 1 (0.0e+00)
	 #2 (1.9791e-01, 1.4958e-04): lin 1 (0.0e+00)
-------------------------------------------------------------------------------------------------------------
 T = 0.00017361, DT = 9.2592e-05, NI = 2, LI = 2, RES = 1.1e-03 (3.1e-07), CFL=0.000 (ELAPSED 00:00:09 )
-------------------------------------------------------------------------------------------------------------
	 #1 (2.2848e-01, 4.3162e-05): lin 1 (0.0e+00)
	 #2 (4.3419e-01, 7.9362e-04): lin 1 (0.0e+00)
	 #3 (1.8406e-02, 6.0339e-08): lin 1 (0.0e+00)
-------------------------------------------------------------------------------------------------------------
 T = 0.000358794, DT = 0.000185184, NI = 3, LI = 3, RES = 2.7e-07 (1.1e-07), CFL=0.000 (ELAPSED 00:00:12 )
-------------------------------------------------------------------------------------------------------------
	 #1 (2.5480e-01, 4.7603e-05): lin 1 (0.0e+00)
	 #2 (6.9821e-01, 3.4569e-03): lin 1 (0.0e+00)
	 #3 (4.3599e-02, 1.0788e-07): lin 1 (0.0e+00)
-------------------------------------------------------------------------------------------------------------
 T = 0.000729162, DT = 0.000370368, NI = 3, LI = 3, RES = 4.6e-07 (4.5e-08), CFL=0.000 (ELAPSED 00:00:15 )
-------------------------------------------------------------------------------------------------------------
	 #1 (1.8928e-01, 4.2276e-05): lin 1 (0.0e+00)
	 #2 (1.3824e+00, 1.0765e-02): lin 1 (0.0e+00)
	 #3 (6.3931e-02, 4.0555e-07): lin 1 (0.0e+00)
-------------------------------------------------------------------------------------------------------------
 T = 0.0014699, DT = 0.000740736, NI = 3, LI = 3, RES = 6.2e-07 (1.0e-07), CFL=0.000 (ELAPSED 00:00:18 )
-------------------------------------------------------------------------------------------------------------
	 #1 (1.1154e-01, 7.7039e-05): lin 1 (0.0e+00)
	 #2 (3.2789e+00, 3.3821e-02): lin 1 (0.0e+00)
-------------------------------------------------------------------------------------------------------------
 T = 0.00295137, DT = 0.00148147, NI = 2, LI = 2, RES = 1.5e-03 (9.8e-07), CFL=0.000 (ELAPSED 00:00:20 )
-------------------------------------------------------------------------------------------------------------
	 #1 (1.3609e-01, 1.1565e-04): lin 1 (0.0e+00)
	 #2 (5.4354e+00, 8.6986e-02): lin 1 (0.0e+00)
-------------------------------------------------------------------------------------------------------------
 T = 0.00591431, DT = 0.00296294, NI = 2, LI = 2, RES = 2.0e-03 (2.1e-06), CFL=0.000 (ELAPSED 00:00:21 )
-------------------------------------------------------------------------------------------------------------
	 #1 (1.7606e-01, 1.9497e-04): lin 1 (0.0e+00)
	 #2 (1.0325e+01, 2.2180e-01): lin 1 (0.0e+00)
	 #3 (2.3547e-02, 5.9258e-06): lin 1 (0.0e+00)
-------------------------------------------------------------------------------------------------------------
 T = 0.0118402, DT = 0.00592589, NI = 3, LI = 3, RES = 2.8e-06 (3.1e-07), CFL=0.000 (ELAPSED 00:00:24 )
-------------------------------------------------------------------------------------------------------------
	 #1 (2.4723e-01, 2.8019e-04): lin 1 (0.0e+00)
	 #2 (2.3265e+01, 5.8007e-01): lin 1 (0.0e+00)
-------------------------------------------------------------------------------------------------------------
 T = 0.023692, DT = 0.0118518, NI = 2, LI = 2, RES = 4.1e-03 (1.8e-05), CFL=0.000 (ELAPSED 00:00:25 )
-------------------------------------------------------------------------------------------------------------
	 #1 (3.6431e-01, 3.9518e-04): lin 1 (0.0e+00)
	 #2 (6.2904e+01, 1.5428e+00): lin 1 (0.0e+00)
	 #3 (5.1061e-02, 7.5018e-05): lin 1 (0.0e+00)
-------------------------------------------------------------------------------------------------------------
 T = 0.0473955, DT = 0.0237036, NI = 3, LI = 3, RES = 9.7e-06 (1.1e-07), CFL=0.000 (ELAPSED 00:00:28 )
-------------------------------------------------------------------------------------------------------------
	 #1 (5.3201e-01, 5.0724e-04): lin 1 (0.0e+00)
	 #2 (1.5968e+02, 3.8459e+00): lin 1 (0.0e+00)
	 #3 (1.2440e+00, 3.1302e-04): lin 1 (0.0e+00)
-------------------------------------------------------------------------------------------------------------
 T = 0.0948026, DT = 0.0474071, NI = 3, LI = 3, RES = 1.2e-05 (1.5e-07), CFL=0.000 (ELAPSED 00:00:30 )
-------------------------------------------------------------------------------------------------------------
	 #1 (7.3586e-01, 5.9347e-04): lin 1 (0.0e+00)
	 #2 (4.1706e+02, 7.9786e+00): lin 1 (0.0e+00)
	 #3 (2.3760e+01, 1.2706e-03): lin 1 (0.0e+00)
-------------------------------------------------------------------------------------------------------------
 T = 0.189617, DT = 0.0948142, NI = 3, LI = 3, RES = 2.1e-03 (1.3e-07), CFL=0.000 (ELAPSED 00:00:33 )
-------------------------------------------------------------------------------------------------------------
	 #1 (9.2028e-01, 5.9029e-04): lin 1 (0.0e+00)
	 #2 (9.0032e+02, 1.1857e+01): lin 1 (0.0e+00)
	 #3 (1.5674e+02, 3.6378e-03): lin 1 (0.0e+00)
	 #4 (1.1822e-01, 8.7841e-08): lin 1 (0.0e+00)
-------------------------------------------------------------------------------------------------------------
 T = 0.379245, DT = 0.189628, NI = 4, LI = 4, RES = 4.8e-05 (8.8e-08), CFL=0.000 (ELAPSED 00:00:36 )
-------------------------------------------------------------------------------------------------------------
	 #1 (1.0247e+00, 5.0749e-04): lin 1 (0.0e+00)
	 #2 (2.8849e+03, 1.0964e+01): lin 1 (0.0e+00)
	 #3 (5.4732e+02, 3.0569e-03): lin 1 (0.0e+00)
	 #4 (7.1569e-01, 5.6529e-08): lin 1 (0.0e+00)
-------------------------------------------------------------------------------------------------------------
 T = 0.758502, DT = 0.379257, NI = 4, LI = 4, RES = 9.4e-05 (1.6e-07), CFL=0.000 (ELAPSED 00:00:40 )
-------------------------------------------------------------------------------------------------------------
	 #1 (1.1586e+00, 5.1409e-04): lin 1 (0.0e+00)
	 #2 (5.5276e+03, 5.9870e+00): lin 1 (0.0e+00)
	 #3 (1.4682e+03, 6.3136e-03): lin 1 (0.0e+00)
	 #4 (1.7511e+01, 1.3933e-07): lin 1 (0.0e+00)
-------------------------------------------------------------------------------------------------------------
 T = 1.51702, DT = 0.758514, NI = 4, LI = 4, RES = 1.9e-04 (1.7e-07), CFL=0.000 (ELAPSED 00:00:43 )
-------------------------------------------------------------------------------------------------------------
	 #1 (1.4974e+00, 5.1072e-04): lin 1 (0.0e+00)
	 #2 (1.0705e+04, 2.0857e+00): lin 1 (0.0e+00)
	 #3 (2.7450e+03, 2.2214e-03): lin 1 (0.0e+00)
	 #4 (7.4553e+01, 1.3710e-07): lin 1 (0.0e+00)
	 #5 (2.1923e-02, 2.4574e-07): lin 1 (0.0e+00)
-------------------------------------------------------------------------------------------------------------
 T = 3.03404, DT = 1.51703, NI = 5, LI = 5, RES = 3.7e-04 (7.4e-08), CFL=0.000 (ELAPSED 00:00:48 )
-------------------------------------------------------------------------------------------------------------
	 #1 (1.7118e+00, 1.6110e-03): lin 1 (0.0e+00)
	 #2 (1.6765e+04, 5.0914e-01): lin 1 (0.0e+00)
	 #3 (1.8685e+03, 1.9814e-04): lin 1 (0.0e+00)
	 #4 (5.6935e+01, 1.5675e-07): lin 1 (0.0e+00)
-------------------------------------------------------------------------------------------------------------
 T = 6.0681, DT = 3.03405, NI = 4, LI = 4, RES = 7.6e-03 (9.9e-08), CFL=0.000 (ELAPSED 00:00:51 )
-------------------------------------------------------------------------------------------------------------
	 #1 (1.4733e+00, 2.8356e-04): lin 1 (0.0e+00)
Apply global chop with max changes = 1.26344
OBL axis correction: block 543 variable 1 shoots under axis limit of 900.764 to 3.63798e-12
OBL axis correction applied 1 time(s) 
	 #2 (8.2855e+04, 4.8818e-02): lin 1 (0.0e+00)
Apply global chop with max changes = 63.6527
	 #3 (8.2257e+04, 4.8053e-02): lin 1 (0.0e+00)
Apply global chop with max changes = 32.311
	 #4 (8.0799e+04, 4.6568e-02): lin 1 (0.0e+00)
Apply global chop with max changes = 11.9036
	 #5 (7.6753e+04, 4.2677e-02): lin 1 (0.0e+00)
Apply global chop with max changes = 3.2314
	 #6 (5.2039e+04, 2.9713e-02): lin 1 (0.0e+00)
	 #7 (5.4380e+03, 1.2025e-03): lin 1 (0.0e+00)
	 #8 (6.0938e+02, 3.1495e-07): lin 1 (0.0e+00)
	 #9 (8.3037e-01, 9.5999e-07): lin 1 (0.0e+00)
-------------------------------------------------------------------------------------------------------------
 T = 12.1362, DT = 6.06811, NI = 9, LI = 9, RES = 1.5e-03 (3.1e-07), CFL=0.000 (ELAPSED 00:00:59 )
-------------------------------------------------------------------------------------------------------------
	 #1 (1.1091e+00, 2.4575e-05): lin 1 (0.0e+00)
	 #2 (1.5258e+03, 5.6782e-03): lin 1 (0.0e+00)
	 #3 (7.2334e+01, 8.7154e-07): lin 1 (0.0e+00)
	 #4 (1.1927e-02, 8.9486e-07): lin 1 (0.0e+00)
-------------------------------------------------------------------------------------------------------------
 T = 24.2724, DT = 12.1362, NI = 4, LI = 4, RES = 3.0e-03 (8.6e-07), CFL=0.000 (ELAPSED 00:01:03 )
-------------------------------------------------------------------------------------------------------------
	 #1 (2.8501e-01, 3.1137e-06): lin 1 (0.0e+00)
	 #2 (2.5913e+03, 1.5452e-04): lin 1 (0.0e+00)
	 #3 (5.1478e+00, 2.6777e-06): lin 1 (0.0e+00)
-------------------------------------------------------------------------------------------------------------
 T = 48.5449, DT = 24.2724, NI = 3, LI = 3, RES = 5.8e-03 (2.5e-06), CFL=0.000 (ELAPSED 00:01:05 )
-------------------------------------------------------------------------------------------------------------
	 #1 (3.6602e-01, 5.1824e-06): lin 1 (0.0e+00)
	 #2 (1.2643e+04, 9.2136e-06): lin 1 (0.0e+00)
	 #3 (5.0581e+01, 1.2725e-05): lin 1 (0.0e+00)
	 #4 (1.2435e-02, 7.6335e-06): lin 1 (0.0e+00)
	 #5 (1.1995e-02, 7.6335e-06): lin 1 (0.0e+00)
	 #6 (1.2000e-02, 7.6335e-06): lin 1 (0.0e+00)
	 #7 (1.2000e-02, 7.6335e-06): lin 1 (0.0e+00)
FAILED TO CONVERGE WITH DT = 48.545 (newton residual reservoir) 
	 #1 (1.8301e-01, 2.5912e-06): lin 1 (0.0e+00)
	 #2 (2.7199e+03, 9.3565e-07): lin 1 (0.0e+00)
	 #3 (5.5506e+00, 2.4449e-06): lin 1 (0.0e+00)
-------------------------------------------------------------------------------------------------------------
 T = 72.8173, DT = 24.2724, NI = 3, LI = 3, RES = 5.8e-03 (2.5e-06), CFL=0.000 (ELAPSED 00:01:14 )
-------------------------------------------------------------------------------------------------------------
	 #1 (3.3247e-01, 4.8905e-06): lin 1 (0.0e+00)
	 #2 (9.9043e+03, 4.0247e-06): lin 1 (0.0e+00)
	 #3 (6.0967e+01, 5.1051e-06): lin 1 (0.0e+00)
	 #4 (1.1935e-02, 5.1050e-06): lin 1 (0.0e+00)
	 #5 (1.2018e-02, 5.1052e-06): lin 1 (0.0e+00)
	 #6 (1.1979e-02, 5.1050e-06): lin 1 (0.0e+00)
	 #7 (1.1986e-02, 5.1048e-06): lin 1 (0.0e+00)
	 #8 (1.1983e-02, 5.1051e-06): lin 1 (0.0e+00)
FAILED TO CONVERGE WITH DT = 48.545 (newton residual reservoir) 
	 #1 (1.6623e-01, 2.4453e-06): lin 1 (0.0e+00)
	 #2 (1.9914e+03, 4.1864e-06): lin 1 (0.0e+00)
	 #3 (6.2774e+00, 1.3638e-06): lin 1 (0.0e+00)
-------------------------------------------------------------------------------------------------------------
 T = 97.0897, DT = 24.2724, NI = 3, LI = 3, RES = 5.6e-03 (4.5e-07), CFL=0.000 (ELAPSED 00:01:25 )
-------------------------------------------------------------------------------------------------------------
	 #1 (3.0756e-01, 9.4402e-07): lin 1 (0.0e+00)
	 #2 (9.5313e+03, 2.4920e-06): lin 1 (0.0e+00)
	 #3 (3.7534e+01, 4.1670e-06): lin 1 (0.0e+00)
	 #4 (1.1110e-02, 6.3714e-06): lin 1 (0.0e+00)
	 #5 (1.1374e-02, 6.3714e-06): lin 1 (0.0e+00)
	 #6 (1.1403e-02, 6.3714e-06): lin 1 (0.0e+00)
	 #7 (1.1394e-02, 6.3714e-06): lin 1 (0.0e+00)
	 #8 (1.1374e-02, 6.3714e-06): lin 1 (0.0e+00)
	 #9 (1.1398e-02, 6.3714e-06): lin 1 (0.0e+00)
FAILED TO CONVERGE WITH DT = 48.545 (newton residual reservoir) 
	 #1 (1.5378e-01, 4.7201e-07): lin 1 (0.0e+00)
	 #2 (2.0600e+03, 5.4506e-06): lin 1 (0.0e+00)
	 #3 (5.2313e+00, 1.3551e-06): lin 1 (0.0e+00)
-------------------------------------------------------------------------------------------------------------
 T = 121.362, DT = 24.2724, NI = 3, LI = 3, RES = 5.9e-03 (5.5e-06), CFL=0.000 (ELAPSED 00:01:35 )
-------------------------------------------------------------------------------------------------------------
	 #1 (2.8753e-01, 1.0921e-05): lin 1 (0.0e+00)
	 #2 (8.4821e+03, 6.4628e-06): lin 1 (0.0e+00)
	 #3 (4.0479e+01, 9.3411e-06): lin 1 (0.0e+00)
	 #4 (1.1594e-02, 9.3571e-06): lin 1 (0.0e+00)
	 #5 (1.2126e-02, 1.1080e-05): lin 1 (0.0e+00)
	 #6 (1.2110e-02, 1.1080e-05): lin 1 (0.0e+00)
	 #7 (1.2136e-02, 1.1080e-05): lin 1 (0.0e+00)
	 #8 (1.2104e-02, 1.1080e-05): lin 1 (0.0e+00)
	 #9 (1.2110e-02, 1.1080e-05): lin 1 (0.0e+00)
	 #10 (1.2136e-02, 1.1080e-05): lin 1 (0.0e+00)
FAILED TO CONVERGE WITH DT = 48.545 (newton residual reservoir) 
	 #1 (1.4377e-01, 5.4604e-06): lin 1 (0.0e+00)
	 #2 (1.7329e+03, 2.4613e-06): lin 1 (0.0e+00)
	 #3 (5.3946e+00, 1.0241e-06): lin 1 (0.0e+00)
-------------------------------------------------------------------------------------------------------------
 T = 145.635, DT = 24.2724, NI = 3, LI = 3, RES = 5.6e-03 (1.5e-06), CFL=0.000 (ELAPSED 00:01:47 )
-------------------------------------------------------------------------------------------------------------
	 #1 (2.7064e-01, 2.9523e-06): lin 1 (0.0e+00)
	 #2 (8.6760e+03, 9.6091e-06): lin 1 (0.0e+00)
	 #3 (6.4935e+01, 1.0968e-06): lin 1 (0.0e+00)
	 #4 (1.2925e-02, 1.1276e-05): lin 1 (0.0e+00)
	 #5 (1.1475e-02, 1.1276e-05): lin 1 (0.0e+00)
	 #6 (1.1460e-02, 1.1276e-05): lin 1 (0.0e+00)
	 #7 (1.1471e-02, 1.1276e-05): lin 1 (0.0e+00)
	 #8 (1.1475e-02, 1.1276e-05): lin 1 (0.0e+00)
	 #9 (1.1453e-02, 1.1276e-05): lin 1 (0.0e+00)
FAILED TO CONVERGE WITH DT = 48.545 (newton residual reservoir) 
	 #1 (1.3532e-01, 1.4811e-06): lin 1 (0.0e+00)
	 #2 (1.9120e+03, 1.3328e-06): lin 1 (0.0e+00)
	 #3 (2.9695e+00, 5.8117e-06): lin 1 (0.0e+00)
-------------------------------------------------------------------------------------------------------------
 T = 169.907, DT = 24.2724, NI = 3, LI = 3, RES = 5.6e-03 (7.2e-07), CFL=0.000 (ELAPSED 00:01:58 )
-------------------------------------------------------------------------------------------------------------
	 #1 (2.5683e-01, 1.4422e-06): lin 1 (0.0e+00)
	 #2 (7.1019e+03, 9.7318e-06): lin 1 (0.0e+00)
	 #3 (2.7888e+01, 9.5111e-06): lin 1 (0.0e+00)
	 #4 (1.1703e-02, 9.5075e-06): lin 1 (0.0e+00)
	 #5 (1.1887e-02, 9.5114e-06): lin 1 (0.0e+00)
	 #6 (1.1874e-02, 9.5113e-06): lin 1 (0.0e+00)
	 #7 (1.1896e-02, 9.5113e-06): lin 1 (0.0e+00)
	 #8 (1.1887e-02, 9.5113e-06): lin 1 (0.0e+00)
FAILED TO CONVERGE WITH DT = 48.545 (newton residual reservoir) 
	 #1 (1.2842e-01, 7.2109e-07): lin 1 (0.0e+00)
	 #2 (1.1005e+03, 1.3365e-06): lin 1 (0.0e+00)
	 #3 (1.0626e+00, 4.0934e-06): lin 1 (0.0e+00)
-------------------------------------------------------------------------------------------------------------
 T = 194.179, DT = 24.2724, NI = 3, LI = 3, RES = 6.1e-03 (4.1e-06), CFL=0.000 (ELAPSED 00:02:10 )
-------------------------------------------------------------------------------------------------------------
	 #1 (2.4528e-01, 8.1759e-06): lin 1 (0.0e+00)
	 #2 (8.1878e+03, 5.8848e-06): lin 1 (0.0e+00)
	 #3 (3.2513e+01, 8.4007e-06): lin 1 (0.0e+00)
	 #4 (1.2045e-02, 2.9604e-06): lin 1 (0.0e+00)
	 #5 (1.2137e-02, 1.8871e-06): lin 1 (0.0e+00)
	 #6 (1.2132e-02, 1.8869e-06): lin 1 (0.0e+00)
	 #7 (1.2142e-02, 1.8871e-06): lin 1 (0.0e+00)
FAILED TO CONVERGE WITH DT = 48.545 (newton residual reservoir) 
	 #1 (1.2264e-01, 4.0879e-06): lin 1 (0.0e+00)
	 #2 (1.8946e+03, 2.9828e-06): lin 1 (0.0e+00)
	 #3 (4.2876e+00, 1.4929e-06): lin 1 (0.0e+00)
-------------------------------------------------------------------------------------------------------------
 T = 218.452, DT = 24.2724, NI = 3, LI = 3, RES = 5.8e-03 (4.1e-06), CFL=0.000 (ELAPSED 00:02:19 )
-------------------------------------------------------------------------------------------------------------
	 #1 (2.3476e-01, 8.1480e-06): lin 1 (0.0e+00)
	 #2 (5.0548e+03, 8.1893e-06): lin 1 (0.0e+00)
	 #3 (1.6073e+01, 6.4833e-06): lin 1 (0.0e+00)
	 #4 (1.1480e-02, 6.4764e-06): lin 1 (0.0e+00)
	 #5 (1.2476e-02, 6.4762e-06): lin 1 (0.0e+00)
	 #6 (1.2472e-02, 6.4762e-06): lin 1 (0.0e+00)
	 #7 (1.2481e-02, 6.4762e-06): lin 1 (0.0e+00)
FAILED TO CONVERGE WITH DT = 48.545 (newton residual reservoir) 
	 #1 (1.1738e-01, 4.0740e-06): lin 1 (0.0e+00)
	 #2 (7.3399e+02, 4.1374e-06): lin 1 (0.0e+00)
	 #3 (9.2184e-01, 6.6185e-06): lin 1 (0.0e+00)
-------------------------------------------------------------------------------------------------------------
 T = 242.724, DT = 24.2724, NI = 3, LI = 3, RES = 5.7e-03 (3.6e-06), CFL=0.000 (ELAPSED 00:02:29 )
-------------------------------------------------------------------------------------------------------------
	 #1 (2.2561e-01, 7.1595e-06): lin 1 (0.0e+00)
	 #2 (6.8656e+03, 2.6819e-06): lin 1 (0.0e+00)
	 #3 (1.7670e+01, 6.3326e-06): lin 1 (0.0e+00)
	 #4 (1.1766e-02, 6.3324e-06): lin 1 (0.0e+00)
	 #5 (1.1936e-02, 6.3324e-06): lin 1 (0.0e+00)
	 #6 (1.1924e-02, 6.3324e-06): lin 1 (0.0e+00)
	 #7 (1.1924e-02, 6.3324e-06): lin 1 (0.0e+00)
FAILED TO CONVERGE WITH DT = 48.545 (newton residual reservoir) 
	 #1 (1.1280e-01, 3.5798e-06): lin 1 (0.0e+00)
	 #2 (1.3464e+03, 4.7073e-06): lin 1 (0.0e+00)
	 #3 (1.5196e+00, 3.0645e-06): lin 1 (0.0e+00)
-------------------------------------------------------------------------------------------------------------
 T = 266.997, DT = 24.2724, NI = 3, LI = 3, RES = 6.4e-03 (3.1e-06), CFL=0.000 (ELAPSED 00:02:38 )
-------------------------------------------------------------------------------------------------------------
	 #1 (2.1773e-01, 6.3179e-06): lin 1 (0.0e+00)
	 #2 (4.2481e+03, 3.7549e-06): lin 1 (0.0e+00)
	 #3 (1.4217e+01, 4.3442e-06): lin 1 (0.0e+00)
	 #4 (1.1649e-02, 5.8373e-06): lin 1 (0.0e+00)
	 #5 (1.1710e-02, 5.8373e-06): lin 1 (0.0e+00)
	 #6 (1.1717e-02, 5.8373e-06): lin 1 (0.0e+00)
	 #7 (1.1707e-02, 5.8373e-06): lin 1 (0.0e+00)
FAILED TO CONVERGE WITH DT = 48.545 (newton residual reservoir) 
	 #1 (1.0886e-01, 3.1590e-06): lin 1 (0.0e+00)
	 #2 (7.8342e+02, 1.4933e-06): lin 1 (0.0e+00)
	 #3 (1.2749e+00, 1.9748e-06): lin 1 (0.0e+00)
-------------------------------------------------------------------------------------------------------------
 T = 291.269, DT = 24.2724, NI = 3, LI = 3, RES = 6.3e-03 (3.2e-06), CFL=0.000 (ELAPSED 00:02:47 )
-------------------------------------------------------------------------------------------------------------
	 #1 (2.1054e-01, 6.5326e-06): lin 1 (0.0e+00)
	 #2 (5.8870e+03, 4.7528e-06): lin 1 (0.0e+00)
	 #3 (1.2843e+01, 6.2906e-06): lin 1 (0.0e+00)
	 #4 (1.1948e-02, 3.8893e-06): lin 1 (0.0e+00)
	 #5 (1.2030e-02, 3.8890e-06): lin 1 (0.0e+00)
	 #6 (1.2053e-02, 3.8891e-06): lin 1 (0.0e+00)
	 #7 (1.2058e-02, 3.8891e-06): lin 1 (0.0e+00)
	 #8 (1.2030e-02, 3.8889e-06): lin 1 (0.0e+00)
	 #9 (1.2050e-02, 3.8891e-06): lin 1 (0.0e+00)
FAILED TO CONVERGE WITH DT = 48.545 (newton residual reservoir) 
	 #1 (1.0527e-01, 3.2663e-06): lin 1 (0.0e+00)
	 #2 (1.0809e+03, 1.8729e-06): lin 1 (0.0e+00)
	 #3 (1.0313e+00, 2.6707e-06): lin 1 (0.0e+00)
-------------------------------------------------------------------------------------------------------------
 T = 315.542, DT = 24.2724, NI = 3, LI = 3, RES = 5.9e-03 (2.6e-06), CFL=0.000 (ELAPSED 00:02:58 )
-------------------------------------------------------------------------------------------------------------
	 #1 (2.0390e-01, 5.0880e-06): lin 1 (0.0e+00)
	 #2 (4.8880e+03, 4.9330e-06): lin 1 (0.0e+00)
	 #3 (1.1964e+01, 2.7313e-06): lin 1 (0.0e+00)
	 #4 (1.2243e-02, 9.0461e-06): lin 1 (0.0e+00)
	 #5 (1.2276e-02, 9.0461e-06): lin 1 (0.0e+00)
	 #6 (1.2277e-02, 9.0460e-06): lin 1 (0.0e+00)
	 #7 (1.2279e-02, 9.0461e-06): lin 1 (0.0e+00)
FAILED TO CONVERGE WITH DT = 48.545 (newton residual reservoir) 
	 #1 (1.0195e-01, 2.5440e-06): lin 1 (0.0e+00)
	 #2 (1.0330e+03, 2.9751e-06): lin 1 (0.0e+00)
	 #3 (1.2114e+00, 1.4977e-06): lin 1 (0.0e+00)
-------------------------------------------------------------------------------------------------------------
 T = 339.814, DT = 24.2724, NI = 3, LI = 3, RES = 5.9e-03 (1.5e-06), CFL=0.000 (ELAPSED 00:03:07 )
-------------------------------------------------------------------------------------------------------------
	 #1 (1.9791e-01, 2.9244e-06): lin 1 (0.0e+00)
	 #2 (5.4469e+03, 2.4450e-06): lin 1 (0.0e+00)
	 #3 (1.4594e+01, 6.6855e-06): lin 1 (0.0e+00)
	 #4 (1.1124e-02, 6.8119e-06): lin 1 (0.0e+00)
	 #5 (1.1281e-02, 6.8117e-06): lin 1 (0.0e+00)
	 #6 (1.1299e-02, 6.8118e-06): lin 1 (0.0e+00)
	 #7 (1.1231e-02, 6.8118e-06): lin 1 (0.0e+00)
	 #8 (1.1279e-02, 6.8118e-06): lin 1 (0.0e+00)
	 #9 (1.1299e-02, 6.8118e-06): lin 1 (0.0e+00)
	 #10 (1.1303e-02, 6.8118e-06): lin 1 (0.0e+00)
	 #11 (1.1281e-02, 6.8118e-06): lin 1 (0.0e+00)
FAILED TO CONVERGE WITH DT = 48.545 (newton residual reservoir) 
	 #1 (9.8955e-02, 1.4638e-06): lin 1 (0.0e+00)
	 #2 (1.0623e+03, 4.7698e-06): lin 1 (0.0e+00)
	 #3 (1.4285e+00, 5.5115e-06): lin 1 (0.0e+00)
-------------------------------------------------------------------------------------------------------------
 T = 364.087, DT = 24.2724, NI = 3, LI = 3, RES = 6.0e-03 (4.7e-06), CFL=0.000 (ELAPSED 00:03:20 )
-------------------------------------------------------------------------------------------------------------
	 #1 (1.9251e-01, 9.4457e-06): lin 1 (0.0e+00)
	 #2 (4.4914e+03, 2.6445e-06): lin 1 (0.0e+00)
	 #3 (1.0867e+01, 7.3639e-06): lin 1 (0.0e+00)
	 #4 (1.1724e-02, 7.3635e-06): lin 1 (0.0e+00)
	 #5 (1.1707e-02, 7.3636e-06): lin 1 (0.0e+00)
	 #6 (1.1720e-02, 7.3636e-06): lin 1 (0.0e+00)
	 #7 (1.1720e-02, 7.3637e-06): lin 1 (0.0e+00)
	 #8 (1.1707e-02, 7.3636e-06): lin 1 (0.0e+00)
FAILED TO CONVERGE WITH DT = 48.545 (newton residual reservoir) 
	 #1 (9.6254e-02, 4.7229e-06): lin 1 (0.0e+00)
	 #2 (9.3314e+02, 4.3134e-06): lin 1 (0.0e+00)
	 #3 (9.3976e-01, 1.1949e-06): lin 1 (0.0e+00)
-------------------------------------------------------------------------------------------------------------
 T = 388.359, DT = 24.2724, NI = 3, LI = 3, RES = 6.0e-03 (6.3e-06), CFL=0.000 (ELAPSED 00:03:30 )
-------------------------------------------------------------------------------------------------------------
	 #1 (1.8750e-01, 1.2694e-05): lin 1 (0.0e+00)
	 #2 (3.1797e+03, 1.1675e-05): lin 1 (0.0e+00)
	 #3 (6.1007e+00, 7.0161e-06): lin 1 (0.0e+00)
	 #4 (1.2226e-02, 7.0074e-06): lin 1 (0.0e+00)
	 #5 (1.2261e-02, 7.0072e-06): lin 1 (0.0e+00)
	 #6 (1.2239e-02, 7.0076e-06): lin 1 (0.0e+00)
	 #7 (1.2212e-02, 7.0072e-06): lin 1 (0.0e+00)
	 #8 (1.2237e-02, 7.0077e-06): lin 1 (0.0e+00)
FAILED TO CONVERGE WITH DT = 48.545 (newton residual reservoir) 
	 #1 (9.3749e-02, 6.3472e-06): lin 1 (0.0e+00)
	 #2 (3.3190e+02, 3.1240e-06): lin 1 (0.0e+00)
	 #3 (1.1630e-01, 9.7757e-08): lin 1 (0.0e+00)
-------------------------------------------------------------------------------------------------------------
 T = 412.631, DT = 24.2724, NI = 3, LI = 3, RES = 5.6e-03 (1.4e-06), CFL=0.000 (ELAPSED 00:03:40 )
-------------------------------------------------------------------------------------------------------------
	 #1 (1.8296e-01, 2.7352e-06): lin 1 (0.0e+00)
	 #2 (4.4267e+03, 1.1778e-05): lin 1 (0.0e+00)
	 #3 (1.4028e+01, 8.5628e-06): lin 1 (0.0e+00)
	 #4 (1.1607e-02, 2.8445e-06): lin 1 (0.0e+00)
	 #5 (1.1639e-02, 2.8445e-06): lin 1 (0.0e+00)
	 #6 (1.1681e-02, 2.8446e-06): lin 1 (0.0e+00)
	 #7 (1.1679e-02, 2.8445e-06): lin 1 (0.0e+00)
	 #8 (1.1678e-02, 2.8445e-06): lin 1 (0.0e+00)
FAILED TO CONVERGE WITH DT = 48.545 (newton residual reservoir) 
	 #1 (9.1478e-02, 1.3684e-06): lin 1 (0.0e+00)
	 #2 (9.8360e+02, 2.3338e-06): lin 1 (0.0e+00)
	 #3 (1.7866e+00, 5.6243e-06): lin 1 (0.0e+00)
-------------------------------------------------------------------------------------------------------------
 T = 436.904, DT = 24.2724, NI = 3, LI = 3, RES = 6.2e-03 (5.3e-07), CFL=0.000 (ELAPSED 00:03:50 )
-------------------------------------------------------------------------------------------------------------
	 #1 (1.7887e-01, 1.2266e-06): lin 1 (0.0e+00)
	 #2 (4.3043e+03, 4.0534e-06): lin 1 (0.0e+00)
	 #3 (1.3710e+01, 2.6452e-06): lin 1 (0.0e+00)
	 #4 (1.1677e-02, 9.6303e-06): lin 1 (0.0e+00)
	 #5 (1.1655e-02, 9.6302e-06): lin 1 (0.0e+00)
	 #6 (1.1640e-02, 9.6305e-06): lin 1 (0.0e+00)
	 #7 (1.1625e-02, 9.6304e-06): lin 1 (0.0e+00)
	 #8 (1.1652e-02, 9.6305e-06): lin 1 (0.0e+00)
	 #9 (1.1619e-02, 9.6304e-06): lin 1 (0.0e+00)
	 #10 (1.1625e-02, 9.6305e-06): lin 1 (0.0e+00)
	 #11 (1.1654e-02, 9.6304e-06): lin 1 (0.0e+00)
FAILED TO CONVERGE WITH DT = 48.545 (newton residual reservoir) 
	 #1 (8.9435e-02, 6.1329e-07): lin 1 (0.0e+00)
	 #2 (7.8005e+02, 5.2880e-06): lin 1 (0.0e+00)
	 #3 (1.4529e+00, 3.9743e-06): lin 1 (0.0e+00)
-------------------------------------------------------------------------------------------------------------
 T = 461.176, DT = 24.2724, NI = 3, LI = 3, RES = 6.1e-03 (4.0e-06), CFL=0.000 (ELAPSED 00:04:03 )
-------------------------------------------------------------------------------------------------------------
	 #1 (1.7491e-01, 7.7772e-06): lin 1 (0.0e+00)
	 #2 (3.7522e+03, 1.1690e-05): lin 1 (0.0e+00)
	 #3 (8.6302e+00, 3.1814e-06): lin 1 (0.0e+00)
	 #4 (1.1414e-02, 7.4807e-06): lin 1 (0.0e+00)
	 #5 (1.1425e-02, 7.4809e-06): lin 1 (0.0e+00)
	 #6 (1.1420e-02, 7.4807e-06): lin 1 (0.0e+00)
FAILED TO CONVERGE WITH DT = 48.545 (newton residual reservoir) 
	 #1 (8.7454e-02, 3.8886e-06): lin 1 (0.0e+00)
	 #2 (6.2453e+02, 3.8989e-06): lin 1 (0.0e+00)
	 #3 (8.9793e-01, 6.5860e-06): lin 1 (0.0e+00)
-------------------------------------------------------------------------------------------------------------
 T = 485.449, DT = 24.2724, NI = 3, LI = 3, RES = 5.8e-03 (1.5e-06), CFL=0.000 (ELAPSED 00:04:11 )
-------------------------------------------------------------------------------------------------------------
	 #1 (1.7119e-01, 3.1837e-06): lin 1 (0.0e+00)
	 #2 (3.1713e+03, 1.1783e-05): lin 1 (0.0e+00)
	 #3 (7.4246e+00, 4.9475e-06): lin 1 (0.0e+00)
	 #4 (1.2062e-02, 5.2320e-06): lin 1 (0.0e+00)
	 #5 (1.2069e-02, 5.2319e-06): lin 1 (0.0e+00)
	 #6 (1.2069e-02, 5.2319e-06): lin 1 (0.0e+00)
	 #7 (1.2099e-02, 5.2319e-06): lin 1 (0.0e+00)
	 #8 (1.2082e-02, 5.2319e-06): lin 1 (0.0e+00)
FAILED TO CONVERGE WITH DT = 48.545 (newton residual reservoir) 
	 #1 (8.5595e-02, 1.5919e-06): lin 1 (0.0e+00)
	 #2 (6.1624e+02, 3.0385e-06): lin 1 (0.0e+00)
	 #3 (8.6998e-01, 4.3631e-06): lin 1 (0.0e+00)
-------------------------------------------------------------------------------------------------------------
 T = 509.721, DT = 24.2724, NI = 3, LI = 3, RES = 5.8e-03 (5.8e-06), CFL=0.000 (ELAPSED 00:04:21 )
-------------------------------------------------------------------------------------------------------------
	 #1 (1.6771e-01, 1.1423e-05): lin 1 (0.0e+00)
	 #2 (3.7596e+03, 8.9340e-08): lin 1 (0.0e+00)
	 #3 (9.5403e+00, 3.5939e-06): lin 1 (0.0e+00)
	 #4 (1.1511e-02, 6.8515e-06): lin 1 (0.0e+00)
	 #5 (1.1674e-02, 6.8515e-06): lin 1 (0.0e+00)
	 #6 (1.1691e-02, 6.8513e-06): lin 1 (0.0e+00)
	 #7 (1.1684e-02, 6.8515e-06): lin 1 (0.0e+00)
FAILED TO CONVERGE WITH DT = 48.545 (newton residual reservoir) 
	 #1 (8.3855e-02, 5.7116e-06): lin 1 (0.0e+00)
	 #2 (6.8964e+02, 2.8516e-06): lin 1 (0.0e+00)
	 #3 (8.0436e-01, 6.4900e-06): lin 1 (0.0e+00)
-------------------------------------------------------------------------------------------------------------
 T = 533.994, DT = 24.2724, NI = 3, LI = 3, RES = 5.7e-03 (6.5e-06), CFL=0.000 (ELAPSED 00:04:30 )
-------------------------------------------------------------------------------------------------------------
	 #1 (1.6448e-01, 1.2753e-05): lin 1 (0.0e+00)
	 #2 (3.9413e+03, 5.7993e-06): lin 1 (0.0e+00)
	 #3 (7.6330e+00, 1.3878e-06): lin 1 (0.0e+00)
	 #4 (1.1727e-02, 1.1567e-05): lin 1 (0.0e+00)
	 #5 (1.1823e-02, 1.1567e-05): lin 1 (0.0e+00)
	 #6 (1.1827e-02, 1.1567e-05): lin 1 (0.0e+00)
	 #7 (1.1796e-02, 1.1567e-05): lin 1 (0.0e+00)
	 #8 (1.1823e-02, 1.1567e-05): lin 1 (0.0e+00)
FAILED TO CONVERGE WITH DT = 48.545 (newton residual reservoir) 
	 #1 (8.2238e-02, 6.3766e-06): lin 1 (0.0e+00)
	 #2 (8.3278e+02, 3.5347e-07): lin 1 (0.0e+00)
	 #3 (8.2412e-01, 2.9039e-06): lin 1 (0.0e+00)
-------------------------------------------------------------------------------------------------------------
 T = 558.266, DT = 24.2724, NI = 3, LI = 3, RES = 6.0e-03 (2.9e-06), CFL=0.000 (ELAPSED 00:04:40 )
-------------------------------------------------------------------------------------------------------------
	 #1 (1.6150e-01, 5.5692e-06): lin 1 (0.0e+00)
	 #2 (2.8607e+03, 3.0426e-06): lin 1 (0.0e+00)
	 #3 (9.4561e+00, 9.7766e-08): lin 1 (0.0e+00)
	 #4 (1.1862e-02, 2.7297e-06): lin 1 (0.0e+00)
	 #5 (1.1933e-02, 2.7298e-06): lin 1 (0.0e+00)
	 #6 (1.1912e-02, 2.7298e-06): lin 1 (0.0e+00)
	 #7 (1.1934e-02, 2.7298e-06): lin 1 (0.0e+00)
	 #8 (1.1919e-02, 2.7298e-06): lin 1 (0.0e+00)
	 #9 (1.1912e-02, 2.7298e-06): lin 1 (0.0e+00)
FAILED TO CONVERGE WITH DT = 48.545 (newton residual reservoir) 
	 #1 (8.0748e-02, 2.7846e-06): lin 1 (0.0e+00)
	 #2 (4.9517e+02, 4.2603e-06): lin 1 (0.0e+00)
	 #3 (1.1191e+00, 6.5737e-06): lin 1 (0.0e+00)
-------------------------------------------------------------------------------------------------------------
 T = 582.538, DT = 24.2724, NI = 3, LI = 3, RES = 6.1e-03 (3.6e-06), CFL=0.000 (ELAPSED 00:04:51 )
-------------------------------------------------------------------------------------------------------------
	 #1 (1.5865e-01, 6.9476e-06): lin 1 (0.0e+00)
	 #2 (3.5072e+03, 1.4548e-05): lin 1 (0.0e+00)
	 #3 (6.8850e+00, 3.1445e-06): lin 1 (0.0e+00)
	 #4 (1.1832e-02, 1.2918e-05): lin 1 (0.0e+00)
	 #5 (1.1845e-02, 1.2918e-05): lin 1 (0.0e+00)
	 #6 (1.1856e-02, 1.2918e-05): lin 1 (0.0e+00)
	 #7 (1.1847e-02, 1.2918e-05): lin 1 (0.0e+00)
FAILED TO CONVERGE WITH DT = 48.545 (newton residual reservoir) 
	 #1 (7.9327e-02, 3.4738e-06): lin 1 (0.0e+00)
	 #2 (7.5175e+02, 8.7118e-08): lin 1 (0.0e+00)
	 #3 (7.7134e-01, 5.7628e-06): lin 1 (0.0e+00)
-------------------------------------------------------------------------------------------------------------
 T = 606.811, DT = 24.2724, NI = 3, LI = 3, RES = 5.8e-03 (1.4e-06), CFL=0.000 (ELAPSED 00:05:01 )
-------------------------------------------------------------------------------------------------------------
	 #1 (1.5592e-01, 2.6454e-06): lin 1 (0.0e+00)
	 #2 (3.2333e+03, 4.3304e-06): lin 1 (0.0e+00)
	 #3 (4.3687e+00, 3.4044e-06): lin 1 (0.0e+00)
	 #4 (1.1248e-02, 3.1209e-06): lin 1 (0.0e+00)
	 #5 (1.1402e-02, 3.1208e-06): lin 1 (0.0e+00)
	 #6 (1.1377e-02, 3.1208e-06): lin 1 (0.0e+00)
	 #7 (1.1377e-02, 3.1208e-06): lin 1 (0.0e+00)
	 #8 (1.1374e-02, 3.1208e-06): lin 1 (0.0e+00)
FAILED TO CONVERGE WITH DT = 48.545 (newton residual reservoir) 
	 #1 (7.7959e-02, 1.3250e-06): lin 1 (0.0e+00)
	 #2 (5.5494e+02, 1.5368e-06): lin 1 (0.0e+00)
	 #3 (2.7340e-01, 3.7603e-06): lin 1 (0.0e+00)
-------------------------------------------------------------------------------------------------------------
 T = 631.083, DT = 24.2724, NI = 3, LI = 3, RES = 5.7e-03 (1.6e-06), CFL=0.000 (ELAPSED 00:05:11 )
-------------------------------------------------------------------------------------------------------------
	 #1 (1.5340e-01, 3.5560e-06): lin 1 (0.0e+00)
	 #2 (2.1267e+03, 8.6178e-07): lin 1 (0.0e+00)
	 #3 (7.0778e+00, 2.6104e-06): lin 1 (0.0e+00)
	 #4 (1.1578e-02, 1.0228e-05): lin 1 (0.0e+00)
	 #5 (1.1579e-02, 1.0228e-05): lin 1 (0.0e+00)
	 #6 (1.1579e-02, 1.0228e-05): lin 1 (0.0e+00)
FAILED TO CONVERGE WITH DT = 48.545 (newton residual reservoir) 
	 #1 (7.6698e-02, 1.7843e-06): lin 1 (0.0e+00)
	 #2 (4.3481e+02, 1.3711e-06): lin 1 (0.0e+00)
	 #3 (8.3505e-01, 3.8083e-06): lin 1 (0.0e+00)
-------------------------------------------------------------------------------------------------------------
 T = 655.356, DT = 24.2724, NI = 3, LI = 3, RES = 5.7e-03 (1.3e-06), CFL=0.000 (ELAPSED 00:05:19 )
-------------------------------------------------------------------------------------------------------------
	 #1 (1.5103e-01, 2.8852e-06): lin 1 (0.0e+00)
	 #2 (2.1826e+03, 6.9581e-06): lin 1 (0.0e+00)
	 #3 (2.4915e+00, 2.8491e-06): lin 1 (0.0e+00)
	 #4 (1.1629e-02, 2.7240e-06): lin 1 (0.0e+00)
	 #5 (1.1605e-02, 2.7241e-06): lin 1 (0.0e+00)
	 #6 (1.1604e-02, 2.7241e-06): lin 1 (0.0e+00)
	 #7 (1.1584e-02, 2.7242e-06): lin 1 (0.0e+00)
	 #8 (1.1584e-02, 2.7242e-06): lin 1 (0.0e+00)
	 #9 (1.1604e-02, 2.7242e-06): lin 1 (0.0e+00)
	 #10 (1.1584e-02, 2.7242e-06): lin 1 (0.0e+00)
FAILED TO CONVERGE WITH DT = 48.545 (newton residual reservoir) 
	 #1 (7.5514e-02, 1.4426e-06): lin 1 (0.0e+00)
	 #2 (4.2158e+02, 1.3061e-06): lin 1 (0.0e+00)
	 #3 (2.3831e-01, 4.7964e-07): lin 1 (0.0e+00)
-------------------------------------------------------------------------------------------------------------
 T = 679.628, DT = 24.2724, NI = 3, LI = 3, RES = 5.7e-03 (1.3e-06), CFL=0.000 (ELAPSED 00:05:31 )
-------------------------------------------------------------------------------------------------------------
	 #1 (1.4870e-01, 2.6107e-06): lin 1 (0.0e+00)
	 #2 (2.5942e+03, 4.4806e-06): lin 1 (0.0e+00)
	 #3 (4.8817e+00, 7.2609e-06): lin 1 (0.0e+00)
	 #4 (1.1313e-02, 7.2608e-06): lin 1 (0.0e+00)
	 #5 (1.1353e-02, 7.2607e-06): lin 1 (0.0e+00)
	 #6 (1.1371e-02, 7.2606e-06): lin 1 (0.0e+00)
	 #7 (1.1351e-02, 7.2606e-06): lin 1 (0.0e+00)
	 #8 (1.1350e-02, 7.2607e-06): lin 1 (0.0e+00)
FAILED TO CONVERGE WITH DT = 48.545 (newton residual reservoir) 
	 #1 (7.4349e-02, 1.3060e-06): lin 1 (0.0e+00)
	 #2 (5.1129e+02, 7.1707e-07): lin 1 (0.0e+00)
	 #3 (4.5806e-01, 4.9987e-06): lin 1 (0.0e+00)
-------------------------------------------------------------------------------------------------------------
 T = 703.901, DT = 24.2724, NI = 3, LI = 3, RES = 5.6e-03 (1.4e-06), CFL=0.000 (ELAPSED 00:05:41 )
-------------------------------------------------------------------------------------------------------------
	 #1 (1.4645e-01, 2.8421e-06): lin 1 (0.0e+00)
	 #2 (3.4160e+03, 5.4333e-06): lin 1 (0.0e+00)
	 #3 (4.7605e+00, 3.1171e-06): lin 1 (0.0e+00)
	 #4 (1.1606e-02, 1.2840e-05): lin 1 (0.0e+00)
	 #5 (1.1633e-02, 1.2840e-05): lin 1 (0.0e+00)
	 #6 (1.1634e-02, 1.2840e-05): lin 1 (0.0e+00)
	 #7 (1.1621e-02, 1.2840e-05): lin 1 (0.0e+00)
	 #8 (1.1633e-02, 1.2840e-05): lin 1 (0.0e+00)
FAILED TO CONVERGE WITH DT = 48.545 (newton residual reservoir) 
	 #1 (7.3227e-02, 1.4256e-06): lin 1 (0.0e+00)
	 #2 (7.0744e+02, 3.7694e-06): lin 1 (0.0e+00)
	 #3 (4.8576e-01, 6.5813e-06): lin 1 (0.0e+00)
-------------------------------------------------------------------------------------------------------------
 T = 728.173, DT = 24.2724, NI = 3, LI = 3, RES = 5.9e-03 (1.7e-06), CFL=0.000 (ELAPSED 00:05:51 )
-------------------------------------------------------------------------------------------------------------
	 #1 (1.4434e-01, 3.7095e-06): lin 1 (0.0e+00)
	 #2 (2.4726e+03, 9.7408e-06): lin 1 (0.0e+00)
	 #3 (2.1228e+00, 7.5284e-06): lin 1 (0.0e+00)
	 #4 (1.1285e-02, 3.1484e-06): lin 1 (0.0e+00)
	 #5 (1.1270e-02, 3.1484e-06): lin 1 (0.0e+00)
	 #6 (1.1270e-02, 3.1483e-06): lin 1 (0.0e+00)
	 #7 (1.1273e-02, 3.1484e-06): lin 1 (0.0e+00)
FAILED TO CONVERGE WITH DT = 48.545 (newton residual reservoir) 
	 #1 (7.2170e-02, 1.8581e-06): lin 1 (0.0e+00)
	 #2 (3.5528e+02, 3.6551e-06): lin 1 (0.0e+00)
	 #3 (6.8485e-02, 4.7974e-06): lin 1 (0.0e+00)
-------------------------------------------------------------------------------------------------------------
 T = 752.446, DT = 24.2724, NI = 3, LI = 3, RES = 5.9e-03 (4.8e-06), CFL=0.000 (ELAPSED 00:06:00 )
-------------------------------------------------------------------------------------------------------------
	 #1 (1.4238e-01, 9.1905e-06): lin 1 (0.0e+00)
	 #2 (2.4883e+03, 6.8286e-06): lin 1 (0.0e+00)
	 #3 (6.7553e+00, 7.6120e-06): lin 1 (0.0e+00)
	 #4 (1.1601e-02, 3.1172e-06): lin 1 (0.0e+00)
	 #5 (1.1574e-02, 3.1173e-06): lin 1 (0.0e+00)
	 #6 (1.1565e-02, 3.1172e-06): lin 1 (0.0e+00)
	 #7 (1.1564e-02, 3.1173e-06): lin 1 (0.0e+00)
	 #8 (1.1561e-02, 3.1172e-06): lin 1 (0.0e+00)
FAILED TO CONVERGE WITH DT = 48.545 (newton residual reservoir) 
	 #1 (7.1188e-02, 4.5952e-06): lin 1 (0.0e+00)
	 #2 (4.6458e+02, 2.3665e-06): lin 1 (0.0e+00)
	 #3 (7.6005e-01, 7.0241e-06): lin 1 (0.0e+00)
-------------------------------------------------------------------------------------------------------------
 T = 776.718, DT = 24.2724, NI = 3, LI = 3, RES = 5.8e-03 (3.2e-06), CFL=0.000 (ELAPSED 00:06:11 )
-------------------------------------------------------------------------------------------------------------
	 #1 (1.4046e-01, 6.8779e-06): lin 1 (0.0e+00)
	 #2 (2.7029e+03, 1.1460e-05): lin 1 (0.0e+00)
	 #3 (3.8393e+00, 1.3964e-05): lin 1 (0.0e+00)
	 #4 (1.0882e-02, 3.9604e-06): lin 1 (0.0e+00)
	 #5 (1.0898e-02, 3.9603e-06): lin 1 (0.0e+00)
	 #6 (1.0879e-02, 3.9603e-06): lin 1 (0.0e+00)
	 #7 (1.0874e-02, 3.9603e-06): lin 1 (0.0e+00)
FAILED TO CONVERGE WITH DT = 48.545 (newton residual reservoir) 
	 #1 (7.0228e-02, 3.4390e-06): lin 1 (0.0e+00)
	 #2 (5.2647e+02, 1.6035e-06): lin 1 (0.0e+00)
	 #3 (3.9087e-01, 5.6914e-06): lin 1 (0.0e+00)
-------------------------------------------------------------------------------------------------------------
 T = 800.99, DT = 24.2724, NI = 3, LI = 3, RES = 5.7e-03 (5.7e-07), CFL=0.000 (ELAPSED 00:06:22 )
-------------------------------------------------------------------------------------------------------------
	 #1 (1.3860e-01, 1.5839e-06): lin 1 (0.0e+00)
	 #2 (3.1204e+03, 4.5205e-06): lin 1 (0.0e+00)
	 #3 (4.6131e+00, 2.6327e-06): lin 1 (0.0e+00)
	 #4 (1.1724e-02, 2.7807e-06): lin 1 (0.0e+00)
	 #5 (1.1696e-02, 2.7807e-06): lin 1 (0.0e+00)
	 #6 (1.1738e-02, 2.7807e-06): lin 1 (0.0e+00)
	 #7 (1.1728e-02, 2.7807e-06): lin 1 (0.0e+00)
FAILED TO CONVERGE WITH DT = 48.545 (newton residual reservoir) 
	 #1 (6.9298e-02, 7.9197e-07): lin 1 (0.0e+00)
	 #2 (6.3441e+02, 2.1446e-06): lin 1 (0.0e+00)
	 #3 (4.6457e-01, 6.8561e-06): lin 1 (0.0e+00)
-------------------------------------------------------------------------------------------------------------
 T = 825.263, DT = 24.2724, NI = 3, LI = 3, RES = 6.2e-03 (3.4e-06), CFL=0.000 (ELAPSED 00:06:31 )
-------------------------------------------------------------------------------------------------------------
	 #1 (1.3701e-01, 6.3697e-06): lin 1 (0.0e+00)
	 #2 (2.0019e+03, 2.8021e-06): lin 1 (0.0e+00)
	 #3 (2.2861e+00, 3.5653e-06): lin 1 (0.0e+00)
	 #4 (1.1848e-02, 6.9908e-06): lin 1 (0.0e+00)
	 #5 (1.1869e-02, 6.9912e-06): lin 1 (0.0e+00)
	 #6 (1.1835e-02, 6.9911e-06): lin 1 (0.0e+00)
	 #7 (1.1888e-02, 6.9911e-06): lin 1 (0.0e+00)
	 #8 (1.1871e-02, 6.9911e-06): lin 1 (0.0e+00)
	 #9 (1.1830e-02, 6.9911e-06): lin 1 (0.0e+00)
	 #10 (1.1891e-02, 6.9911e-06): lin 1 (0.0e+00)
	 #11 (1.1902e-02, 6.9911e-06): lin 1 (0.0e+00)
	 #12 (1.1835e-02, 6.9911e-06): lin 1 (0.0e+00)
FAILED TO CONVERGE WITH DT = 48.545 (newton residual reservoir) 
	 #1 (6.8504e-02, 3.1849e-06): lin 1 (0.0e+00)
	 #2 (4.1994e+02, 5.4649e-06): lin 1 (0.0e+00)
	 #3 (2.8008e-01, 4.8484e-06): lin 1 (0.0e+00)
-------------------------------------------------------------------------------------------------------------
 T = 849.535, DT = 24.2724, NI = 3, LI = 3, RES = 5.8e-03 (5.3e-06), CFL=0.000 (ELAPSED 00:06:45 )
-------------------------------------------------------------------------------------------------------------
	 #1 (1.3527e-01, 1.0160e-05): lin 1 (0.0e+00)
	 #2 (2.0385e+03, 6.0443e-06): lin 1 (0.0e+00)
	 #3 (8.1113e-01, 8.9256e-06): lin 1 (0.0e+00)
	 #4 (1.1256e-02, 8.9256e-06): lin 1 (0.0e+00)
	 #5 (1.1242e-02, 8.9256e-06): lin 1 (0.0e+00)
	 #6 (1.1266e-02, 8.9255e-06): lin 1 (0.0e+00)
	 #7 (1.1290e-02, 8.9255e-06): lin 1 (0.0e+00)
	 #8 (1.1236e-02, 8.9254e-06): lin 1 (0.0e+00)
	 #9 (1.1280e-02, 8.9255e-06): lin 1 (0.0e+00)
	 #10 (1.1291e-02, 8.9254e-06): lin 1 (0.0e+00)
	 #11 (1.1259e-02, 8.9255e-06): lin 1 (0.0e+00)
FAILED TO CONVERGE WITH DT = 48.545 (newton residual reservoir) 
	 #1 (6.7637e-02, 5.0801e-06): lin 1 (0.0e+00)
	 #2 (3.4648e+02, 3.6357e-06): lin 1 (0.0e+00)
	 #3 (6.5301e-02, 2.3774e-06): lin 1 (0.0e+00)
-------------------------------------------------------------------------------------------------------------
 T = 873.808, DT = 24.2724, NI = 3, LI = 3, RES = 5.9e-03 (2.7e-06), CFL=0.000 (ELAPSED 00:06:57 )
-------------------------------------------------------------------------------------------------------------
	 #1 (1.3363e-01, 5.9508e-06): lin 1 (0.0e+00)
	 #2 (1.9371e+03, 7.6996e-07): lin 1 (0.0e+00)
	 #3 (2.5725e+00, 5.2337e-06): lin 1 (0.0e+00)
	 #4 (1.2053e-02, 5.4095e-06): lin 1 (0.0e+00)
	 #5 (1.2095e-02, 5.4092e-06): lin 1 (0.0e+00)
	 #6 (1.2131e-02, 5.4093e-06): lin 1 (0.0e+00)
	 #7 (1.2113e-02, 5.4092e-06): lin 1 (0.0e+00)
	 #8 (1.2117e-02, 5.4093e-06): lin 1 (0.0e+00)
	 #9 (1.2130e-02, 5.4092e-06): lin 1 (0.0e+00)
FAILED TO CONVERGE WITH DT = 48.545 (newton residual reservoir) 
	 #1 (6.6815e-02, 2.9754e-06): lin 1 (0.0e+00)
	 #2 (2.3921e+02, 5.3241e-06): lin 1 (0.0e+00)
	 #3 (1.8118e-01, 5.9328e-06): lin 1 (0.0e+00)
-------------------------------------------------------------------------------------------------------------
 T = 898.08, DT = 24.2724, NI = 3, LI = 3, RES = 5.9e-03 (1.4e-06), CFL=0.000 (ELAPSED 00:07:09 )
-------------------------------------------------------------------------------------------------------------
	 #1 (1.3209e-01, 3.2740e-06): lin 1 (0.0e+00)
	 #2 (2.1585e+03, 6.8124e-06): lin 1 (0.0e+00)
	 #3 (2.7363e+00, 1.0730e-05): lin 1 (0.0e+00)
	 #4 (1.1793e-02, 2.6110e-06): lin 1 (0.0e+00)
	 #5 (1.1796e-02, 2.6110e-06): lin 1 (0.0e+00)
	 #6 (1.1800e-02, 2.6110e-06): lin 1 (0.0e+00)
FAILED TO CONVERGE WITH DT = 48.545 (newton residual reservoir) 
	 #1 (6.6044e-02, 1.6377e-06): lin 1 (0.0e+00)
	 #2 (3.9848e+02, 2.9443e-06): lin 1 (0.0e+00)
	 #3 (1.9605e-01, 1.6351e-06): lin 1 (0.0e+00)
-------------------------------------------------------------------------------------------------------------
 T = 922.353, DT = 24.2724, NI = 3, LI = 3, RES = 6.2e-03 (3.7e-06), CFL=0.000 (ELAPSED 00:07:18 )
-------------------------------------------------------------------------------------------------------------
	 #1 (1.3062e-01, 6.7389e-06): lin 1 (0.0e+00)
	 #2 (1.7959e+03, 2.7723e-06): lin 1 (0.0e+00)
	 #3 (3.2961e+00, 5.4369e-06): lin 1 (0.0e+00)
	 #4 (1.1415e-02, 5.4368e-06): lin 1 (0.0e+00)
	 #5 (1.1416e-02, 5.4368e-06): lin 1 (0.0e+00)
	 #6 (1.1393e-02, 5.4368e-06): lin 1 (0.0e+00)
	 #7 (1.1439e-02, 5.4368e-06): lin 1 (0.0e+00)
	 #8 (1.1393e-02, 5.4368e-06): lin 1 (0.0e+00)
	 #9 (1.1438e-02, 5.4368e-06): lin 1 (0.0e+00)
	 #10 (1.1363e-02, 5.4368e-06): lin 1 (0.0e+00)
	 #11 (1.1393e-02, 5.4368e-06): lin 1 (0.0e+00)
	 #12 (1.1438e-02, 5.4368e-06): lin 1 (0.0e+00)
FAILED TO CONVERGE WITH DT = 48.545 (newton residual reservoir) 
	 #1 (6.5312e-02, 3.3694e-06): lin 1 (0.0e+00)
	 #2 (2.7817e+02, 1.1826e-07): lin 1 (0.0e+00)
	 #3 (2.6099e-01, 1.4380e-06): lin 1 (0.0e+00)
-------------------------------------------------------------------------------------------------------------
 T = 946.625, DT = 24.2724, NI = 3, LI = 3, RES = 5.7e-03 (4.5e-06), CFL=0.000 (ELAPSED 00:07:31 )
-------------------------------------------------------------------------------------------------------------
	 #1 (1.2905e-01, 9.5911e-06): lin 1 (0.0e+00)
	 #2 (1.1862e+03, 5.1685e-06): lin 1 (0.0e+00)
	 #3 (4.3983e-01, 2.7824e-06): lin 1 (0.0e+00)
	 #4 (1.1811e-02, 2.6276e-06): lin 1 (0.0e+00)
	 #5 (1.1747e-02, 2.6277e-06): lin 1 (0.0e+00)
	 #6 (1.1797e-02, 2.6277e-06): lin 1 (0.0e+00)
	 #7 (1.1797e-02, 2.6277e-06): lin 1 (0.0e+00)
	 #8 (1.1747e-02, 2.6277e-06): lin 1 (0.0e+00)
FAILED TO CONVERGE WITH DT = 48.545 (newton residual reservoir) 
	 #1 (6.4527e-02, 4.7956e-06): lin 1 (0.0e+00)
	 #2 (1.1177e+02, 2.9504e-06): lin 1 (0.0e+00)
	 #3 (2.6830e-02, 4.0031e-06): lin 1 (0.0e+00)
-------------------------------------------------------------------------------------------------------------
 T = 970.897, DT = 24.2724, NI = 3, LI = 3, RES = 5.8e-03 (4.0e-06), CFL=0.000 (ELAPSED 00:07:42 )
-------------------------------------------------------------------------------------------------------------
	 #1 (1.2772e-01, 7.3877e-06): lin 1 (0.0e+00)
	 #2 (1.8225e+03, 2.5929e-06): lin 1 (0.0e+00)
	 #3 (2.1079e+00, 1.3280e-05): lin 1 (0.0e+00)
	 #4 (1.1390e-02, 7.1407e-06): lin 1 (0.0e+00)
	 #5 (1.1491e-02, 7.1407e-06): lin 1 (0.0e+00)
	 #6 (1.1481e-02, 7.1407e-06): lin 1 (0.0e+00)
	 #7 (1.1481e-02, 7.1407e-06): lin 1 (0.0e+00)
FAILED TO CONVERGE WITH DT = 48.545 (newton residual reservoir) 
	 #1 (6.3861e-02, 3.6939e-06): lin 1 (0.0e+00)
	 #2 (2.5776e+02, 5.2543e-06): lin 1 (0.0e+00)
	 #3 (1.2604e-01, 2.7302e-07): lin 1 (0.0e+00)
-------------------------------------------------------------------------------------------------------------
 T = 995.17, DT = 24.2724, NI = 3, LI = 3, RES = 5.7e-03 (2.7e-07), CFL=0.000 (ELAPSED 00:07:51 )
-------------------------------------------------------------------------------------------------------------
	 #1 (1.2630e-01, 1.4365e-06): lin 1 (0.0e+00)
	 #2 (1.9027e+03, 3.4178e-06): lin 1 (0.0e+00)
	 #3 (3.6744e+00, 2.5934e-06): lin 1 (0.0e+00)
	 #4 (1.1520e-02, 7.5860e-06): lin 1 (0.0e+00)
	 #5 (1.1472e-02, 7.5861e-06): lin 1 (0.0e+00)
	 #6 (1.1475e-02, 7.5861e-06): lin 1 (0.0e+00)
	 #7 (1.1473e-02, 7.5860e-06): lin 1 (0.0e+00)
FAILED TO CONVERGE WITH DT = 48.545 (newton residual reservoir) 
	 #1 (6.3151e-02, 7.1827e-07): lin 1 (0.0e+00)
	 #2 (3.9602e+02, 1.7211e-06): lin 1 (0.0e+00)
	 #3 (3.8580e-01, 2.7032e-06): lin 1 (0.0e+00)
-------------------------------------------------------------------------------------------------------------
 T = 1019.44, DT = 24.2724, NI = 3, LI = 3, RES = 6.0e-03 (2.5e-06), CFL=0.000 (ELAPSED 00:08:00 )
-------------------------------------------------------------------------------------------------------------
	 #1 (1.2504e-01, 5.6117e-06): lin 1 (0.0e+00)
	 #2 (1.4613e+03, 4.2667e-06): lin 1 (0.0e+00)
	 #3 (5.7728e+00, 1.3903e-05): lin 1 (0.0e+00)
	 #4 (1.2034e-02, 6.6573e-06): lin 1 (0.0e+00)
	 #5 (1.1993e-02, 6.6572e-06): lin 1 (0.0e+00)
	 #6 (1.1992e-02, 6.6573e-06): lin 1 (0.0e+00)
	 #7 (1.1998e-02, 6.6573e-06): lin 1 (0.0e+00)
FAILED TO CONVERGE WITH DT = 48.545 (newton residual reservoir) 
	 #1 (6.2522e-02, 2.8059e-06): lin 1 (0.0e+00)
	 #2 (2.3038e+02, 2.1690e-06): lin 1 (0.0e+00)
	 #3 (7.5313e-02, 1.3865e-06): lin 1 (0.0e+00)
-------------------------------------------------------------------------------------------------------------
 T = 1043.71, DT = 24.2724, NI = 3, LI = 3, RES = 6.0e-03 (5.3e-06), CFL=0.000 (ELAPSED 00:08:10 )
-------------------------------------------------------------------------------------------------------------
	 #1 (1.2372e-01, 1.1344e-05): lin 1 (0.0e+00)
	 #2 (1.7175e+03, 3.1815e-06): lin 1 (0.0e+00)
	 #3 (1.3076e+00, 1.1016e-05): lin 1 (0.0e+00)
	 #4 (1.1190e-02, 1.1026e-05): lin 1 (0.0e+00)
	 #5 (1.1175e-02, 1.1026e-05): lin 1 (0.0e+00)
	 #6 (1.1176e-02, 1.1026e-05): lin 1 (0.0e+00)
	 #7 (1.1218e-02, 1.1026e-05): lin 1 (0.0e+00)
	 #8 (1.1171e-02, 1.1026e-05): lin 1 (0.0e+00)
	 #9 (1.1162e-02, 1.1026e-05): lin 1 (0.0e+00)
	 #10 (1.1209e-02, 1.1026e-05): lin 1 (0.0e+00)
FAILED TO CONVERGE WITH DT = 48.545 (newton residual reservoir) 
	 #1 (6.1862e-02, 5.6722e-06): lin 1 (0.0e+00)
	 #2 (2.1727e+02, 1.6277e-06): lin 1 (0.0e+00)
	 #3 (5.8952e-02, 1.2281e-06): lin 1 (0.0e+00)
-------------------------------------------------------------------------------------------------------------
 T = 1067.99, DT = 24.2724, NI = 3, LI = 3, RES = 6.0e-03 (3.9e-06), CFL=0.000 (ELAPSED 00:08:22 )
-------------------------------------------------------------------------------------------------------------
	 #1 (1.2250e-01, 6.9848e-06): lin 1 (0.0e+00)
	 #2 (2.2200e+03, 6.9570e-07): lin 1 (0.0e+00)
	 #3 (1.8896e+00, 3.1324e-06): lin 1 (0.0e+00)
	 #4 (1.1947e-02, 7.1636e-06): lin 1 (0.0e+00)
	 #5 (1.2011e-02, 7.1637e-06): lin 1 (0.0e+00)
	 #6 (1.1940e-02, 7.1637e-06): lin 1 (0.0e+00)
	 #7 (1.2005e-02, 7.1637e-06): lin 1 (0.0e+00)
	 #8 (1.2022e-02, 7.1635e-06): lin 1 (0.0e+00)
	 #9 (1.1938e-02, 7.1637e-06): lin 1 (0.0e+00)
	 #10 (1.2005e-02, 7.1637e-06): lin 1 (0.0e+00)
	 #11 (1.2022e-02, 7.1637e-06): lin 1 (0.0e+00)
FAILED TO CONVERGE WITH DT = 48.545 (newton residual reservoir) 
	 #1 (6.1249e-02, 3.4924e-06): lin 1 (0.0e+00)
	 #2 (4.9222e+02, 4.5887e-07): lin 1 (0.0e+00)
	 #3 (2.1484e-01, 2.0693e-06): lin 1 (0.0e+00)
-------------------------------------------------------------------------------------------------------------
 T = 1092.26, DT = 24.2724, NI = 3, LI = 3, RES = 5.9e-03 (2.1e-06), CFL=0.000 (ELAPSED 00:08:35 )
-------------------------------------------------------------------------------------------------------------
	 #1 (1.2131e-01, 3.9220e-06): lin 1 (0.0e+00)
	 #2 (1.6939e+03, 7.1422e-06): lin 1 (0.0e+00)
	 #3 (6.4575e-01, 3.2789e-06): lin 1 (0.0e+00)
	 #4 (1.1455e-02, 3.2789e-06): lin 1 (0.0e+00)
	 #5 (1.1522e-02, 3.2789e-06): lin 1 (0.0e+00)
	 #6 (1.1542e-02, 3.2788e-06): lin 1 (0.0e+00)
	 #7 (1.1531e-02, 3.2788e-06): lin 1 (0.0e+00)
	 #8 (1.1522e-02, 3.2789e-06): lin 1 (0.0e+00)
FAILED TO CONVERGE WITH DT = 48.545 (newton residual reservoir) 
	 #1 (6.0653e-02, 1.9610e-06): lin 1 (0.0e+00)
	 #2 (1.9607e+02, 1.6253e-06): lin 1 (0.0e+00)
	 #3 (4.9398e-02, 5.0512e-06): lin 1 (0.0e+00)
-------------------------------------------------------------------------------------------------------------
 T = 1116.53, DT = 24.2724, NI = 3, LI = 3, RES = 5.6e-03 (1.3e-06), CFL=0.000 (ELAPSED 00:08:45 )
-------------------------------------------------------------------------------------------------------------
	 #1 (1.2008e-01, 2.9276e-06): lin 1 (0.0e+00)
	 #2 (1.2663e+03, 2.7270e-06): lin 1 (0.0e+00)
	 #3 (3.0512e-01, 3.1026e-07): lin 1 (0.0e+00)
	 #4 (1.1519e-02, 1.0565e-05): lin 1 (0.0e+00)
	 #5 (1.1501e-02, 1.0565e-05): lin 1 (0.0e+00)
	 #6 (1.1526e-02, 1.0565e-05): lin 1 (0.0e+00)
	 #7 (1.1503e-02, 1.0565e-05): lin 1 (0.0e+00)
	 #8 (1.1503e-02, 1.0565e-05): lin 1 (0.0e+00)
FAILED TO CONVERGE WITH DT = 48.545 (newton residual reservoir) 
	 #1 (6.0038e-02, 1.4649e-06): lin 1 (0.0e+00)
	 #2 (1.8969e+02, 1.6070e-06): lin 1 (0.0e+00)
	 #3 (2.7754e-02, 3.4726e-06): lin 1 (0.0e+00)
-------------------------------------------------------------------------------------------------------------
 T = 1140.8, DT = 24.2724, NI = 3, LI = 3, RES = 6.0e-03 (3.5e-06), CFL=0.000 (ELAPSED 00:08:55 )
-------------------------------------------------------------------------------------------------------------
	 #1 (1.1901e-01, 6.4348e-06): lin 1 (0.0e+00)
	 #2 (1.8109e+03, 2.6267e-06): lin 1 (0.0e+00)
	 #3 (1.4801e+00, 7.9588e-06): lin 1 (0.0e+00)
	 #4 (1.1157e-02, 2.2205e-06): lin 1 (0.0e+00)
	 #5 (1.1088e-02, 2.2203e-06): lin 1 (0.0e+00)
	 #6 (1.1107e-02, 2.2204e-06): lin 1 (0.0e+00)
	 #7 (1.1103e-02, 2.2204e-06): lin 1 (0.0e+00)
	 #8 (1.1088e-02, 2.2204e-06): lin 1 (0.0e+00)
	 #9 (1.1107e-02, 2.2204e-06): lin 1 (0.0e+00)
	 #10 (1.1120e-02, 2.2204e-06): lin 1 (0.0e+00)
	 #11 (1.1088e-02, 2.2204e-06): lin 1 (0.0e+00)
	 #12 (1.1120e-02, 2.2206e-06): lin 1 (0.0e+00)
	 #13 (1.1120e-02, 2.2203e-06): lin 1 (0.0e+00)
FAILED TO CONVERGE WITH DT = 48.545 (newton residual reservoir) 
	 #1 (5.9504e-02, 3.2177e-06): lin 1 (0.0e+00)
	 #2 (3.1342e+02, 1.3701e-06): lin 1 (0.0e+00)
	 #3 (5.2386e-02, 2.2250e-06): lin 1 (0.0e+00)
-------------------------------------------------------------------------------------------------------------
 T = 1165.08, DT = 24.2724, NI = 3, LI = 3, RES = 5.7e-03 (2.9e-06), CFL=0.000 (ELAPSED 00:09:10 )
-------------------------------------------------------------------------------------------------------------
	 #1 (1.1790e-01, 6.5858e-06): lin 1 (0.0e+00)
	 #2 (1.7158e+03, 7.4580e-06): lin 1 (0.0e+00)
	 #3 (2.3609e+00, 5.6148e-06): lin 1 (0.0e+00)
	 #4 (1.2354e-02, 1.4947e-05): lin 1 (0.0e+00)
	 #5 (1.2337e-02, 1.4947e-05): lin 1 (0.0e+00)
	 #6 (1.2337e-02, 1.4948e-05): lin 1 (0.0e+00)
	 #7 (1.2337e-02, 1.4948e-05): lin 1 (0.0e+00)
FAILED TO CONVERGE WITH DT = 48.545 (newton residual reservoir) 
	 #1 (5.8949e-02, 3.2929e-06): lin 1 (0.0e+00)
	 #2 (2.6592e+02, 6.1619e-06): lin 1 (0.0e+00)
	 #3 (2.4008e-01, 6.1321e-06): lin 1 (0.0e+00)
-------------------------------------------------------------------------------------------------------------
 T = 1189.35, DT = 24.2724, NI = 3, LI = 3, RES = 5.7e-03 (1.5e-06), CFL=0.000 (ELAPSED 00:09:22 )
-------------------------------------------------------------------------------------------------------------
	 #1 (1.1684e-01, 3.8973e-06): lin 1 (0.0e+00)
	 #2 (2.0376e+03, 1.4375e-05): lin 1 (0.0e+00)
	 #3 (3.0223e+00, 6.7917e-06): lin 1 (0.0e+00)
	 #4 (1.1631e-02, 6.7916e-06): lin 1 (0.0e+00)
	 #5 (1.1624e-02, 6.7917e-06): lin 1 (0.0e+00)
	 #6 (1.1632e-02, 6.7918e-06): lin 1 (0.0e+00)
FAILED TO CONVERGE WITH DT = 48.545 (newton residual reservoir) 
	 #1 (5.8418e-02, 1.9509e-06): lin 1 (0.0e+00)
	 #2 (4.1962e+02, 2.6428e-06): lin 1 (0.0e+00)
	 #3 (3.1089e-01, 1.3885e-06): lin 1 (0.0e+00)
-------------------------------------------------------------------------------------------------------------
 T = 1213.62, DT = 24.2724, NI = 3, LI = 3, RES = 5.8e-03 (1.4e-06), CFL=0.000 (ELAPSED 00:09:31 )
-------------------------------------------------------------------------------------------------------------
	 #1 (1.1585e-01, 3.0427e-06): lin 1 (0.0e+00)
	 #2 (1.4838e+03, 8.2239e-06): lin 1 (0.0e+00)
	 #3 (6.5323e-01, 8.1125e-06): lin 1 (0.0e+00)
	 #4 (1.1139e-02, 8.2132e-06): lin 1 (0.0e+00)
	 #5 (1.1146e-02, 8.2134e-06): lin 1 (0.0e+00)
	 #6 (1.1139e-02, 8.2134e-06): lin 1 (0.0e+00)
	 #7 (1.1153e-02, 8.2134e-06): lin 1 (0.0e+00)
FAILED TO CONVERGE WITH DT = 48.545 (newton residual reservoir) 
	 #1 (5.7923e-02, 1.5242e-06): lin 1 (0.0e+00)
	 #2 (2.2556e+02, 1.6313e-06): lin 1 (0.0e+00)
	 #3 (5.9325e-02, 1.4472e-06): lin 1 (0.0e+00)
-------------------------------------------------------------------------------------------------------------
 T = 1237.89, DT = 24.2724, NI = 3, LI = 3, RES = 5.8e-03 (1.0e-06), CFL=0.000 (ELAPSED 00:09:42 )
-------------------------------------------------------------------------------------------------------------
	 #1 (1.1485e-01, 2.9669e-06): lin 1 (0.0e+00)
	 #2 (1.6822e+03, 1.1432e-05): lin 1 (0.0e+00)
	 #3 (1.7038e+00, 2.5972e-06): lin 1 (0.0e+00)
	 #4 (1.1521e-02, 9.6921e-06): lin 1 (0.0e+00)
	 #5 (1.1511e-02, 9.6924e-06): lin 1 (0.0e+00)
	 #6 (1.1484e-02, 9.6924e-06): lin 1 (0.0e+00)
	 #7 (1.1500e-02, 9.6923e-06): lin 1 (0.0e+00)
	 #8 (1.1492e-02, 9.6923e-06): lin 1 (0.0e+00)
	 #9 (1.1484e-02, 9.6923e-06): lin 1 (0.0e+00)
FAILED TO CONVERGE WITH DT = 48.545 (newton residual reservoir) 
	 #1 (5.7425e-02, 1.4834e-06): lin 1 (0.0e+00)
	 #2 (2.9506e+02, 1.1752e-06): lin 1 (0.0e+00)
	 #3 (1.5047e-01, 3.7113e-06): lin 1 (0.0e+00)
-------------------------------------------------------------------------------------------------------------
 T = 1262.17, DT = 24.2724, NI = 3, LI = 3, RES = 5.7e-03 (3.7e-06), CFL=0.000 (ELAPSED 00:09:54 )
-------------------------------------------------------------------------------------------------------------
	 #1 (1.1389e-01, 6.8042e-06): lin 1 (0.0e+00)
	 #2 (1.3546e+03, 1.0626e-07): lin 1 (0.0e+00)
	 #3 (1.0338e+00, 8.2252e-06): lin 1 (0.0e+00)
	 #4 (1.1764e-02, 1.2133e-05): lin 1 (0.0e+00)
	 #5 (1.1741e-02, 1.2132e-05): lin 1 (0.0e+00)
	 #6 (1.1743e-02, 1.2133e-05): lin 1 (0.0e+00)
	 #7 (1.1725e-02, 1.2133e-05): lin 1 (0.0e+00)
FAILED TO CONVERGE WITH DT = 48.545 (newton residual reservoir) 
	 #1 (5.6945e-02, 3.4029e-06): lin 1 (0.0e+00)
	 #2 (2.3510e+02, 6.3249e-07): lin 1 (0.0e+00)
	 #3 (6.5043e-02, 2.6229e-06): lin 1 (0.0e+00)
-------------------------------------------------------------------------------------------------------------
 T = 1286.44, DT = 24.2724, NI = 3, LI = 3, RES = 5.8e-03 (2.6e-06), CFL=0.000 (ELAPSED 00:10:03 )
-------------------------------------------------------------------------------------------------------------
	 #1 (1.1300e-01, 4.9556e-06): lin 1 (0.0e+00)
	 #2 (1.2031e+03, 4.3072e-06): lin 1 (0.0e+00)
	 #3 (1.0064e+00, 4.7912e-06): lin 1 (0.0e+00)
	 #4 (1.1904e-02, 4.7909e-06): lin 1 (0.0e+00)
	 #5 (1.1961e-02, 4.7912e-06): lin 1 (0.0e+00)
	 #6 (1.1869e-02, 4.7911e-06): lin 1 (0.0e+00)
	 #7 (1.1874e-02, 4.7911e-06): lin 1 (0.0e+00)
	 #8 (1.1867e-02, 4.7911e-06): lin 1 (0.0e+00)
FAILED TO CONVERGE WITH DT = 48.545 (newton residual reservoir) 
	 #1 (5.6502e-02, 2.4786e-06): lin 1 (0.0e+00)
	 #2 (1.2379e+02, 1.6302e-06): lin 1 (0.0e+00)
	 #3 (4.1458e-02, 3.8329e-06): lin 1 (0.0e+00)
-------------------------------------------------------------------------------------------------------------
 T = 1310.71, DT = 24.2724, NI = 3, LI = 3, RES = 5.9e-03 (3.8e-06), CFL=0.000 (ELAPSED 00:10:14 )
-------------------------------------------------------------------------------------------------------------
	 #1 (1.1209e-01, 8.7117e-06): lin 1 (0.0e+00)
	 #2 (1.6725e+03, 4.7319e-06): lin 1 (0.0e+00)
	 #3 (1.1429e+00, 8.2772e-06): lin 1 (0.0e+00)
	 #4 (1.2874e-02, 1.2148e-05): lin 1 (0.0e+00)
	 #5 (1.2876e-02, 1.2148e-05): lin 1 (0.0e+00)
	 #6 (1.2870e-02, 1.2148e-05): lin 1 (0.0e+00)
FAILED TO CONVERGE WITH DT = 48.545 (newton residual reservoir) 
	 #1 (5.6046e-02, 4.3559e-06): lin 1 (0.0e+00)
	 #2 (3.4479e+02, 3.1128e-06): lin 1 (0.0e+00)
	 #3 (1.0785e-01, 2.3513e-07): lin 1 (0.0e+00)
-------------------------------------------------------------------------------------------------------------
 T = 1334.98, DT = 24.2724, NI = 3, LI = 3, RES = 5.9e-03 (4.9e-06), CFL=0.000 (ELAPSED 00:10:22 )
-------------------------------------------------------------------------------------------------------------
	 #1 (1.1120e-01, 8.7259e-06): lin 1 (0.0e+00)
	 #2 (9.3399e+02, 2.9112e-06): lin 1 (0.0e+00)
	 #3 (7.2069e-01, 8.9474e-06): lin 1 (0.0e+00)
	 #4 (1.1954e-02, 2.6925e-06): lin 1 (0.0e+00)
	 #5 (1.1991e-02, 2.6925e-06): lin 1 (0.0e+00)
	 #6 (1.1974e-02, 2.6926e-06): lin 1 (0.0e+00)
	 #7 (1.1974e-02, 2.6925e-06): lin 1 (0.0e+00)
	 #8 (1.1974e-02, 2.6925e-06): lin 1 (0.0e+00)
	 #9 (1.1986e-02, 2.6926e-06): lin 1 (0.0e+00)
	 #10 (1.1987e-02, 2.6925e-06): lin 1 (0.0e+00)
FAILED TO CONVERGE WITH DT = 48.545 (newton residual reservoir) 
	 #1 (5.5598e-02, 4.3630e-06): lin 1 (0.0e+00)
	 #2 (1.4253e+02, 9.1677e-08): lin 1 (0.0e+00)
	 #3 (6.4442e-02, 2.2595e-06): lin 1 (0.0e+00)
-------------------------------------------------------------------------------------------------------------
 T = 1359.26, DT = 24.2724, NI = 3, LI = 3, RES = 6.2e-03 (3.0e-06), CFL=0.000 (ELAPSED 00:10:34 )
-------------------------------------------------------------------------------------------------------------
	 #1 (1.1038e-01, 6.2339e-06): lin 1 (0.0e+00)
	 #2 (1.6204e+03, 7.5980e-06): lin 1 (0.0e+00)
	 #3 (1.8008e+00, 4.8951e-06): lin 1 (0.0e+00)
	 #4 (1.1592e-02, 5.0848e-06): lin 1 (0.0e+00)
	 #5 (1.1527e-02, 5.0850e-06): lin 1 (0.0e+00)
	 #6 (1.1554e-02, 5.0847e-06): lin 1 (0.0e+00)
	 #7 (1.1549e-02, 5.0849e-06): lin 1 (0.0e+00)
	 #8 (1.1515e-02, 5.0847e-06): lin 1 (0.0e+00)
	 #9 (1.1546e-02, 5.0849e-06): lin 1 (0.0e+00)
FAILED TO CONVERGE WITH DT = 48.545 (newton residual reservoir) 
	 #1 (5.5188e-02, 3.1186e-06): lin 1 (0.0e+00)
	 #2 (2.9895e+02, 1.4165e-06): lin 1 (0.0e+00)
	 #3 (1.7148e-01, 1.9000e-06): lin 1 (0.0e+00)
-------------------------------------------------------------------------------------------------------------
 T = 1383.53, DT = 24.2724, NI = 3, LI = 3, RES = 6.0e-03 (1.9e-06), CFL=0.000 (ELAPSED 00:10:46 )
-------------------------------------------------------------------------------------------------------------
	 #1 (1.0946e-01, 5.0001e-06): lin 1 (0.0e+00)
	 #2 (1.4439e+03, 5.6646e-06): lin 1 (0.0e+00)
	 #3 (1.6023e+00, 8.8515e-06): lin 1 (0.0e+00)
	 #4 (1.1425e-02, 2.9191e-06): lin 1 (0.0e+00)
	 #5 (1.1428e-02, 2.9191e-06): lin 1 (0.0e+00)
	 #6 (1.1432e-02, 2.9191e-06): lin 1 (0.0e+00)
FAILED TO CONVERGE WITH DT = 48.545 (newton residual reservoir) 
	 #1 (5.4730e-02, 2.5008e-06): lin 1 (0.0e+00)
	 #2 (2.1684e+02, 3.2284e-06): lin 1 (0.0e+00)
	 #3 (7.3368e-02, 4.0092e-06): lin 1 (0.0e+00)
-------------------------------------------------------------------------------------------------------------
 T = 1407.8, DT = 24.2724, NI = 3, LI = 3, RES = 5.9e-03 (1.1e-06), CFL=0.000 (ELAPSED 00:10:54 )
-------------------------------------------------------------------------------------------------------------
	 #1 (1.0859e-01, 3.3437e-06): lin 1 (0.0e+00)
	 #2 (1.9025e+03, 6.9507e-06): lin 1 (0.0e+00)
	 #3 (1.8291e+00, 6.5341e-06): lin 1 (0.0e+00)
	 #4 (1.2977e-02, 4.0019e-06): lin 1 (0.0e+00)
	 #5 (1.2977e-02, 4.0019e-06): lin 1 (0.0e+00)
	 #6 (1.2995e-02, 4.0021e-06): lin 1 (0.0e+00)
FAILED TO CONVERGE WITH DT = 48.545 (newton residual reservoir) 
	 #1 (5.4297e-02, 1.6718e-06): lin 1 (0.0e+00)
	 #2 (3.9469e+02, 6.6867e-07): lin 1 (0.0e+00)
	 #3 (2.0189e-01, 6.0404e-07): lin 1 (0.0e+00)
-------------------------------------------------------------------------------------------------------------
 T = 1432.07, DT = 24.2724, NI = 3, LI = 3, RES = 5.7e-03 (4.5e-06), CFL=0.000 (ELAPSED 00:11:02 )
-------------------------------------------------------------------------------------------------------------
	 #1 (1.0770e-01, 1.0191e-05): lin 1 (0.0e+00)
	 #2 (1.4472e+03, 1.1874e-05): lin 1 (0.0e+00)
	 #3 (1.3755e+00, 8.9462e-06): lin 1 (0.0e+00)
	 #4 (1.1428e-02, 1.3256e-06): lin 1 (0.0e+00)
	 #5 (1.1418e-02, 1.3255e-06): lin 1 (0.0e+00)
	 #6 (1.1400e-02, 1.3257e-06): lin 1 (0.0e+00)
	 #7 (1.1420e-02, 1.3254e-06): lin 1 (0.0e+00)
FAILED TO CONVERGE WITH DT = 48.545 (newton residual reservoir) 
	 #1 (5.3848e-02, 5.0954e-06): lin 1 (0.0e+00)
	 #2 (3.0920e+02, 3.2957e-06): lin 1 (0.0e+00)
	 #3 (9.3607e-02, 8.9422e-07): lin 1 (0.0e+00)
-------------------------------------------------------------------------------------------------------------
 T = 1456.35, DT = 24.2724, NI = 3, LI = 3, RES = 6.3e-03 (8.9e-07), CFL=0.000 (ELAPSED 00:11:12 )
-------------------------------------------------------------------------------------------------------------
	 #1 (1.0701e-01, 3.0406e-06): lin 1 (0.0e+00)
	 #2 (1.2182e+03, 1.6924e-07): lin 1 (0.0e+00)
	 #3 (1.4641e+00, 2.7809e-06): lin 1 (0.0e+00)
	 #4 (1.1839e-02, 2.5835e-06): lin 1 (0.0e+00)
	 #5 (1.1847e-02, 2.5837e-06): lin 1 (0.0e+00)
	 #6 (1.1839e-02, 2.5838e-06): lin 1 (0.0e+00)
FAILED TO CONVERGE WITH DT = 48.545 (newton residual reservoir) 
	 #1 (5.3506e-02, 1.5203e-06): lin 1 (0.0e+00)
	 #2 (2.3410e+02, 4.0049e-06): lin 1 (0.0e+00)
	 #3 (1.7612e-01, 1.9492e-06): lin 1 (0.0e+00)
-------------------------------------------------------------------------------------------------------------
 T = 1480.62, DT = 24.2724, NI = 3, LI = 3, RES = 5.6e-03 (1.8e-06), CFL=0.000 (ELAPSED 00:11:21 )
-------------------------------------------------------------------------------------------------------------
	 #1 (1.0610e-01, 4.9341e-06): lin 1 (0.0e+00)
	 #2 (1.1299e+03, 3.2714e-06): lin 1 (0.0e+00)
	 #3 (4.3344e-01, 8.2799e-06): lin 1 (0.0e+00)
	 #4 (1.1364e-02, 8.2798e-06): lin 1 (0.0e+00)
	 #5 (1.1383e-02, 8.2801e-06): lin 1 (0.0e+00)
	 #6 (1.1383e-02, 8.2800e-06): lin 1 (0.0e+00)
	 #7 (1.1382e-02, 8.2798e-06): lin 1 (0.0e+00)
	 #8 (1.1364e-02, 8.2801e-06): lin 1 (0.0e+00)
FAILED TO CONVERGE WITH DT = 48.545 (newton residual reservoir) 
	 #1 (5.3050e-02, 2.4670e-06): lin 1 (0.0e+00)
	 #2 (1.6931e+02, 1.3324e-06): lin 1 (0.0e+00)
	 #3 (4.4571e-02, 2.5632e-06): lin 1 (0.0e+00)
-------------------------------------------------------------------------------------------------------------
 T = 1504.89, DT = 24.2724, NI = 3, LI = 3, RES = 6.0e-03 (2.5e-06), CFL=0.000 (ELAPSED 00:11:31 )
-------------------------------------------------------------------------------------------------------------
	 #1 (1.0543e-01, 6.3762e-06): lin 1 (0.0e+00)
	 #2 (1.7866e+03, 6.1029e-06): lin 1 (0.0e+00)
	 #3 (8.5560e-01, 5.0422e-06): lin 1 (0.0e+00)
	 #4 (1.1102e-02, 5.3016e-06): lin 1 (0.0e+00)
	 #5 (1.1105e-02, 5.3014e-06): lin 1 (0.0e+00)
	 #6 (1.1090e-02, 5.3016e-06): lin 1 (0.0e+00)
	 #7 (1.1090e-02, 5.3014e-06): lin 1 (0.0e+00)
FAILED TO CONVERGE WITH DT = 48.545 (newton residual reservoir) 
	 #1 (5.2713e-02, 3.1881e-06): lin 1 (0.0e+00)
	 #2 (3.9378e+02, 9.6159e-07): lin 1 (0.0e+00)
	 #3 (8.2951e-02, 3.3713e-06): lin 1 (0.0e+00)
-------------------------------------------------------------------------------------------------------------
 T = 1529.16, DT = 24.2724, NI = 3, LI = 3, RES = 5.7e-03 (1.9e-06), CFL=0.000 (ELAPSED 00:11:41 )
-------------------------------------------------------------------------------------------------------------
	 #1 (1.0464e-01, 5.2092e-06): lin 1 (0.0e+00)
	 #2 (1.4160e+03, 2.9056e-06): lin 1 (0.0e+00)
	 #3 (1.4439e+00, 8.5154e-06): lin 1 (0.0e+00)
	 #4 (1.1254e-02, 2.9710e-06): lin 1 (0.0e+00)
	 #5 (1.1254e-02, 2.9709e-06): lin 1 (0.0e+00)
	 #6 (1.1270e-02, 2.9710e-06): lin 1 (0.0e+00)
	 #7 (1.1254e-02, 2.9709e-06): lin 1 (0.0e+00)
FAILED TO CONVERGE WITH DT = 48.545 (newton residual reservoir) 
	 #1 (5.2320e-02, 2.6059e-06): lin 1 (0.0e+00)
	 #2 (2.0382e+02, 2.6561e-06): lin 1 (0.0e+00)
	 #3 (1.1432e-01, 3.6520e-07): lin 1 (0.0e+00)
-------------------------------------------------------------------------------------------------------------
 T = 1553.44, DT = 24.2724, NI = 3, LI = 3, RES = 5.9e-03 (3.7e-07), CFL=0.000 (ELAPSED 00:11:50 )
-------------------------------------------------------------------------------------------------------------
	 #1 (1.0396e-01, 2.1269e-06): lin 1 (0.0e+00)
	 #2 (1.8647e+03, 1.1513e-05): lin 1 (0.0e+00)
	 #3 (1.8127e+00, 1.3682e-06): lin 1 (0.0e+00)
	 #4 (1.1545e-02, 1.1546e-05): lin 1 (0.0e+00)
	 #5 (1.1454e-02, 1.1546e-05): lin 1 (0.0e+00)
	 #6 (1.1447e-02, 1.1546e-05): lin 1 (0.0e+00)
	 #7 (1.1450e-02, 1.1546e-05): lin 1 (0.0e+00)
FAILED TO CONVERGE WITH DT = 48.545 (newton residual reservoir) 
	 #1 (5.1981e-02, 1.0635e-06): lin 1 (0.0e+00)
	 #2 (3.8180e+02, 1.3525e-06): lin 1 (0.0e+00)
	 #3 (1.9926e-01, 3.3512e-06): lin 1 (0.0e+00)
-------------------------------------------------------------------------------------------------------------
 T = 1577.71, DT = 24.2724, NI = 3, LI = 3, RES = 5.6e-03 (3.4e-06), CFL=0.000 (ELAPSED 00:12:00 )
-------------------------------------------------------------------------------------------------------------
	 #1 (1.0317e-01, 7.1353e-06): lin 1 (0.0e+00)
	 #2 (1.1841e+03, 4.7628e-06): lin 1 (0.0e+00)
	 #3 (7.0354e-01, 6.9296e-06): lin 1 (0.0e+00)
	 #4 (1.1278e-02, 7.0464e-06): lin 1 (0.0e+00)
	 #5 (1.1241e-02, 7.0462e-06): lin 1 (0.0e+00)
	 #6 (1.1253e-02, 7.0461e-06): lin 1 (0.0e+00)
	 #7 (1.1293e-02, 7.0463e-06): lin 1 (0.0e+00)
	 #8 (1.1293e-02, 7.0462e-06): lin 1 (0.0e+00)
	 #9 (1.1246e-02, 7.0464e-06): lin 1 (0.0e+00)
	 #10 (1.1269e-02, 7.0462e-06): lin 1 (0.0e+00)
	 #11 (1.1293e-02, 7.0463e-06): lin 1 (0.0e+00)
	 #12 (1.1254e-02, 7.0462e-06): lin 1 (0.0e+00)
	 #13 (1.1241e-02, 7.0464e-06): lin 1 (0.0e+00)
FAILED TO CONVERGE WITH DT = 48.545 (newton residual reservoir) 
	 #1 (5.1583e-02, 3.5684e-06): lin 1 (0.0e+00)
	 #2 (1.8198e+02, 4.1149e-06): lin 1 (0.0e+00)
	 #3 (2.9784e-02, 1.7393e-06): lin 1 (0.0e+00)
-------------------------------------------------------------------------------------------------------------
 T = 1601.98, DT = 24.2724, NI = 3, LI = 3, RES = 5.7e-03 (3.4e-06), CFL=0.000 (ELAPSED 00:12:15 )
-------------------------------------------------------------------------------------------------------------
	 #1 (1.0248e-01, 8.2885e-06): lin 1 (0.0e+00)
	 #2 (1.6074e+03, 5.7904e-06): lin 1 (0.0e+00)
	 #3 (6.4439e-01, 5.2461e-06): lin 1 (0.0e+00)
	 #4 (1.2015e-02, 4.9330e-06): lin 1 (0.0e+00)
	 #5 (1.2010e-02, 4.9329e-06): lin 1 (0.0e+00)
	 #6 (1.2066e-02, 4.9329e-06): lin 1 (0.0e+00)
	 #7 (1.2044e-02, 4.9329e-06): lin 1 (0.0e+00)
	 #8 (1.2049e-02, 4.9329e-06): lin 1 (0.0e+00)
	 #9 (1.2033e-02, 4.9329e-06): lin 1 (0.0e+00)
	 #10 (1.1985e-02, 4.9329e-06): lin 1 (0.0e+00)
	 #11 (1.2010e-02, 4.9329e-06): lin 1 (0.0e+00)
	 #12 (1.2061e-02, 4.9329e-06): lin 1 (0.0e+00)
FAILED TO CONVERGE WITH DT = 48.545 (newton residual reservoir) 
	 #1 (5.1240e-02, 4.1442e-06): lin 1 (0.0e+00)
	 #2 (3.2467e+02, 1.6788e-06): lin 1 (0.0e+00)
	 #3 (3.4459e-02, 1.5831e-06): lin 1 (0.0e+00)
-------------------------------------------------------------------------------------------------------------
 T = 1626.25, DT = 24.2724, NI = 3, LI = 3, RES = 5.8e-03 (1.6e-06), CFL=0.000 (ELAPSED 00:12:29 )
-------------------------------------------------------------------------------------------------------------
	 #1 (1.0184e-01, 5.0391e-06): lin 1 (0.0e+00)
	 #2 (8.6455e+02, 3.6576e-06): lin 1 (0.0e+00)
	 #3 (2.1446e+00, 1.9130e-06): lin 1 (0.0e+00)
	 #4 (1.1216e-02, 8.2664e-06): lin 1 (0.0e+00)
	 #5 (1.1203e-02, 8.2662e-06): lin 1 (0.0e+00)
	 #6 (1.1218e-02, 8.2664e-06): lin 1 (0.0e+00)
	 #7 (1.1174e-02, 8.2662e-06): lin 1 (0.0e+00)
	 #8 (1.1206e-02, 8.2664e-06): lin 1 (0.0e+00)
	 #9 (1.1218e-02, 8.2662e-06): lin 1 (0.0e+00)
	 #10 (1.1173e-02, 8.2664e-06): lin 1 (0.0e+00)
FAILED TO CONVERGE WITH DT = 48.545 (newton residual reservoir) 
	 #1 (5.0919e-02, 2.5221e-06): lin 1 (0.0e+00)
	 #2 (1.5832e+02, 7.0863e-06): lin 1 (0.0e+00)
	 #3 (2.5817e-01, 9.7602e-08): lin 1 (0.0e+00)
-------------------------------------------------------------------------------------------------------------
 T = 1650.53, DT = 24.2724, NI = 3, LI = 3, RES = 6.2e-03 (5.0e-06), CFL=0.000 (ELAPSED 00:12:42 )
-------------------------------------------------------------------------------------------------------------
	 #1 (1.0131e-01, 1.1539e-05): lin 1 (0.0e+00)
	 #2 (1.2940e+03, 1.0003e-05): lin 1 (0.0e+00)
	 #3 (3.5118e-01, 8.3839e-06): lin 1 (0.0e+00)
	 #4 (1.1902e-02, 3.0322e-06): lin 1 (0.0e+00)
	 #5 (1.1929e-02, 3.0322e-06): lin 1 (0.0e+00)
	 #6 (1.1960e-02, 3.0321e-06): lin 1 (0.0e+00)
	 #7 (1.1918e-02, 3.0322e-06): lin 1 (0.0e+00)
	 #8 (1.1929e-02, 3.0322e-06): lin 1 (0.0e+00)
	 #9 (1.1900e-02, 3.0321e-06): lin 1 (0.0e+00)
	 #10 (1.1930e-02, 3.0322e-06): lin 1 (0.0e+00)
	 #11 (1.1902e-02, 3.0322e-06): lin 1 (0.0e+00)
	 #12 (1.1943e-02, 3.0321e-06): lin 1 (0.0e+00)
FAILED TO CONVERGE WITH DT = 48.545 (newton residual reservoir) 
	 #1 (5.0657e-02, 5.7694e-06): lin 1 (0.0e+00)
	 #2 (1.9515e+02, 1.6125e-06): lin 1 (0.0e+00)
	 #3 (2.5321e-02, 1.8578e-06): lin 1 (0.0e+00)
-------------------------------------------------------------------------------------------------------------
 T = 1674.8, DT = 24.2724, NI = 3, LI = 3, RES = 5.7e-03 (6.9e-06), CFL=0.000 (ELAPSED 00:12:56 )
-------------------------------------------------------------------------------------------------------------
	 #1 (1.0050e-01, 1.5481e-05): lin 1 (0.0e+00)
	 #2 (1.2993e+03, 5.5991e-06): lin 1 (0.0e+00)
	 #3 (7.8149e-01, 5.1797e-06): lin 1 (0.0e+00)
	 #4 (1.1704e-02, 5.2071e-06): lin 1 (0.0e+00)
	 #5 (1.1670e-02, 5.2072e-06): lin 1 (0.0e+00)
	 #6 (1.1686e-02, 5.2071e-06): lin 1 (0.0e+00)
	 #7 (1.1696e-02, 5.2072e-06): lin 1 (0.0e+00)
	 #8 (1.1680e-02, 5.2071e-06): lin 1 (0.0e+00)
FAILED TO CONVERGE WITH DT = 48.545 (newton residual reservoir) 
	 #1 (5.0251e-02, 7.7404e-06): lin 1 (0.0e+00)
	 #2 (2.4970e+02, 4.1709e-06): lin 1 (0.0e+00)
	 #3 (4.8250e-02, 3.6588e-06): lin 1 (0.0e+00)
-------------------------------------------------------------------------------------------------------------
 T = 1699.07, DT = 24.2724, NI = 3, LI = 3, RES = 5.8e-03 (1.4e-06), CFL=0.000 (ELAPSED 00:13:06 )
-------------------------------------------------------------------------------------------------------------
	 #1 (9.9891e-02, 4.5261e-06): lin 1 (0.0e+00)
	 #2 (1.0825e+03, 8.3167e-06): lin 1 (0.0e+00)
	 #3 (7.0759e-01, 7.6992e-06): lin 1 (0.0e+00)
	 #4 (1.1342e-02, 3.0603e-06): lin 1 (0.0e+00)
	 #5 (1.1372e-02, 3.0605e-06): lin 1 (0.0e+00)
	 #6 (1.1353e-02, 3.0604e-06): lin 1 (0.0e+00)
	 #7 (1.1353e-02, 3.0604e-06): lin 1 (0.0e+00)
	 #8 (1.1372e-02, 3.0604e-06): lin 1 (0.0e+00)
FAILED TO CONVERGE WITH DT = 48.545 (newton residual reservoir) 
	 #1 (4.9945e-02, 2.2631e-06): lin 1 (0.0e+00)
	 #2 (1.2775e+02, 2.4400e-06): lin 1 (0.0e+00)
	 #3 (2.3491e-02, 1.3002e-06): lin 1 (0.0e+00)
-------------------------------------------------------------------------------------------------------------
 T = 1723.34, DT = 24.2724, NI = 3, LI = 3, RES = 6.1e-03 (5.2e-06), CFL=0.000 (ELAPSED 00:13:16 )
-------------------------------------------------------------------------------------------------------------
	 #1 (9.9308e-02, 9.4492e-06): lin 1 (0.0e+00)
	 #2 (1.3804e+03, 9.7318e-06): lin 1 (0.0e+00)
	 #3 (7.4976e-01, 1.0023e-05): lin 1 (0.0e+00)
	 #4 (1.1536e-02, 9.9272e-06): lin 1 (0.0e+00)
	 #5 (1.1558e-02, 9.9276e-06): lin 1 (0.0e+00)
	 #6 (1.1537e-02, 9.9277e-06): lin 1 (0.0e+00)
	 #7 (1.1543e-02, 9.9275e-06): lin 1 (0.0e+00)
	 #8 (1.1549e-02, 9.9276e-06): lin 1 (0.0e+00)
	 #9 (1.1529e-02, 9.9277e-06): lin 1 (0.0e+00)
FAILED TO CONVERGE WITH DT = 48.545 (newton residual reservoir) 
	 #1 (4.9654e-02, 4.7246e-06): lin 1 (0.0e+00)
	 #2 (2.5725e+02, 1.3219e-06): lin 1 (0.0e+00)
	 #3 (5.4068e-02, 1.5563e-06): lin 1 (0.0e+00)
-------------------------------------------------------------------------------------------------------------
 T = 1747.62, DT = 24.2724, NI = 3, LI = 3, RES = 5.7e-03 (1.5e-06), CFL=0.000 (ELAPSED 00:13:28 )
-------------------------------------------------------------------------------------------------------------
	 #1 (9.8590e-02, 4.0757e-06): lin 1 (0.0e+00)
	 #2 (1.2466e+03, 7.0941e-06): lin 1 (0.0e+00)
	 #3 (5.8151e-01, 1.6793e-06): lin 1 (0.0e+00)
	 #4 (1.1967e-02, 2.7766e-06): lin 1 (0.0e+00)
	 #5 (1.1938e-02, 2.7767e-06): lin 1 (0.0e+00)
	 #6 (1.1952e-02, 2.7767e-06): lin 1 (0.0e+00)
	 #7 (1.1952e-02, 2.7767e-06): lin 1 (0.0e+00)
FAILED TO CONVERGE WITH DT = 48.545 (newton residual reservoir) 
	 #1 (4.9295e-02, 2.0379e-06): lin 1 (0.0e+00)
	 #2 (2.4708e+02, 1.3966e-06): lin 1 (0.0e+00)
	 #3 (3.9566e-02, 2.9162e-06): lin 1 (0.0e+00)
-------------------------------------------------------------------------------------------------------------
 T = 1771.89, DT = 24.2724, NI = 3, LI = 3, RES = 6.0e-03 (2.3e-06), CFL=0.000 (ELAPSED 00:13:37 )
-------------------------------------------------------------------------------------------------------------
	 #1 (9.8087e-02, 6.2478e-06): lin 1 (0.0e+00)
	 #2 (1.0181e+03, 5.6736e-06): lin 1 (0.0e+00)
	 #3 (5.3363e-01, 1.4176e-05): lin 1 (0.0e+00)
	 #4 (1.1495e-02, 3.9977e-06): lin 1 (0.0e+00)
	 #5 (1.1500e-02, 3.9977e-06): lin 1 (0.0e+00)
	 #6 (1.1501e-02, 3.9974e-06): lin 1 (0.0e+00)
	 #7 (1.1475e-02, 3.9977e-06): lin 1 (0.0e+00)
FAILED TO CONVERGE WITH DT = 48.545 (newton residual reservoir) 
	 #1 (4.9044e-02, 3.1239e-06): lin 1 (0.0e+00)
	 #2 (1.6956e+02, 1.4495e-06): lin 1 (0.0e+00)
	 #3 (5.4049e-02, 2.2011e-06): lin 1 (0.0e+00)
-------------------------------------------------------------------------------------------------------------
 T = 1796.16, DT = 24.2724, NI = 3, LI = 3, RES = 5.9e-03 (3.0e-06), CFL=0.000 (ELAPSED 00:13:47 )
-------------------------------------------------------------------------------------------------------------
	 #1 (9.7508e-02, 7.7511e-06): lin 1 (0.0e+00)
	 #2 (1.0093e+03, 4.3020e-06): lin 1 (0.0e+00)
	 #3 (4.9730e-01, 3.4050e-06): lin 1 (0.0e+00)
	 #4 (1.1607e-02, 3.0592e-06): lin 1 (0.0e+00)
	 #5 (1.1586e-02, 3.0590e-06): lin 1 (0.0e+00)
	 #6 (1.1578e-02, 3.0590e-06): lin 1 (0.0e+00)
	 #7 (1.1595e-02, 3.0589e-06): lin 1 (0.0e+00)
FAILED TO CONVERGE WITH DT = 48.545 (newton residual reservoir) 
	 #1 (4.8754e-02, 3.8755e-06): lin 1 (0.0e+00)
	 #2 (1.7542e+02, 1.2881e-06): lin 1 (0.0e+00)
	 #3 (5.6458e-02, 5.7213e-06): lin 1 (0.0e+00)
-------------------------------------------------------------------------------------------------------------
 T = 1820.43, DT = 24.2724, NI = 3, LI = 3, RES = 5.8e-03 (1.4e-06), CFL=0.000 (ELAPSED 00:13:57 )
-------------------------------------------------------------------------------------------------------------
	 #1 (9.6903e-02, 4.7356e-06): lin 1 (0.0e+00)
	 #2 (5.8079e+02, 2.5675e-06): lin 1 (0.0e+00)
	 #3 (9.0348e-02, 1.0190e-05): lin 1 (0.0e+00)
	 #4 (1.1413e-02, 1.0190e-05): lin 1 (0.0e+00)
	 #5 (1.1365e-02, 1.0190e-05): lin 1 (0.0e+00)
	 #6 (1.1373e-02, 1.0190e-05): lin 1 (0.0e+00)
	 #7 (1.1412e-02, 1.0190e-05): lin 1 (0.0e+00)
	 #8 (1.1391e-02, 1.0190e-05): lin 1 (0.0e+00)
	 #9 (1.1373e-02, 1.0190e-05): lin 1 (0.0e+00)
	 #10 (1.1430e-02, 1.0190e-05): lin 1 (0.0e+00)
	 #11 (1.1299e-02, 1.0190e-05): lin 1 (0.0e+00)
	 #12 (1.1414e-02, 1.0190e-05): lin 1 (0.0e+00)
	 #13 (1.1426e-02, 1.0190e-05): lin 1 (0.0e+00)
	 #14 (1.1389e-02, 1.0190e-05): lin 1 (0.0e+00)
FAILED TO CONVERGE WITH DT = 48.545 (newton residual reservoir) 
	 #1 (4.8452e-02, 2.3680e-06): lin 1 (0.0e+00)
	 #2 (6.7021e+01, 1.7041e-06): lin 1 (0.0e+00)
-------------------------------------------------------------------------------------------------------------
 T = 1844.71, DT = 24.2724, NI = 2, LI = 2, RES = 6.6e-03 (9.9e-07), CFL=0.000 (ELAPSED 00:14:12 )
-------------------------------------------------------------------------------------------------------------
	 #1 (9.6529e-02, 3.8438e-06): lin 1 (0.0e+00)
	 #2 (9.0241e+02, 1.4190e-05): lin 1 (0.0e+00)
	 #3 (6.5844e-01, 8.4013e-06): lin 1 (0.0e+00)
	 #4 (1.1330e-02, 3.0128e-06): lin 1 (0.0e+00)
	 #5 (1.1361e-02, 3.0126e-06): lin 1 (0.0e+00)
	 #6 (1.1361e-02, 3.0127e-06): lin 1 (0.0e+00)
	 #7 (1.1318e-02, 3.0126e-06): lin 1 (0.0e+00)
	 #8 (1.1325e-02, 3.0127e-06): lin 1 (0.0e+00)
	 #9 (1.1361e-02, 3.0126e-06): lin 1 (0.0e+00)
	 #10 (1.1311e-02, 3.0127e-06): lin 1 (0.0e+00)
FAILED TO CONVERGE WITH DT = 48.545 (newton residual reservoir) 
	 #1 (4.8264e-02, 1.9219e-06): lin 1 (0.0e+00)
	 #2 (1.2284e+02, 5.4284e-06): lin 1 (0.0e+00)
	 #3 (2.4325e-02, 2.6244e-06): lin 1 (0.0e+00)
-------------------------------------------------------------------------------------------------------------
 T = 1868.98, DT = 24.2724, NI = 3, LI = 3, RES = 5.9e-03 (2.6e-06), CFL=0.000 (ELAPSED 00:14:24 )
-------------------------------------------------------------------------------------------------------------
	 #1 (9.5775e-02, 6.5237e-06): lin 1 (0.0e+00)
	 #2 (1.1339e+03, 5.9026e-06): lin 1 (0.0e+00)
	 #3 (5.8195e-01, 7.8155e-06): lin 1 (0.0e+00)
	 #4 (1.1918e-02, 3.2046e-06): lin 1 (0.0e+00)
	 #5 (1.1902e-02, 3.2046e-06): lin 1 (0.0e+00)
	 #6 (1.1880e-02, 3.2046e-06): lin 1 (0.0e+00)
	 #7 (1.1927e-02, 3.2046e-06): lin 1 (0.0e+00)
	 #8 (1.1895e-02, 3.2046e-06): lin 1 (0.0e+00)
	 #9 (1.1895e-02, 3.2047e-06): lin 1 (0.0e+00)
	 #10 (1.1914e-02, 3.2046e-06): lin 1 (0.0e+00)
FAILED TO CONVERGE WITH DT = 48.545 (newton residual reservoir) 
	 #1 (4.7887e-02, 3.2619e-06): lin 1 (0.0e+00)
	 #2 (1.9520e+02, 1.2112e-06): lin 1 (0.0e+00)
	 #3 (6.1417e-02, 2.4208e-06): lin 1 (0.0e+00)
-------------------------------------------------------------------------------------------------------------
 T = 1893.25, DT = 24.2724, NI = 3, LI = 3, RES = 5.8e-03 (2.4e-06), CFL=0.000 (ELAPSED 00:14:36 )
-------------------------------------------------------------------------------------------------------------
	 #1 (9.5248e-02, 6.3297e-06): lin 1 (0.0e+00)
	 #2 (1.4490e+03, 5.8159e-06): lin 1 (0.0e+00)
	 #3 (1.3057e+00, 3.8768e-06): lin 1 (0.0e+00)
	 #4 (1.1243e-02, 6.5157e-06): lin 1 (0.0e+00)
	 #5 (1.1243e-02, 6.5159e-06): lin 1 (0.0e+00)
	 #6 (1.1243e-02, 6.5160e-06): lin 1 (0.0e+00)
FAILED TO CONVERGE WITH DT = 48.545 (newton residual reservoir) 
	 #1 (4.7624e-02, 3.1655e-06): lin 1 (0.0e+00)
	 #2 (2.8278e+02, 1.1391e-06): lin 1 (0.0e+00)
	 #3 (1.2435e-01, 2.0915e-06): lin 1 (0.0e+00)
-------------------------------------------------------------------------------------------------------------
 T = 1917.52, DT = 24.2724, NI = 3, LI = 3, RES = 5.6e-03 (2.1e-06), CFL=0.000 (ELAPSED 00:14:45 )
-------------------------------------------------------------------------------------------------------------
	 #1 (9.4659e-02, 6.3626e-06): lin 1 (0.0e+00)
	 #2 (1.2679e+03, 3.7160e-06): lin 1 (0.0e+00)
	 #3 (4.6761e-01, 4.9931e-06): lin 1 (0.0e+00)
	 #4 (1.1292e-02, 4.8284e-06): lin 1 (0.0e+00)
	 #5 (1.1312e-02, 4.8285e-06): lin 1 (0.0e+00)
	 #6 (1.1300e-02, 4.8285e-06): lin 1 (0.0e+00)
	 #7 (1.1297e-02, 4.8285e-06): lin 1 (0.0e+00)
	 #8 (1.1278e-02, 4.8285e-06): lin 1 (0.0e+00)
FAILED TO CONVERGE WITH DT = 48.545 (newton residual reservoir) 
	 #1 (4.7329e-02, 3.1819e-06): lin 1 (0.0e+00)
	 #2 (2.3671e+02, 1.4193e-06): lin 1 (0.0e+00)
	 #3 (3.0456e-02, 3.8840e-06): lin 1 (0.0e+00)
-------------------------------------------------------------------------------------------------------------
 T = 1941.79, DT = 24.2724, NI = 3, LI = 3, RES = 5.8e-03 (6.4e-06), CFL=0.000 (ELAPSED 00:14:56 )
-------------------------------------------------------------------------------------------------------------
	 #1 (9.4196e-02, 1.1831e-05): lin 1 (0.0e+00)
	 #2 (5.9863e+02, 2.8044e-06): lin 1 (0.0e+00)
	 #3 (1.6355e-01, 3.1576e-06): lin 1 (0.0e+00)
	 #4 (1.1543e-02, 1.3066e-05): lin 1 (0.0e+00)
	 #5 (1.1525e-02, 1.3066e-05): lin 1 (0.0e+00)
	 #6 (1.1520e-02, 1.3066e-05): lin 1 (0.0e+00)
	 #7 (1.1526e-02, 1.3066e-05): lin 1 (0.0e+00)
FAILED TO CONVERGE WITH DT = 48.545 (newton residual reservoir) 
	 #1 (4.7098e-02, 5.9163e-06): lin 1 (0.0e+00)
	 #2 (7.2994e+01, 3.0230e-06): lin 1 (0.0e+00)
-------------------------------------------------------------------------------------------------------------
 T = 1966.07, DT = 24.2724, NI = 2, LI = 2, RES = 9.6e-03 (1.3e-06), CFL=0.000 (ELAPSED 00:15:04 )
-------------------------------------------------------------------------------------------------------------
	 #1 (9.4920e-02, 4.6189e-06): lin 1 (0.0e+00)
	 #2 (7.5618e+02, 2.2123e-07): lin 1 (0.0e+00)
	 #3 (2.7016e-01, 9.5997e-06): lin 1 (0.0e+00)
	 #4 (1.1392e-02, 2.5880e-06): lin 1 (0.0e+00)
	 #5 (1.1380e-02, 2.5881e-06): lin 1 (0.0e+00)
	 #6 (1.1399e-02, 2.5882e-06): lin 1 (0.0e+00)
	 #7 (1.1396e-02, 2.5881e-06): lin 1 (0.0e+00)
FAILED TO CONVERGE WITH DT = 48.545 (newton residual reservoir) 
	 #1 (4.7460e-02, 2.3143e-06): lin 1 (0.0e+00)
	 #2 (9.3815e+01, 3.1937e-06): lin 1 (0.0e+00)
	 #3 (1.9761e-02, 4.4906e-06): lin 1 (0.0e+00)
-------------------------------------------------------------------------------------------------------------
 T = 1990.34, DT = 24.2724, NI = 3, LI = 3, RES = 5.7e-03 (4.5e-06), CFL=0.000 (ELAPSED 00:15:14 )
-------------------------------------------------------------------------------------------------------------
	 #1 (9.3157e-02, 9.5450e-06): lin 1 (0.0e+00)
	 #2 (7.7737e+02, 3.0989e-06): lin 1 (0.0e+00)
	 #3 (4.8527e-01, 1.1101e-05): lin 1 (0.0e+00)
	 #4 (1.1658e-02, 9.2456e-07): lin 1 (0.0e+00)
	 #5 (1.1639e-02, 9.2506e-07): lin 1 (0.0e+00)
	 #6 (1.1659e-02, 9.2456e-07): lin 1 (0.0e+00)
	 #7 (1.1640e-02, 9.2486e-07): lin 1 (0.0e+00)
	 #8 (1.1640e-02, 9.2486e-07): lin 1 (0.0e+00)
	 #9 (1.1659e-02, 9.2486e-07): lin 1 (0.0e+00)
FAILED TO CONVERGE WITH DT = 48.545 (newton residual reservoir) 
	 #1 (4.6579e-02, 4.7733e-06): lin 1 (0.0e+00)
	 #2 (1.4167e+02, 4.6181e-06): lin 1 (0.0e+00)
	 #3 (4.1066e-02, 1.8796e-06): lin 1 (0.0e+00)
-------------------------------------------------------------------------------------------------------------
 T = 2014.61, DT = 24.2724, NI = 3, LI = 3, RES = 5.9e-03 (3.3e-06), CFL=0.000 (ELAPSED 00:15:25 )
-------------------------------------------------------------------------------------------------------------
	 #1 (9.2705e-02, 8.1861e-06): lin 1 (0.0e+00)
	 #2 (1.0772e+03, 5.4281e-06): lin 1 (0.0e+00)
	 #3 (1.0467e+00, 1.1839e-05): lin 1 (0.0e+00)
	 #4 (1.1400e-02, 8.5168e-06): lin 1 (0.0e+00)
	 #5 (1.1367e-02, 8.5165e-06): lin 1 (0.0e+00)
	 #6 (1.1351e-02, 8.5167e-06): lin 1 (0.0e+00)
	 #7 (1.1400e-02, 8.5165e-06): lin 1 (0.0e+00)
	 #8 (1.1381e-02, 8.5167e-06): lin 1 (0.0e+00)
	 #9 (1.1365e-02, 8.5165e-06): lin 1 (0.0e+00)
	 #10 (1.1345e-02, 8.5167e-06): lin 1 (0.0e+00)
	 #11 (1.1385e-02, 8.5165e-06): lin 1 (0.0e+00)
	 #12 (1.1383e-02, 8.5167e-06): lin 1 (0.0e+00)
	 #13 (1.1400e-02, 8.5165e-06): lin 1 (0.0e+00)
FAILED TO CONVERGE WITH DT = 48.545 (newton residual reservoir) 
	 #1 (4.6352e-02, 4.0948e-06): lin 1 (0.0e+00)
	 #2 (1.8703e+02, 1.4880e-06): lin 1 (0.0e+00)
	 #3 (1.0194e-01, 2.3016e-06): lin 1 (0.0e+00)
-------------------------------------------------------------------------------------------------------------
 T = 2038.88, DT = 24.2724, NI = 3, LI = 3, RES = 5.7e-03 (2.9e-06), CFL=0.000 (ELAPSED 00:15:40 )
-------------------------------------------------------------------------------------------------------------
	 #1 (9.2175e-02, 7.7726e-06): lin 1 (0.0e+00)
	 #2 (8.1375e+02, 5.1820e-06): lin 1 (0.0e+00)
	 #3 (2.3703e-01, 7.4487e-06): lin 1 (0.0e+00)
	 #4 (1.1729e-02, 7.4487e-06): lin 1 (0.0e+00)
	 #5 (1.1672e-02, 7.4486e-06): lin 1 (0.0e+00)
	 #6 (1.1672e-02, 7.4486e-06): lin 1 (0.0e+00)
	 #7 (1.1716e-02, 7.4484e-06): lin 1 (0.0e+00)
	 #8 (1.1679e-02, 7.4486e-06): lin 1 (0.0e+00)
FAILED TO CONVERGE WITH DT = 48.545 (newton residual reservoir) 
	 #1 (4.6088e-02, 3.8871e-06): lin 1 (0.0e+00)
	 #2 (9.1067e+01, 4.4975e-06): lin 1 (0.0e+00)
-------------------------------------------------------------------------------------------------------------
 T = 2063.16, DT = 24.2724, NI = 2, LI = 2, RES = 9.3e-03 (2.6e-06), CFL=0.000 (ELAPSED 00:15:50 )
-------------------------------------------------------------------------------------------------------------
	 #1 (9.2845e-02, 7.4762e-06): lin 1 (0.0e+00)
	 #2 (7.9446e+02, 1.3596e-05): lin 1 (0.0e+00)
	 #3 (3.9077e-01, 6.1681e-06): lin 1 (0.0e+00)
	 #4 (1.1682e-02, 4.2433e-06): lin 1 (0.0e+00)
	 #5 (1.1625e-02, 4.2434e-06): lin 1 (0.0e+00)
	 #6 (1.1625e-02, 4.2435e-06): lin 1 (0.0e+00)
	 #7 (1.1606e-02, 4.2435e-06): lin 1 (0.0e+00)
FAILED TO CONVERGE WITH DT = 48.545 (newton residual reservoir) 
	 #1 (4.6422e-02, 3.7400e-06): lin 1 (0.0e+00)
	 #2 (1.0344e+02, 3.6938e-06): lin 1 (0.0e+00)
	 #3 (3.2779e-02, 3.4192e-06): lin 1 (0.0e+00)
-------------------------------------------------------------------------------------------------------------
 T = 2087.43, DT = 24.2724, NI = 3, LI = 3, RES = 5.8e-03 (6.8e-06), CFL=0.000 (ELAPSED 00:15:59 )
-------------------------------------------------------------------------------------------------------------
	 #1 (9.1277e-02, 1.2538e-05): lin 1 (0.0e+00)
	 #2 (1.2707e+03, 2.8510e-06): lin 1 (0.0e+00)
	 #3 (1.0260e+00, 1.5155e-05): lin 1 (0.0e+00)
	 #4 (1.2387e-02, 4.9772e-06): lin 1 (0.0e+00)
	 #5 (1.2391e-02, 4.9772e-06): lin 1 (0.0e+00)
	 #6 (1.2389e-02, 4.9771e-06): lin 1 (0.0e+00)
FAILED TO CONVERGE WITH DT = 48.545 (newton residual reservoir) 
	 #1 (4.5639e-02, 6.2691e-06): lin 1 (0.0e+00)
	 #2 (2.2770e+02, 3.0893e-06): lin 1 (0.0e+00)
	 #3 (9.9171e-02, 3.7215e-06): lin 1 (0.0e+00)
-------------------------------------------------------------------------------------------------------------
 T = 2111.7, DT = 24.2724, NI = 3, LI = 3, RES = 5.7e-03 (1.4e-06), CFL=0.000 (ELAPSED 00:16:08 )
-------------------------------------------------------------------------------------------------------------
	 #1 (9.0799e-02, 5.6299e-06): lin 1 (0.0e+00)
	 #2 (1.2938e+03, 8.0618e-06): lin 1 (0.0e+00)
	 #3 (1.1593e+00, 7.3263e-06): lin 1 (0.0e+00)
	 #4 (1.1757e-02, 3.1409e-06): lin 1 (0.0e+00)
	 #5 (1.1767e-02, 3.1409e-06): lin 1 (0.0e+00)
	 #6 (1.1755e-02, 3.1409e-06): lin 1 (0.0e+00)
	 #7 (1.1745e-02, 3.1409e-06): lin 1 (0.0e+00)
FAILED TO CONVERGE WITH DT = 48.545 (newton residual reservoir) 
	 #1 (4.5400e-02, 2.8149e-06): lin 1 (0.0e+00)
	 #2 (2.5389e+02, 1.9813e-06): lin 1 (0.0e+00)
	 #3 (1.2536e-01, 7.9034e-07): lin 1 (0.0e+00)
-------------------------------------------------------------------------------------------------------------
 T = 2135.97, DT = 24.2724, NI = 3, LI = 3, RES = 5.8e-03 (1.5e-06), CFL=0.000 (ELAPSED 00:16:17 )
-------------------------------------------------------------------------------------------------------------
	 #1 (9.0350e-02, 5.6944e-06): lin 1 (0.0e+00)
	 #2 (1.2129e+03, 9.3985e-06): lin 1 (0.0e+00)
	 #3 (4.6006e-01, 2.6146e-06): lin 1 (0.0e+00)
	 #4 (1.1487e-02, 8.9051e-07): lin 1 (0.0e+00)
	 #5 (1.1462e-02, 8.9061e-07): lin 1 (0.0e+00)
	 #6 (1.1446e-02, 8.9051e-07): lin 1 (0.0e+00)
	 #7 (1.1436e-02, 8.9061e-07): lin 1 (0.0e+00)
	 #8 (1.1433e-02, 8.9051e-07): lin 1 (0.0e+00)
	 #9 (1.1447e-02, 8.9051e-07): lin 1 (0.0e+00)
	 #10 (1.1481e-02, 8.9061e-07): lin 1 (0.0e+00)
FAILED TO CONVERGE WITH DT = 48.545 (newton residual reservoir) 
	 #1 (4.5175e-02, 2.8487e-06): lin 1 (0.0e+00)
	 #2 (2.5092e+02, 3.5027e-06): lin 1 (0.0e+00)
	 #3 (4.5795e-02, 4.1366e-06): lin 1 (0.0e+00)
-------------------------------------------------------------------------------------------------------------
 T = 2160.25, DT = 24.2724, NI = 3, LI = 3, RES = 5.7e-03 (1.4e-06), CFL=0.000 (ELAPSED 00:16:30 )
-------------------------------------------------------------------------------------------------------------
	 #1 (8.9862e-02, 4.5216e-06): lin 1 (0.0e+00)
	 #2 (9.3562e+02, 7.1434e-06): lin 1 (0.0e+00)
	 #3 (3.2955e-01, 1.3477e-07): lin 1 (0.0e+00)
	 #4 (1.1192e-02, 2.5475e-06): lin 1 (0.0e+00)
	 #5 (1.1183e-02, 2.5476e-06): lin 1 (0.0e+00)
	 #6 (1.1183e-02, 2.5477e-06): lin 1 (0.0e+00)
FAILED TO CONVERGE WITH DT = 48.545 (newton residual reservoir) 
	 #1 (4.4931e-02, 2.2608e-06): lin 1 (0.0e+00)
	 #2 (1.1474e+02, 1.3260e-06): lin 1 (0.0e+00)
	 #3 (1.3231e-02, 6.2333e-06): lin 1 (0.0e+00)
-------------------------------------------------------------------------------------------------------------
 T = 2184.52, DT = 24.2724, NI = 3, LI = 3, RES = 5.5e-03 (6.2e-06), CFL=0.000 (ELAPSED 00:16:39 )
-------------------------------------------------------------------------------------------------------------
	 #1 (8.9398e-02, 1.4946e-05): lin 1 (0.0e+00)
	 #2 (1.2464e+03, 6.3680e-06): lin 1 (0.0e+00)
	 #3 (7.0070e-01, 9.7767e-07): lin 1 (0.0e+00)
	 #4 (1.1327e-02, 2.8668e-06): lin 1 (0.0e+00)
	 #5 (1.1299e-02, 2.8668e-06): lin 1 (0.0e+00)
	 #6 (1.1289e-02, 2.8668e-06): lin 1 (0.0e+00)
	 #7 (1.1286e-02, 2.8668e-06): lin 1 (0.0e+00)
	 #8 (1.1274e-02, 2.8668e-06): lin 1 (0.0e+00)
FAILED TO CONVERGE WITH DT = 48.545 (newton residual reservoir) 
	 #1 (4.4699e-02, 7.4729e-06): lin 1 (0.0e+00)
	 #2 (2.5965e+02, 2.3324e-07): lin 1 (0.0e+00)
	 #3 (6.4429e-02, 3.3011e-06): lin 1 (0.0e+00)
-------------------------------------------------------------------------------------------------------------
 T = 2208.79, DT = 24.2724, NI = 3, LI = 3, RES = 5.8e-03 (3.3e-06), CFL=0.000 (ELAPSED 00:16:49 )
-------------------------------------------------------------------------------------------------------------
	 #1 (8.9033e-02, 8.4098e-06): lin 1 (0.0e+00)
	 #2 (9.1395e+02, 5.4479e-06): lin 1 (0.0e+00)
	 #3 (1.8260e-01, 2.2787e-06): lin 1 (0.0e+00)
	 #4 (1.1696e-02, 8.0003e-06): lin 1 (0.0e+00)
	 #5 (1.1717e-02, 8.0002e-06): lin 1 (0.0e+00)
	 #6 (1.1706e-02, 8.0004e-06): lin 1 (0.0e+00)
	 #7 (1.1703e-02, 8.0002e-06): lin 1 (0.0e+00)
	 #8 (1.1717e-02, 8.0004e-06): lin 1 (0.0e+00)
FAILED TO CONVERGE WITH DT = 48.545 (newton residual reservoir) 
	 #1 (4.4517e-02, 4.2051e-06): lin 1 (0.0e+00)
	 #2 (1.9426e+02, 5.6085e-06): lin 1 (0.0e+00)
	 #3 (1.7506e-02, 2.2007e-06): lin 1 (0.0e+00)
-------------------------------------------------------------------------------------------------------------
 T = 2233.06, DT = 24.2724, NI = 3, LI = 3, RES = 5.5e-03 (2.2e-06), CFL=0.000 (ELAPSED 00:17:00 )
-------------------------------------------------------------------------------------------------------------
	 #1 (8.8539e-02, 6.9037e-06): lin 1 (0.0e+00)
	 #2 (8.1761e+02, 6.4870e-06): lin 1 (0.0e+00)
	 #3 (4.3456e-01, 4.7084e-06): lin 1 (0.0e+00)
	 #4 (1.1313e-02, 5.8473e-06): lin 1 (0.0e+00)
	 #5 (1.1337e-02, 5.8473e-06): lin 1 (0.0e+00)
	 #6 (1.1337e-02, 5.8474e-06): lin 1 (0.0e+00)
	 #7 (1.1282e-02, 5.8474e-06): lin 1 (0.0e+00)
	 #8 (1.1283e-02, 5.8474e-06): lin 1 (0.0e+00)
	 #9 (1.1313e-02, 5.8474e-06): lin 1 (0.0e+00)
	 #10 (1.1283e-02, 5.8474e-06): lin 1 (0.0e+00)
	 #11 (1.1337e-02, 5.8474e-06): lin 1 (0.0e+00)
	 #12 (1.1313e-02, 5.8474e-06): lin 1 (0.0e+00)
FAILED TO CONVERGE WITH DT = 48.545 (newton residual reservoir) 
	 #1 (4.4269e-02, 3.4519e-06): lin 1 (0.0e+00)
	 #2 (1.2904e+02, 1.5385e-06): lin 1 (0.0e+00)
	 #3 (4.5685e-02, 7.1402e-06): lin 1 (0.0e+00)
-------------------------------------------------------------------------------------------------------------
 T = 2257.34, DT = 24.2724, NI = 3, LI = 3, RES = 5.7e-03 (3.1e-06), CFL=0.000 (ELAPSED 00:17:14 )
-------------------------------------------------------------------------------------------------------------
	 #1 (8.8182e-02, 8.8416e-06): lin 1 (0.0e+00)
	 #2 (9.1062e+02, 1.1949e-05): lin 1 (0.0e+00)
	 #3 (3.0431e-01, 3.4342e-06): lin 1 (0.0e+00)
	 #4 (1.2543e-02, 3.4343e-06): lin 1 (0.0e+00)
	 #5 (1.2545e-02, 3.4343e-06): lin 1 (0.0e+00)
	 #6 (1.2534e-02, 3.4343e-06): lin 1 (0.0e+00)
FAILED TO CONVERGE WITH DT = 48.545 (newton residual reservoir) 
	 #1 (4.4091e-02, 4.4208e-06): lin 1 (0.0e+00)
	 #2 (1.2479e+02, 3.1323e-06): lin 1 (0.0e+00)
	 #3 (1.9987e-02, 5.9138e-06): lin 1 (0.0e+00)
-------------------------------------------------------------------------------------------------------------
 T = 2281.61, DT = 24.2724, NI = 3, LI = 3, RES = 5.8e-03 (1.5e-06), CFL=0.000 (ELAPSED 00:17:22 )
-------------------------------------------------------------------------------------------------------------
	 #1 (8.7794e-02, 6.0964e-06): lin 1 (0.0e+00)
	 #2 (9.9454e+02, 7.0889e-07): lin 1 (0.0e+00)
	 #3 (7.8558e-01, 1.0080e-05): lin 1 (0.0e+00)
	 #4 (1.2370e-02, 1.0080e-05): lin 1 (0.0e+00)
	 #5 (1.2365e-02, 1.0080e-05): lin 1 (0.0e+00)
	 #6 (1.2365e-02, 1.0080e-05): lin 1 (0.0e+00)
	 #7 (1.2354e-02, 1.0080e-05): lin 1 (0.0e+00)
FAILED TO CONVERGE WITH DT = 48.545 (newton residual reservoir) 
	 #1 (4.3897e-02, 3.0491e-06): lin 1 (0.0e+00)
	 #2 (1.9856e+02, 3.2608e-06): lin 1 (0.0e+00)
	 #3 (5.3213e-02, 5.6554e-06): lin 1 (0.0e+00)
-------------------------------------------------------------------------------------------------------------
 T = 2305.88, DT = 24.2724, NI = 3, LI = 3, RES = 5.7e-03 (1.3e-06), CFL=0.000 (ELAPSED 00:17:32 )
-------------------------------------------------------------------------------------------------------------
	 #1 (8.7358e-02, 4.5930e-06): lin 1 (0.0e+00)
	 #2 (5.8725e+02, 4.1850e-06): lin 1 (0.0e+00)
	 #3 (1.9591e-01, 2.9528e-06): lin 1 (0.0e+00)
	 #4 (1.2397e-02, 2.9528e-06): lin 1 (0.0e+00)
	 #5 (1.2368e-02, 2.9529e-06): lin 1 (0.0e+00)
	 #6 (1.2344e-02, 2.9527e-06): lin 1 (0.0e+00)
	 #7 (1.2360e-02, 2.9529e-06): lin 1 (0.0e+00)
	 #8 (1.2368e-02, 2.9528e-06): lin 1 (0.0e+00)
	 #9 (1.2344e-02, 2.9527e-06): lin 1 (0.0e+00)
FAILED TO CONVERGE WITH DT = 48.545 (newton residual reservoir) 
	 #1 (4.3679e-02, 2.2982e-06): lin 1 (0.0e+00)
	 #2 (7.4308e+01, 1.7846e-07): lin 1 (0.0e+00)
	 #3 (1.1553e-02, 2.1996e-06): lin 1 (0.0e+00)
-------------------------------------------------------------------------------------------------------------
 T = 2330.15, DT = 24.2724, NI = 3, LI = 3, RES = 5.8e-03 (3.0e-06), CFL=0.000 (ELAPSED 00:17:43 )
-------------------------------------------------------------------------------------------------------------
	 #1 (8.6995e-02, 8.7702e-06): lin 1 (0.0e+00)
	 #2 (1.1373e+03, 3.5676e-06): lin 1 (0.0e+00)
	 #3 (4.8567e-01, 6.4885e-06): lin 1 (0.0e+00)
	 #4 (1.1282e-02, 6.4885e-06): lin 1 (0.0e+00)
	 #5 (1.1271e-02, 6.4885e-06): lin 1 (0.0e+00)
	 #6 (1.1241e-02, 6.4889e-06): lin 1 (0.0e+00)
	 #7 (1.1230e-02, 6.4885e-06): lin 1 (0.0e+00)
	 #8 (1.1228e-02, 6.4889e-06): lin 1 (0.0e+00)
	 #9 (1.1241e-02, 6.4884e-06): lin 1 (0.0e+00)
	 #10 (1.1209e-02, 6.4887e-06): lin 1 (0.0e+00)
	 #11 (1.1271e-02, 6.4887e-06): lin 1 (0.0e+00)
FAILED TO CONVERGE WITH DT = 48.545 (newton residual reservoir) 
	 #1 (4.3498e-02, 4.3852e-06): lin 1 (0.0e+00)
	 #2 (2.0994e+02, 4.1296e-06): lin 1 (0.0e+00)
	 #3 (3.0791e-02, 1.4428e-06): lin 1 (0.0e+00)
-------------------------------------------------------------------------------------------------------------
 T = 2354.43, DT = 24.2724, NI = 3, LI = 3, RES = 5.8e-03 (1.4e-06), CFL=0.000 (ELAPSED 00:17:56 )
-------------------------------------------------------------------------------------------------------------
	 #1 (8.6565e-02, 6.5013e-06): lin 1 (0.0e+00)
	 #2 (1.2059e+03, 1.0722e-05): lin 1 (0.0e+00)
	 #3 (9.1326e-01, 9.0949e-06): lin 1 (0.0e+00)
	 #4 (1.1752e-02, 2.6402e-06): lin 1 (0.0e+00)
	 #5 (1.1735e-02, 2.6403e-06): lin 1 (0.0e+00)
	 #6 (1.1749e-02, 2.6404e-06): lin 1 (0.0e+00)
	 #7 (1.1758e-02, 2.6403e-06): lin 1 (0.0e+00)
FAILED TO CONVERGE WITH DT = 48.545 (newton residual reservoir) 
	 #1 (4.3283e-02, 3.2508e-06): lin 1 (0.0e+00)
	 #2 (2.7673e+02, 2.0422e-06): lin 1 (0.0e+00)
	 #3 (9.1054e-02, 4.5630e-06): lin 1 (0.0e+00)
-------------------------------------------------------------------------------------------------------------
 T = 2378.7, DT = 24.2724, NI = 3, LI = 3, RES = 5.6e-03 (5.7e-06), CFL=0.000 (ELAPSED 00:18:06 )
-------------------------------------------------------------------------------------------------------------
	 #1 (8.6074e-02, 1.4158e-05): lin 1 (0.0e+00)
	 #2 (6.1580e+02, 3.8317e-06): lin 1 (0.0e+00)
	 #3 (3.8268e-01, 1.0459e-05): lin 1 (0.0e+00)
	 #4 (1.2174e-02, 1.0459e-05): lin 1 (0.0e+00)
	 #5 (1.2159e-02, 1.0459e-05): lin 1 (0.0e+00)
	 #6 (1.1998e-02, 1.0459e-05): lin 1 (0.0e+00)
	 #7 (1.2013e-02, 1.0459e-05): lin 1 (0.0e+00)
	 #8 (1.2115e-02, 1.0459e-05): lin 1 (0.0e+00)
	 #9 (1.2013e-02, 1.0459e-05): lin 1 (0.0e+00)
	 #10 (1.1998e-02, 1.0459e-05): lin 1 (0.0e+00)
	 #11 (1.2151e-02, 1.0459e-05): lin 1 (0.0e+00)
	 #12 (1.2025e-02, 1.0459e-05): lin 1 (0.0e+00)
FAILED TO CONVERGE WITH DT = 48.545 (newton residual reservoir) 
	 #1 (4.3037e-02, 7.0788e-06): lin 1 (0.0e+00)
	 #2 (1.1826e+02, 1.4416e-06): lin 1 (0.0e+00)
	 #3 (3.6806e-02, 1.1434e-06): lin 1 (0.0e+00)
-------------------------------------------------------------------------------------------------------------
 T = 2402.97, DT = 24.2724, NI = 3, LI = 3, RES = 5.5e-03 (1.1e-06), CFL=0.000 (ELAPSED 00:18:20 )
-------------------------------------------------------------------------------------------------------------
	 #1 (8.5679e-02, 5.1922e-06): lin 1 (0.0e+00)
	 #2 (9.4567e+02, 4.9866e-06): lin 1 (0.0e+00)
	 #3 (1.9324e-01, 3.0054e-06): lin 1 (0.0e+00)
	 #4 (1.1701e-02, 2.7656e-06): lin 1 (0.0e+00)
	 #5 (1.1702e-02, 2.7655e-06): lin 1 (0.0e+00)
	 #6 (1.1718e-02, 2.7655e-06): lin 1 (0.0e+00)
	 #7 (1.1663e-02, 2.7655e-06): lin 1 (0.0e+00)
	 #8 (1.1659e-02, 2.7655e-06): lin 1 (0.0e+00)
	 #9 (1.1739e-02, 2.7655e-06): lin 1 (0.0e+00)
	 #10 (1.1671e-02, 2.7655e-06): lin 1 (0.0e+00)
	 #11 (1.1696e-02, 2.7655e-06): lin 1 (0.0e+00)
FAILED TO CONVERGE WITH DT = 48.545 (newton residual reservoir) 
	 #1 (4.2840e-02, 2.5961e-06): lin 1 (0.0e+00)
	 #2 (1.5585e+02, 1.2844e-06): lin 1 (0.0e+00)
	 #3 (1.5241e-02, 1.8661e-06): lin 1 (0.0e+00)
-------------------------------------------------------------------------------------------------------------
 T = 2427.24, DT = 24.2724, NI = 3, LI = 3, RES = 5.7e-03 (2.0e-06), CFL=0.000 (ELAPSED 00:18:33 )
-------------------------------------------------------------------------------------------------------------
	 #1 (8.5388e-02, 6.8306e-06): lin 1 (0.0e+00)
	 #2 (1.1709e+03, 1.3820e-05): lin 1 (0.0e+00)
	 #3 (6.8220e-01, 1.3467e-05): lin 1 (0.0e+00)
	 #4 (1.1816e-02, 3.4579e-06): lin 1 (0.0e+00)
	 #5 (1.1827e-02, 3.4579e-06): lin 1 (0.0e+00)
	 #6 (1.1826e-02, 3.4576e-06): lin 1 (0.0e+00)
	 #7 (1.1778e-02, 3.4577e-06): lin 1 (0.0e+00)
	 #8 (1.1832e-02, 3.4579e-06): lin 1 (0.0e+00)
FAILED TO CONVERGE WITH DT = 48.545 (newton residual reservoir) 
	 #1 (4.2694e-02, 3.4153e-06): lin 1 (0.0e+00)
	 #2 (2.2424e+02, 9.1543e-07): lin 1 (0.0e+00)
	 #3 (4.6308e-02, 2.5354e-06): lin 1 (0.0e+00)
-------------------------------------------------------------------------------------------------------------
 T = 2451.52, DT = 24.2724, NI = 3, LI = 3, RES = 5.7e-03 (2.6e-06), CFL=0.000 (ELAPSED 00:18:44 )
-------------------------------------------------------------------------------------------------------------
	 #1 (8.5007e-02, 8.1945e-06): lin 1 (0.0e+00)
	 #2 (5.7482e+02, 2.0978e-06): lin 1 (0.0e+00)
	 #3 (3.5323e-01, 5.2763e-06): lin 1 (0.0e+00)
	 #4 (1.0944e-02, 5.2760e-06): lin 1 (0.0e+00)
	 #5 (1.0946e-02, 5.2764e-06): lin 1 (0.0e+00)
	 #6 (1.0971e-02, 5.2762e-06): lin 1 (0.0e+00)
	 #7 (1.1081e-02, 5.2764e-06): lin 1 (0.0e+00)
	 #8 (1.0985e-02, 5.2762e-06): lin 1 (0.0e+00)
	 #9 (1.0923e-02, 5.2764e-06): lin 1 (0.0e+00)
	 #10 (1.1069e-02, 5.2762e-06): lin 1 (0.0e+00)
	 #11 (1.0971e-02, 5.2764e-06): lin 1 (0.0e+00)
	 #12 (1.0960e-02, 5.2762e-06): lin 1 (0.0e+00)
	 #13 (1.1081e-02, 5.2764e-06): lin 1 (0.0e+00)
	 #14 (1.0985e-02, 5.2762e-06): lin 1 (0.0e+00)
	 #15 (1.0944e-02, 5.2764e-06): lin 1 (0.0e+00)
	 #16 (1.1069e-02, 5.2762e-06): lin 1 (0.0e+00)
	 #17 (1.0985e-02, 5.2764e-06): lin 1 (0.0e+00)
FAILED TO CONVERGE WITH DT = 48.545 (newton residual reservoir) 
	 #1 (4.2503e-02, 4.0973e-06): lin 1 (0.0e+00)
	 #2 (8.8360e+01, 1.7702e-06): lin 1 (0.0e+00)
	 #3 (3.3034e-02, 1.8455e-06): lin 1 (0.0e+00)
-------------------------------------------------------------------------------------------------------------
 T = 2475.79, DT = 24.2724, NI = 3, LI = 3, RES = 5.8e-03 (3.4e-06), CFL=0.000 (ELAPSED 00:19:02 )
-------------------------------------------------------------------------------------------------------------
	 #1 (8.4658e-02, 9.8446e-06): lin 1 (0.0e+00)
	 #2 (9.3408e+02, 2.6052e-06): lin 1 (0.0e+00)
	 #3 (4.1160e-01, 2.9718e-06): lin 1 (0.0e+00)
	 #4 (1.1190e-02, 2.9719e-06): lin 1 (0.0e+00)
	 #5 (1.1196e-02, 2.9718e-06): lin 1 (0.0e+00)
	 #6 (1.1190e-02, 2.9720e-06): lin 1 (0.0e+00)
	 #7 (1.1227e-02, 2.9718e-06): lin 1 (0.0e+00)
	 #8 (1.1212e-02, 2.9720e-06): lin 1 (0.0e+00)
FAILED TO CONVERGE WITH DT = 48.545 (newton residual reservoir) 
	 #1 (4.2329e-02, 4.9223e-06): lin 1 (0.0e+00)
	 #2 (1.7000e+02, 2.1983e-06): lin 1 (0.0e+00)
	 #3 (4.6944e-02, 8.8691e-07): lin 1 (0.0e+00)
-------------------------------------------------------------------------------------------------------------
 T = 2500.06, DT = 24.2724, NI = 3, LI = 3, RES = 5.8e-03 (4.2e-06), CFL=0.000 (ELAPSED 00:19:13 )
-------------------------------------------------------------------------------------------------------------
	 #1 (8.4294e-02, 1.1508e-05): lin 1 (0.0e+00)
	 #2 (8.0726e+02, 2.0218e-06): lin 1 (0.0e+00)
	 #3 (4.4862e-01, 9.4205e-06): lin 1 (0.0e+00)
	 #4 (1.1289e-02, 7.5889e-07): lin 1 (0.0e+00)
	 #5 (1.1358e-02, 7.5889e-07): lin 1 (0.0e+00)
	 #6 (1.1358e-02, 7.5889e-07): lin 1 (0.0e+00)
	 #7 (1.1434e-02, 7.5889e-07): lin 1 (0.0e+00)
	 #8 (1.1349e-02, 7.5889e-07): lin 1 (0.0e+00)
FAILED TO CONVERGE WITH DT = 48.545 (newton residual reservoir) 
	 #1 (4.2147e-02, 5.7538e-06): lin 1 (0.0e+00)
	 #2 (1.2740e+02, 3.6430e-06): lin 1 (0.0e+00)
	 #3 (2.0033e-02, 4.5415e-06): lin 1 (0.0e+00)
-------------------------------------------------------------------------------------------------------------
 T = 2524.33, DT = 24.2724, NI = 3, LI = 3, RES = 5.9e-03 (4.5e-06), CFL=0.000 (ELAPSED 00:19:23 )
-------------------------------------------------------------------------------------------------------------
	 #1 (8.3959e-02, 1.1040e-05): lin 1 (0.0e+00)
	 #2 (7.7902e+02, 3.9189e-06): lin 1 (0.0e+00)
	 #3 (2.3409e-01, 1.0774e-05): lin 1 (0.0e+00)
	 #4 (1.1788e-02, 6.0119e-07): lin 1 (0.0e+00)
	 #5 (1.1797e-02, 6.0099e-07): lin 1 (0.0e+00)
	 #6 (1.1797e-02, 6.0089e-07): lin 1 (0.0e+00)
	 #7 (1.1829e-02, 6.0098e-07): lin 1 (0.0e+00)
	 #8 (1.1819e-02, 6.0099e-07): lin 1 (0.0e+00)
	 #9 (1.1811e-02, 6.0098e-07): lin 1 (0.0e+00)
	 #10 (1.1815e-02, 6.0099e-07): lin 1 (0.0e+00)
FAILED TO CONVERGE WITH DT = 48.545 (newton residual reservoir) 
	 #1 (4.1979e-02, 5.5198e-06): lin 1 (0.0e+00)
	 #2 (1.5507e+02, 5.7725e-06): lin 1 (0.0e+00)
	 #3 (2.3559e-02, 1.3116e-06): lin 1 (0.0e+00)
-------------------------------------------------------------------------------------------------------------
 T = 2548.61, DT = 24.2724, NI = 3, LI = 3, RES = 5.4e-03 (1.5e-06), CFL=0.000 (ELAPSED 00:19:35 )
-------------------------------------------------------------------------------------------------------------
	 #1 (8.3464e-02, 5.9612e-06): lin 1 (0.0e+00)
	 #2 (6.9482e+02, 4.1712e-06): lin 1 (0.0e+00)
	 #3 (1.0472e-01, 8.3881e-06): lin 1 (0.0e+00)
	 #4 (1.1500e-02, 1.8850e-06): lin 1 (0.0e+00)
	 #5 (1.1486e-02, 1.8848e-06): lin 1 (0.0e+00)
	 #6 (1.1500e-02, 1.8850e-06): lin 1 (0.0e+00)
	 #7 (1.1500e-02, 1.8848e-06): lin 1 (0.0e+00)
FAILED TO CONVERGE WITH DT = 48.545 (newton residual reservoir) 
	 #1 (4.1732e-02, 2.9806e-06): lin 1 (0.0e+00)
	 #2 (1.2515e+02, 5.6915e-06): lin 1 (0.0e+00)
	 #3 (1.0678e-02, 1.9826e-06): lin 1 (0.0e+00)
-------------------------------------------------------------------------------------------------------------
 T = 2572.88, DT = 24.2724, NI = 3, LI = 3, RES = 5.7e-03 (1.9e-06), CFL=0.000 (ELAPSED 00:19:45 )
-------------------------------------------------------------------------------------------------------------
	 #1 (8.3213e-02, 7.0120e-06): lin 1 (0.0e+00)
	 #2 (9.4982e+02, 6.4502e-06): lin 1 (0.0e+00)
	 #3 (2.3161e-01, 4.1233e-06): lin 1 (0.0e+00)
	 #4 (1.2363e-02, 4.1233e-06): lin 1 (0.0e+00)
	 #5 (1.2374e-02, 4.1234e-06): lin 1 (0.0e+00)
	 #6 (1.2359e-02, 4.1232e-06): lin 1 (0.0e+00)
FAILED TO CONVERGE WITH DT = 48.545 (newton residual reservoir) 
	 #1 (4.1606e-02, 3.5060e-06): lin 1 (0.0e+00)
	 #2 (1.5942e+02, 5.7342e-06): lin 1 (0.0e+00)
	 #3 (1.8480e-02, 2.5821e-06): lin 1 (0.0e+00)
-------------------------------------------------------------------------------------------------------------
 T = 2597.15, DT = 24.2724, NI = 3, LI = 3, RES = 5.8e-03 (2.6e-06), CFL=0.000 (ELAPSED 00:19:54 )
-------------------------------------------------------------------------------------------------------------
	 #1 (8.2918e-02, 8.4678e-06): lin 1 (0.0e+00)
	 #2 (7.2746e+02, 9.1241e-07): lin 1 (0.0e+00)
	 #3 (4.6293e-01, 5.4632e-06): lin 1 (0.0e+00)
	 #4 (1.1113e-02, 5.4955e-06): lin 1 (0.0e+00)
	 #5 (1.1123e-02, 5.4960e-06): lin 1 (0.0e+00)
	 #6 (1.1113e-02, 5.4957e-06): lin 1 (0.0e+00)
	 #7 (1.1124e-02, 5.4959e-06): lin 1 (0.0e+00)
	 #8 (1.1128e-02, 5.4957e-06): lin 1 (0.0e+00)
FAILED TO CONVERGE WITH DT = 48.545 (newton residual reservoir) 
	 #1 (4.1459e-02, 4.2339e-06): lin 1 (0.0e+00)
	 #2 (1.2808e+02, 3.0705e-06): lin 1 (0.0e+00)
	 #3 (2.4734e-02, 1.2349e-06): lin 1 (0.0e+00)
-------------------------------------------------------------------------------------------------------------
 T = 2621.42, DT = 24.2724, NI = 3, LI = 3, RES = 6.0e-03 (1.5e-06), CFL=0.000 (ELAPSED 00:20:05 )
-------------------------------------------------------------------------------------------------------------
	 #1 (8.2614e-02, 7.5749e-06): lin 1 (0.0e+00)
	 #2 (6.5325e+02, 1.0201e-05): lin 1 (0.0e+00)
	 #3 (1.0715e-01, 1.4106e-05): lin 1 (0.0e+00)
	 #4 (1.1959e-02, 6.4405e-06): lin 1 (0.0e+00)
	 #5 (1.1967e-02, 6.4408e-06): lin 1 (0.0e+00)
	 #6 (1.1966e-02, 6.4407e-06): lin 1 (0.0e+00)
FAILED TO CONVERGE WITH DT = 48.545 (newton residual reservoir) 
	 #1 (4.1307e-02, 3.7899e-06): lin 1 (0.0e+00)
	 #2 (1.3363e+02, 2.5706e-06): lin 1 (0.0e+00)
	 #3 (1.0072e-02, 1.4508e-06): lin 1 (0.0e+00)
-------------------------------------------------------------------------------------------------------------
 T = 2645.7, DT = 24.2724, NI = 3, LI = 3, RES = 5.8e-03 (6.2e-06), CFL=0.000 (ELAPSED 00:20:13 )
-------------------------------------------------------------------------------------------------------------
	 #1 (8.2237e-02, 1.3836e-05): lin 1 (0.0e+00)
	 #2 (7.6947e+02, 1.0895e-05): lin 1 (0.0e+00)
	 #3 (4.3968e-01, 7.2957e-06): lin 1 (0.0e+00)
	 #4 (1.1562e-02, 7.4039e-06): lin 1 (0.0e+00)
	 #5 (1.1540e-02, 7.4035e-06): lin 1 (0.0e+00)
	 #6 (1.1574e-02, 7.4036e-06): lin 1 (0.0e+00)
	 #7 (1.1559e-02, 7.4038e-06): lin 1 (0.0e+00)
	 #8 (1.1540e-02, 7.4036e-06): lin 1 (0.0e+00)
FAILED TO CONVERGE WITH DT = 48.545 (newton residual reservoir) 
	 #1 (4.1118e-02, 6.9187e-06): lin 1 (0.0e+00)
	 #2 (1.2224e+02, 7.3387e-06): lin 1 (0.0e+00)
	 #3 (3.9170e-02, 2.5703e-07): lin 1 (0.0e+00)
-------------------------------------------------------------------------------------------------------------
 T = 2669.97, DT = 24.2724, NI = 3, LI = 3, RES = 5.8e-03 (2.6e-07), CFL=0.000 (ELAPSED 00:20:24 )
-------------------------------------------------------------------------------------------------------------
	 #1 (8.1910e-02, 6.0490e-06): lin 1 (0.0e+00)
	 #2 (5.1463e+02, 3.2299e-06): lin 1 (0.0e+00)
	 #3 (2.2153e-01, 1.2238e-05): lin 1 (0.0e+00)
	 #4 (1.1487e-02, 2.0633e-06): lin 1 (0.0e+00)
	 #5 (1.1493e-02, 2.0632e-06): lin 1 (0.0e+00)
	 #6 (1.1427e-02, 2.0630e-06): lin 1 (0.0e+00)
	 #7 (1.1327e-02, 2.0633e-06): lin 1 (0.0e+00)
	 #8 (1.1456e-02, 2.0630e-06): lin 1 (0.0e+00)
	 #9 (1.1448e-02, 2.0631e-06): lin 1 (0.0e+00)
	 #10 (1.1353e-02, 2.0633e-06): lin 1 (0.0e+00)
	 #11 (1.1469e-02, 2.0632e-06): lin 1 (0.0e+00)
	 #12 (1.1427e-02, 2.0630e-06): lin 1 (0.0e+00)
	 #13 (1.1327e-02, 2.0633e-06): lin 1 (0.0e+00)
	 #14 (1.1454e-02, 2.0632e-06): lin 1 (0.0e+00)
FAILED TO CONVERGE WITH DT = 48.545 (newton residual reservoir) 
	 #1 (4.0955e-02, 3.0245e-06): lin 1 (0.0e+00)
	 #2 (6.4769e+01, 3.7342e-06): lin 1 (0.0e+00)
	 #3 (1.0037e-02, 5.2644e-06): lin 1 (0.0e+00)
-------------------------------------------------------------------------------------------------------------
 T = 2694.24, DT = 24.2724, NI = 3, LI = 3, RES = 5.9e-03 (1.3e-07), CFL=0.000 (ELAPSED 00:20:41 )
-------------------------------------------------------------------------------------------------------------
	 #1 (8.1630e-02, 5.9709e-06): lin 1 (0.0e+00)
	 #2 (6.3259e+02, 7.2284e-06): lin 1 (0.0e+00)
	 #3 (6.6217e-01, 9.0634e-06): lin 1 (0.0e+00)
	 #4 (1.1739e-02, 9.0633e-06): lin 1 (0.0e+00)
	 #5 (1.1744e-02, 9.0635e-06): lin 1 (0.0e+00)
	 #6 (1.1735e-02, 9.0633e-06): lin 1 (0.0e+00)
	 #7 (1.1749e-02, 9.0635e-06): lin 1 (0.0e+00)
FAILED TO CONVERGE WITH DT = 48.545 (newton residual reservoir) 
	 #1 (4.0815e-02, 2.9860e-06): lin 1 (0.0e+00)
	 #2 (6.9869e+01, 3.9962e-06): lin 1 (0.0e+00)
	 #3 (1.5503e-01, 5.6703e-06): lin 1 (0.0e+00)
-------------------------------------------------------------------------------------------------------------
 T = 2718.51, DT = 24.2724, NI = 3, LI = 3, RES = 5.7e-03 (5.7e-06), CFL=0.000 (ELAPSED 00:20:50 )
-------------------------------------------------------------------------------------------------------------
	 #1 (8.1271e-02, 1.4895e-05): lin 1 (0.0e+00)
	 #2 (9.2524e+02, 5.9229e-06): lin 1 (0.0e+00)
	 #3 (9.2001e-01, 1.0444e-05): lin 1 (0.0e+00)
	 #4 (1.0968e-02, 1.0445e-05): lin 1 (0.0e+00)
	 #5 (1.1012e-02, 1.0445e-05): lin 1 (0.0e+00)
	 #6 (1.0891e-02, 1.0444e-05): lin 1 (0.0e+00)
	 #7 (1.0880e-02, 1.0445e-05): lin 1 (0.0e+00)
	 #8 (1.0998e-02, 1.0444e-05): lin 1 (0.0e+00)
	 #9 (1.0998e-02, 1.0445e-05): lin 1 (0.0e+00)
	 #10 (1.0864e-02, 1.0444e-05): lin 1 (0.0e+00)
FAILED TO CONVERGE WITH DT = 48.545 (newton residual reservoir) 
	 #1 (4.0635e-02, 7.4476e-06): lin 1 (0.0e+00)
	 #2 (1.6358e+02, 4.3851e-07): lin 1 (0.0e+00)
	 #3 (1.0170e-01, 5.8847e-06): lin 1 (0.0e+00)
-------------------------------------------------------------------------------------------------------------
 T = 2742.79, DT = 24.2724, NI = 3, LI = 3, RES = 5.7e-03 (4.3e-06), CFL=0.000 (ELAPSED 00:21:03 )
-------------------------------------------------------------------------------------------------------------
	 #1 (8.0932e-02, 1.1472e-05): lin 1 (0.0e+00)
	 #2 (1.2523e+03, 4.8941e-06): lin 1 (0.0e+00)
	 #3 (5.5084e-01, 7.9991e-06): lin 1 (0.0e+00)
	 #4 (1.1666e-02, 1.2353e-05): lin 1 (0.0e+00)
	 #5 (1.1699e-02, 1.2353e-05): lin 1 (0.0e+00)
	 #6 (1.1702e-02, 1.2353e-05): lin 1 (0.0e+00)
	 #7 (1.1714e-02, 1.2353e-05): lin 1 (0.0e+00)
	 #8 (1.1713e-02, 1.2353e-05): lin 1 (0.0e+00)
FAILED TO CONVERGE WITH DT = 48.545 (newton residual reservoir) 
	 #1 (4.0466e-02, 5.7359e-06): lin 1 (0.0e+00)
	 #2 (2.8971e+02, 1.2745e-06): lin 1 (0.0e+00)
	 #3 (6.4529e-02, 1.8310e-06): lin 1 (0.0e+00)
-------------------------------------------------------------------------------------------------------------
 T = 2767.06, DT = 24.2724, NI = 3, LI = 3, RES = 5.7e-03 (3.3e-06), CFL=0.000 (ELAPSED 00:21:13 )
-------------------------------------------------------------------------------------------------------------
	 #1 (8.0615e-02, 1.0237e-05): lin 1 (0.0e+00)
	 #2 (6.4269e+02, 7.7106e-06): lin 1 (0.0e+00)
	 #3 (1.3533e-01, 6.5504e-06): lin 1 (0.0e+00)
	 #4 (1.1292e-02, 6.5225e-06): lin 1 (0.0e+00)
	 #5 (1.1301e-02, 6.5224e-06): lin 1 (0.0e+00)
	 #6 (1.1306e-02, 6.5222e-06): lin 1 (0.0e+00)
	 #7 (1.1288e-02, 6.5224e-06): lin 1 (0.0e+00)
	 #8 (1.1310e-02, 6.5224e-06): lin 1 (0.0e+00)
FAILED TO CONVERGE WITH DT = 48.545 (newton residual reservoir) 
	 #1 (4.0307e-02, 5.1184e-06): lin 1 (0.0e+00)
	 #2 (9.8967e+01, 3.9688e-06): lin 1 (0.0e+00)
-------------------------------------------------------------------------------------------------------------
 T = 2791.33, DT = 24.2724, NI = 2, LI = 2, RES = 8.3e-03 (2.8e-06), CFL=0.000 (ELAPSED 00:21:23 )
-------------------------------------------------------------------------------------------------------------
	 #1 (8.1216e-02, 9.2340e-06): lin 1 (0.0e+00)
	 #2 (4.9277e+02, 1.1622e-05): lin 1 (0.0e+00)
	 #3 (1.5532e-01, 5.4192e-06): lin 1 (0.0e+00)
	 #4 (1.2119e-02, 5.0986e-06): lin 1 (0.0e+00)
	 #5 (1.2129e-02, 5.0985e-06): lin 1 (0.0e+00)
	 #6 (1.2129e-02, 5.0986e-06): lin 1 (0.0e+00)
FAILED TO CONVERGE WITH DT = 48.545 (newton residual reservoir) 
	 #1 (4.0608e-02, 4.6170e-06): lin 1 (0.0e+00)
	 #2 (6.2947e+01, 3.3771e-06): lin 1 (0.0e+00)
	 #3 (1.0583e-02, 3.4711e-06): lin 1 (0.0e+00)
-------------------------------------------------------------------------------------------------------------
 T = 2815.6, DT = 24.2724, NI = 3, LI = 3, RES = 6.0e-03 (3.5e-06), CFL=0.000 (ELAPSED 00:21:32 )
-------------------------------------------------------------------------------------------------------------
	 #1 (8.0107e-02, 1.0687e-05): lin 1 (0.0e+00)
	 #2 (1.0498e+03, 2.5539e-06): lin 1 (0.0e+00)
	 #3 (2.7952e-01, 4.5661e-06): lin 1 (0.0e+00)
	 #4 (1.2118e-02, 1.4631e-05): lin 1 (0.0e+00)
	 #5 (1.2109e-02, 1.4631e-05): lin 1 (0.0e+00)
	 #6 (1.2103e-02, 1.4631e-05): lin 1 (0.0e+00)
FAILED TO CONVERGE WITH DT = 48.545 (newton residual reservoir) 
	 #1 (4.0053e-02, 5.3433e-06): lin 1 (0.0e+00)
	 #2 (1.8992e+02, 2.4483e-06): lin 1 (0.0e+00)
	 #3 (2.3499e-02, 1.1825e-06): lin 1 (0.0e+00)
-------------------------------------------------------------------------------------------------------------
 T = 2839.88, DT = 24.2724, NI = 3, LI = 3, RES = 5.6e-03 (3.9e-06), CFL=0.000 (ELAPSED 00:21:40 )
-------------------------------------------------------------------------------------------------------------
	 #1 (7.9693e-02, 1.1631e-05): lin 1 (0.0e+00)
	 #2 (9.0002e+02, 2.6521e-06): lin 1 (0.0e+00)
	 #3 (2.7573e-01, 2.6620e-06): lin 1 (0.0e+00)
	 #4 (1.1913e-02, 7.6189e-06): lin 1 (0.0e+00)
	 #5 (1.1875e-02, 7.6188e-06): lin 1 (0.0e+00)
	 #6 (1.1913e-02, 7.6188e-06): lin 1 (0.0e+00)
	 #7 (1.1870e-02, 7.6188e-06): lin 1 (0.0e+00)
	 #8 (1.1875e-02, 7.6188e-06): lin 1 (0.0e+00)
	 #9 (1.1913e-02, 7.6188e-06): lin 1 (0.0e+00)
FAILED TO CONVERGE WITH DT = 48.545 (newton residual reservoir) 
	 #1 (3.9846e-02, 5.8156e-06): lin 1 (0.0e+00)
	 #2 (1.9130e+02, 2.1100e-06): lin 1 (0.0e+00)
	 #3 (2.4878e-02, 1.3768e-06): lin 1 (0.0e+00)
-------------------------------------------------------------------------------------------------------------
 T = 2864.15, DT = 24.2724, NI = 3, LI = 3, RES = 5.5e-03 (8.5e-07), CFL=0.000 (ELAPSED 00:21:52 )
-------------------------------------------------------------------------------------------------------------
	 #1 (7.9374e-02, 7.4938e-06): lin 1 (0.0e+00)
	 #2 (7.4979e+02, 2.9346e-06): lin 1 (0.0e+00)
	 #3 (5.5073e-01, 1.5336e-07): lin 1 (0.0e+00)
	 #4 (1.1632e-02, 1.0250e-05): lin 1 (0.0e+00)
	 #5 (1.1516e-02, 1.0250e-05): lin 1 (0.0e+00)
	 #6 (1.1518e-02, 1.0250e-05): lin 1 (0.0e+00)
	 #7 (1.1504e-02, 1.0250e-05): lin 1 (0.0e+00)
	 #8 (1.1518e-02, 1.0251e-05): lin 1 (0.0e+00)
FAILED TO CONVERGE WITH DT = 48.545 (newton residual reservoir) 
	 #1 (3.9687e-02, 3.7470e-06): lin 1 (0.0e+00)
	 #2 (1.1697e+02, 3.8047e-06): lin 1 (0.0e+00)
	 #3 (3.4413e-02, 1.3129e-06): lin 1 (0.0e+00)
-------------------------------------------------------------------------------------------------------------
 T = 2888.42, DT = 24.2724, NI = 3, LI = 3, RES = 6.0e-03 (4.6e-06), CFL=0.000 (ELAPSED 00:22:03 )
-------------------------------------------------------------------------------------------------------------
	 #1 (7.9214e-02, 1.2600e-05): lin 1 (0.0e+00)
	 #2 (8.3533e+02, 4.8771e-06): lin 1 (0.0e+00)
	 #3 (5.0111e-01, 2.7757e-06): lin 1 (0.0e+00)
	 #4 (1.2114e-02, 1.7898e-06): lin 1 (0.0e+00)
	 #5 (1.2140e-02, 1.7898e-06): lin 1 (0.0e+00)
	 #6 (1.2141e-02, 1.7900e-06): lin 1 (0.0e+00)
	 #7 (1.2157e-02, 1.7900e-06): lin 1 (0.0e+00)
	 #8 (1.2141e-02, 1.7900e-06): lin 1 (0.0e+00)
FAILED TO CONVERGE WITH DT = 48.545 (newton residual reservoir) 
	 #1 (3.9607e-02, 6.3006e-06): lin 1 (0.0e+00)
	 #2 (1.1993e+02, 5.0519e-06): lin 1 (0.0e+00)
	 #3 (5.7356e-02, 6.8083e-06): lin 1 (0.0e+00)
-------------------------------------------------------------------------------------------------------------
 T = 2912.69, DT = 24.2724, NI = 3, LI = 3, RES = 6.0e-03 (1.7e-06), CFL=0.000 (ELAPSED 00:22:14 )
-------------------------------------------------------------------------------------------------------------
	 #1 (7.8925e-02, 7.4223e-06): lin 1 (0.0e+00)
	 #2 (4.5580e+02, 3.2707e-06): lin 1 (0.0e+00)
	 #3 (1.3079e-01, 7.2814e-06): lin 1 (0.0e+00)
	 #4 (1.1926e-02, 7.2812e-06): lin 1 (0.0e+00)
	 #5 (1.1931e-02, 7.2812e-06): lin 1 (0.0e+00)
	 #6 (1.1950e-02, 7.2813e-06): lin 1 (0.0e+00)
	 #7 (1.1935e-02, 7.2813e-06): lin 1 (0.0e+00)
FAILED TO CONVERGE WITH DT = 48.545 (newton residual reservoir) 
	 #1 (3.9463e-02, 3.7112e-06): lin 1 (0.0e+00)
	 #2 (6.5108e+01, 7.9374e-07): lin 1 (0.0e+00)
-------------------------------------------------------------------------------------------------------------
 T = 2936.96, DT = 24.2724, NI = 2, LI = 2, RES = 8.5e-03 (2.5e-06), CFL=0.000 (ELAPSED 00:22:22 )
-------------------------------------------------------------------------------------------------------------
	 #1 (7.9539e-02, 8.8919e-06): lin 1 (0.0e+00)
	 #2 (6.6376e+02, 2.8026e-06): lin 1 (0.0e+00)
	 #3 (4.3932e-01, 6.5731e-06): lin 1 (0.0e+00)
	 #4 (1.1385e-02, 6.5441e-06): lin 1 (0.0e+00)
	 #5 (1.1440e-02, 6.5440e-06): lin 1 (0.0e+00)
	 #6 (1.1375e-02, 6.5441e-06): lin 1 (0.0e+00)
	 #7 (1.1372e-02, 6.5439e-06): lin 1 (0.0e+00)
	 #8 (1.1436e-02, 6.5441e-06): lin 1 (0.0e+00)
FAILED TO CONVERGE WITH DT = 48.545 (newton residual reservoir) 
	 #1 (3.9770e-02, 4.4459e-06): lin 1 (0.0e+00)
	 #2 (1.4250e+02, 1.3428e-06): lin 1 (0.0e+00)
	 #3 (4.5668e-02, 2.8116e-06): lin 1 (0.0e+00)
-------------------------------------------------------------------------------------------------------------
 T = 2961.24, DT = 24.2724, NI = 3, LI = 3, RES = 5.9e-03 (2.8e-06), CFL=0.000 (ELAPSED 00:22:33 )
-------------------------------------------------------------------------------------------------------------
	 #1 (7.8329e-02, 9.7087e-06): lin 1 (0.0e+00)
	 #2 (6.0144e+02, 1.0726e-06): lin 1 (0.0e+00)
	 #3 (1.3067e-01, 5.2526e-06): lin 1 (0.0e+00)
	 #4 (1.1156e-02, 5.4008e-06): lin 1 (0.0e+00)
	 #5 (1.1148e-02, 5.4008e-06): lin 1 (0.0e+00)
	 #6 (1.1161e-02, 5.4007e-06): lin 1 (0.0e+00)
	 #7 (1.1171e-02, 5.4005e-06): lin 1 (0.0e+00)
FAILED TO CONVERGE WITH DT = 48.545 (newton residual reservoir) 
	 #1 (3.9165e-02, 4.8543e-06): lin 1 (0.0e+00)
	 #2 (7.3711e+01, 3.3502e-06): lin 1 (0.0e+00)
-------------------------------------------------------------------------------------------------------------
 T = 2985.51, DT = 24.2724, NI = 2, LI = 2, RES = 8.0e-03 (3.2e-06), CFL=0.000 (ELAPSED 00:22:42 )
-------------------------------------------------------------------------------------------------------------
	 #1 (7.8813e-02, 1.0575e-05): lin 1 (0.0e+00)
	 #2 (6.5735e+02, 1.0456e-05): lin 1 (0.0e+00)
	 #3 (1.5357e-01, 6.1178e-06): lin 1 (0.0e+00)
	 #4 (1.1280e-02, 5.9877e-06): lin 1 (0.0e+00)
	 #5 (1.1313e-02, 5.9876e-06): lin 1 (0.0e+00)
	 #6 (1.1320e-02, 5.9876e-06): lin 1 (0.0e+00)
	 #7 (1.1347e-02, 5.9876e-06): lin 1 (0.0e+00)
	 #8 (1.1347e-02, 5.9876e-06): lin 1 (0.0e+00)
	 #9 (1.1313e-02, 5.9876e-06): lin 1 (0.0e+00)
	 #10 (1.1355e-02, 5.9876e-06): lin 1 (0.0e+00)
FAILED TO CONVERGE WITH DT = 48.545 (newton residual reservoir) 
	 #1 (3.9406e-02, 5.2875e-06): lin 1 (0.0e+00)
	 #2 (1.0573e+02, 2.3970e-06): lin 1 (0.0e+00)
	 #3 (1.4239e-02, 6.2117e-06): lin 1 (0.0e+00)
-------------------------------------------------------------------------------------------------------------
 T = 3009.78, DT = 24.2724, NI = 3, LI = 3, RES = 6.0e-03 (6.2e-06), CFL=0.000 (ELAPSED 00:22:54 )
-------------------------------------------------------------------------------------------------------------
	 #1 (7.7824e-02, 1.4899e-05): lin 1 (0.0e+00)
	 #2 (9.1350e+02, 8.5579e-06): lin 1 (0.0e+00)
	 #3 (4.1390e-01, 6.6774e-06): lin 1 (0.0e+00)
	 #4 (1.1207e-02, 6.6770e-06): lin 1 (0.0e+00)
	 #5 (1.1183e-02, 6.6772e-06): lin 1 (0.0e+00)
	 #6 (1.1251e-02, 6.6771e-06): lin 1 (0.0e+00)
	 #7 (1.1259e-02, 6.6771e-06): lin 1 (0.0e+00)
	 #8 (1.1261e-02, 6.6771e-06): lin 1 (0.0e+00)
FAILED TO CONVERGE WITH DT = 48.545 (newton residual reservoir) 
	 #1 (3.8912e-02, 7.4496e-06): lin 1 (0.0e+00)
	 #2 (1.9515e+02, 2.1334e-06): lin 1 (0.0e+00)
	 #3 (4.4557e-02, 4.2635e-06): lin 1 (0.0e+00)
-------------------------------------------------------------------------------------------------------------
 T = 3034.05, DT = 24.2724, NI = 3, LI = 3, RES = 5.5e-03 (4.3e-06), CFL=0.000 (ELAPSED 00:23:05 )
-------------------------------------------------------------------------------------------------------------
	 #1 (7.7420e-02, 1.2773e-05): lin 1 (0.0e+00)
	 #2 (7.9577e+02, 8.2490e-06): lin 1 (0.0e+00)
	 #3 (2.0787e-01, 7.5247e-06): lin 1 (0.0e+00)
	 #4 (1.1781e-02, 2.6513e-06): lin 1 (0.0e+00)
	 #5 (1.1761e-02, 2.6511e-06): lin 1 (0.0e+00)
	 #6 (1.1768e-02, 2.6509e-06): lin 1 (0.0e+00)
	 #7 (1.1752e-02, 2.6512e-06): lin 1 (0.0e+00)
	 #8 (1.1746e-02, 2.6510e-06): lin 1 (0.0e+00)
	 #9 (1.1768e-02, 2.6513e-06): lin 1 (0.0e+00)
	 #10 (1.1800e-02, 2.6512e-06): lin 1 (0.0e+00)
FAILED TO CONVERGE WITH DT = 48.545 (newton residual reservoir) 
	 #1 (3.8710e-02, 6.3866e-06): lin 1 (0.0e+00)
	 #2 (1.6574e+02, 1.9738e-06): lin 1 (0.0e+00)
	 #3 (1.9824e-02, 1.4415e-06): lin 1 (0.0e+00)
-------------------------------------------------------------------------------------------------------------
 T = 3058.33, DT = 24.2724, NI = 3, LI = 3, RES = 5.6e-03 (4.7e-06), CFL=0.000 (ELAPSED 00:23:18 )
-------------------------------------------------------------------------------------------------------------
	 #1 (7.7198e-02, 1.3640e-05): lin 1 (0.0e+00)
	 #2 (7.5313e+02, 7.3691e-06): lin 1 (0.0e+00)
	 #3 (2.4282e-01, 1.1494e-05): lin 1 (0.0e+00)
	 #4 (1.1265e-02, 2.6651e-06): lin 1 (0.0e+00)
	 #5 (1.1280e-02, 2.6651e-06): lin 1 (0.0e+00)
	 #6 (1.1303e-02, 2.6651e-06): lin 1 (0.0e+00)
	 #7 (1.1290e-02, 2.6651e-06): lin 1 (0.0e+00)
	 #8 (1.1303e-02, 2.6651e-06): lin 1 (0.0e+00)
	 #9 (1.1284e-02, 2.6651e-06): lin 1 (0.0e+00)
	 #10 (1.1249e-02, 2.6651e-06): lin 1 (0.0e+00)
FAILED TO CONVERGE WITH DT = 48.545 (newton residual reservoir) 
	 #1 (3.8599e-02, 6.8199e-06): lin 1 (0.0e+00)
	 #2 (1.0994e+02, 6.5540e-06): lin 1 (0.0e+00)
	 #3 (1.6517e-02, 7.4182e-08): lin 1 (0.0e+00)
-------------------------------------------------------------------------------------------------------------
 T = 3082.6, DT = 24.2724, NI = 3, LI = 3, RES = 5.7e-03 (7.4e-08), CFL=0.000 (ELAPSED 00:23:30 )
-------------------------------------------------------------------------------------------------------------
	 #1 (7.6963e-02, 7.1980e-06): lin 1 (0.0e+00)
	 #2 (4.7103e+02, 4.2254e-06): lin 1 (0.0e+00)
	 #3 (5.9199e-01, 1.0247e-05): lin 1 (0.0e+00)
	 #4 (1.1593e-02, 1.0180e-05): lin 1 (0.0e+00)
	 #5 (1.1584e-02, 1.0180e-05): lin 1 (0.0e+00)
	 #6 (1.1610e-02, 1.0180e-05): lin 1 (0.0e+00)
	 #7 (1.1602e-02, 1.0180e-05): lin 1 (0.0e+00)
FAILED TO CONVERGE WITH DT = 48.545 (newton residual reservoir) 
	 #1 (3.8481e-02, 3.5990e-06): lin 1 (0.0e+00)
	 #2 (8.4692e+01, 5.9206e-06): lin 1 (0.0e+00)
	 #3 (6.9438e-02, 8.5965e-07): lin 1 (0.0e+00)
-------------------------------------------------------------------------------------------------------------
 T = 3106.87, DT = 24.2724, NI = 3, LI = 3, RES = 5.5e-03 (8.6e-07), CFL=0.000 (ELAPSED 00:23:40 )
-------------------------------------------------------------------------------------------------------------
	 #1 (7.6625e-02, 6.2002e-06): lin 1 (0.0e+00)
	 #2 (8.0050e+02, 4.8969e-06): lin 1 (0.0e+00)
	 #3 (3.2279e-01, 1.2949e-06): lin 1 (0.0e+00)
	 #4 (1.2064e-02, 8.8816e-06): lin 1 (0.0e+00)
	 #5 (1.2080e-02, 8.8816e-06): lin 1 (0.0e+00)
	 #6 (1.2074e-02, 8.8815e-06): lin 1 (0.0e+00)
	 #7 (1.2099e-02, 8.8816e-06): lin 1 (0.0e+00)
FAILED TO CONVERGE WITH DT = 48.545 (newton residual reservoir) 
	 #1 (3.8313e-02, 3.1001e-06): lin 1 (0.0e+00)
	 #2 (1.3959e+02, 5.3218e-06): lin 1 (0.0e+00)
	 #3 (1.7621e-02, 6.3281e-06): lin 1 (0.0e+00)
-------------------------------------------------------------------------------------------------------------
 T = 3131.14, DT = 24.2724, NI = 3, LI = 3, RES = 5.7e-03 (1.6e-06), CFL=0.000 (ELAPSED 00:23:49 )
-------------------------------------------------------------------------------------------------------------
	 #1 (7.6422e-02, 7.0859e-06): lin 1 (0.0e+00)
	 #2 (3.5111e+02, 7.2787e-06): lin 1 (0.0e+00)
	 #3 (1.5261e-01, 3.4950e-06): lin 1 (0.0e+00)
	 #4 (1.1411e-02, 6.9734e-06): lin 1 (0.0e+00)
	 #5 (1.1464e-02, 6.9736e-06): lin 1 (0.0e+00)
	 #6 (1.1464e-02, 6.9736e-06): lin 1 (0.0e+00)
	 #7 (1.1477e-02, 6.9735e-06): lin 1 (0.0e+00)
	 #8 (1.1477e-02, 6.9736e-06): lin 1 (0.0e+00)
	 #9 (1.1411e-02, 6.9736e-06): lin 1 (0.0e+00)
	 #10 (1.1494e-02, 6.9736e-06): lin 1 (0.0e+00)
	 #11 (1.1411e-02, 6.9736e-06): lin 1 (0.0e+00)
	 #12 (1.1477e-02, 6.9736e-06): lin 1 (0.0e+00)
	 #13 (1.1494e-02, 6.9735e-06): lin 1 (0.0e+00)
FAILED TO CONVERGE WITH DT = 48.545 (newton residual reservoir) 
	 #1 (3.8211e-02, 3.5430e-06): lin 1 (0.0e+00)
	 #2 (4.5972e+01, 1.3261e-06): lin 1 (0.0e+00)
-------------------------------------------------------------------------------------------------------------
 T = 3155.42, DT = 24.2724, NI = 2, LI = 2, RES = 8.3e-03 (2.9e-06), CFL=0.000 (ELAPSED 00:24:04 )
-------------------------------------------------------------------------------------------------------------
	 #1 (7.7157e-02, 1.1166e-05): lin 1 (0.0e+00)
	 #2 (6.8922e+02, 7.6216e-07): lin 1 (0.0e+00)
	 #3 (5.0749e-01, 4.9799e-06): lin 1 (0.0e+00)
	 #4 (1.2863e-02, 5.1951e-06): lin 1 (0.0e+00)
	 #5 (1.2864e-02, 5.1949e-06): lin 1 (0.0e+00)
	 #6 (1.2883e-02, 5.1953e-06): lin 1 (0.0e+00)
	 #7 (1.2876e-02, 5.1950e-06): lin 1 (0.0e+00)
	 #8 (1.2863e-02, 5.1953e-06): lin 1 (0.0e+00)
FAILED TO CONVERGE WITH DT = 48.545 (newton residual reservoir) 
	 #1 (3.8578e-02, 5.5832e-06): lin 1 (0.0e+00)
	 #2 (1.1479e+02, 3.3251e-06): lin 1 (0.0e+00)
	 #3 (4.6127e-02, 3.1947e-06): lin 1 (0.0e+00)
-------------------------------------------------------------------------------------------------------------
 T = 3179.69, DT = 24.2724, NI = 3, LI = 3, RES = 5.7e-03 (3.2e-06), CFL=0.000 (ELAPSED 00:24:15 )
-------------------------------------------------------------------------------------------------------------
	 #1 (7.5918e-02, 1.0913e-05): lin 1 (0.0e+00)
	 #2 (3.2548e+02, 9.5476e-06): lin 1 (0.0e+00)
	 #3 (1.1444e-01, 6.6798e-06): lin 1 (0.0e+00)
	 #4 (1.1635e-02, 3.7130e-06): lin 1 (0.0e+00)
	 #5 (1.1635e-02, 3.7129e-06): lin 1 (0.0e+00)
	 #6 (1.1635e-02, 3.7130e-06): lin 1 (0.0e+00)
FAILED TO CONVERGE WITH DT = 48.545 (newton residual reservoir) 
	 #1 (3.7959e-02, 5.4564e-06): lin 1 (0.0e+00)
	 #2 (4.9360e+01, 2.6493e-06): lin 1 (0.0e+00)
-------------------------------------------------------------------------------------------------------------
 T = 3203.96, DT = 24.2724, NI = 2, LI = 2, RES = 6.5e-03 (4.2e-06), CFL=0.000 (ELAPSED 00:24:22 )
-------------------------------------------------------------------------------------------------------------
	 #1 (7.5904e-02, 1.3085e-05): lin 1 (0.0e+00)
	 #2 (5.9430e+02, 7.6559e-06): lin 1 (0.0e+00)
	 #3 (3.2426e-01, 2.6294e-06): lin 1 (0.0e+00)
	 #4 (1.0975e-02, 2.6292e-06): lin 1 (0.0e+00)
	 #5 (1.0973e-02, 2.6295e-06): lin 1 (0.0e+00)
	 #6 (1.0958e-02, 2.6293e-06): lin 1 (0.0e+00)
	 #7 (1.0970e-02, 2.6293e-06): lin 1 (0.0e+00)
FAILED TO CONVERGE WITH DT = 48.545 (newton residual reservoir) 
	 #1 (3.7952e-02, 6.5426e-06): lin 1 (0.0e+00)
	 #2 (7.2917e+01, 1.7187e-06): lin 1 (0.0e+00)
	 #3 (3.0194e-02, 4.8597e-07): lin 1 (0.0e+00)
-------------------------------------------------------------------------------------------------------------
 T = 3228.23, DT = 24.2724, NI = 3, LI = 3, RES = 5.9e-03 (1.5e-06), CFL=0.000 (ELAPSED 00:24:32 )
-------------------------------------------------------------------------------------------------------------
	 #1 (7.5456e-02, 8.8349e-06): lin 1 (0.0e+00)
	 #2 (7.5753e+02, 7.2831e-06): lin 1 (0.0e+00)
	 #3 (2.9358e-01, 6.4259e-07): lin 1 (0.0e+00)
	 #4 (1.1422e-02, 2.8525e-06): lin 1 (0.0e+00)
	 #5 (1.1422e-02, 2.8526e-06): lin 1 (0.0e+00)
	 #6 (1.1412e-02, 2.8526e-06): lin 1 (0.0e+00)
	 #7 (1.1431e-02, 2.8526e-06): lin 1 (0.0e+00)
FAILED TO CONVERGE WITH DT = 48.545 (newton residual reservoir) 
	 #1 (3.7728e-02, 4.4203e-06): lin 1 (0.0e+00)
	 #2 (1.6330e+02, 1.4923e-06): lin 1 (0.0e+00)
	 #3 (3.3853e-02, 5.0800e-06): lin 1 (0.0e+00)
-------------------------------------------------------------------------------------------------------------
 T = 3252.51, DT = 24.2724, NI = 3, LI = 3, RES = 6.2e-03 (5.0e-06), CFL=0.000 (ELAPSED 00:24:42 )
-------------------------------------------------------------------------------------------------------------
	 #1 (7.5330e-02, 1.4822e-05): lin 1 (0.0e+00)
	 #2 (3.9808e+02, 4.9017e-06): lin 1 (0.0e+00)
	 #3 (1.6105e-01, 8.3076e-06): lin 1 (0.0e+00)
	 #4 (1.1307e-02, 8.3077e-06): lin 1 (0.0e+00)
	 #5 (1.1279e-02, 8.3077e-06): lin 1 (0.0e+00)
	 #6 (1.1295e-02, 8.3077e-06): lin 1 (0.0e+00)
	 #7 (1.1294e-02, 8.3077e-06): lin 1 (0.0e+00)
	 #8 (1.1278e-02, 8.3077e-06): lin 1 (0.0e+00)
	 #9 (1.1292e-02, 8.3077e-06): lin 1 (0.0e+00)
	 #10 (1.1272e-02, 8.3077e-06): lin 1 (0.0e+00)
FAILED TO CONVERGE WITH DT = 48.545 (newton residual reservoir) 
	 #1 (3.7665e-02, 7.4110e-06): lin 1 (0.0e+00)
	 #2 (5.0888e+01, 4.5743e-06): lin 1 (0.0e+00)
	 #3 (1.5821e-02, 1.4949e-06): lin 1 (0.0e+00)
-------------------------------------------------------------------------------------------------------------
 T = 3276.78, DT = 24.2724, NI = 3, LI = 3, RES = 6.2e-03 (1.7e-06), CFL=0.000 (ELAPSED 00:24:54 )
-------------------------------------------------------------------------------------------------------------
	 #1 (7.5063e-02, 7.9140e-06): lin 1 (0.0e+00)
	 #2 (7.9477e+02, 3.0169e-06): lin 1 (0.0e+00)
	 #3 (2.3422e-01, 6.6194e-06): lin 1 (0.0e+00)
	 #4 (1.1777e-02, 3.9118e-06): lin 1 (0.0e+00)
	 #5 (1.1792e-02, 3.9115e-06): lin 1 (0.0e+00)
	 #6 (1.1794e-02, 3.9116e-06): lin 1 (0.0e+00)
	 #7 (1.1792e-02, 3.9116e-06): lin 1 (0.0e+00)
FAILED TO CONVERGE WITH DT = 48.545 (newton residual reservoir) 
	 #1 (3.7532e-02, 3.9570e-06): lin 1 (0.0e+00)
	 #2 (1.6412e+02, 1.6223e-06): lin 1 (0.0e+00)
	 #3 (2.2164e-02, 2.6408e-06): lin 1 (0.0e+00)
-------------------------------------------------------------------------------------------------------------
 T = 3301.05, DT = 24.2724, NI = 3, LI = 3, RES = 5.9e-03 (2.6e-06), CFL=0.000 (ELAPSED 00:25:04 )
-------------------------------------------------------------------------------------------------------------
	 #1 (7.4733e-02, 1.1414e-05): lin 1 (0.0e+00)
	 #2 (6.4475e+02, 1.0265e-05): lin 1 (0.0e+00)
	 #3 (2.3528e-01, 4.9313e-06): lin 1 (0.0e+00)
	 #4 (1.1189e-02, 4.9314e-06): lin 1 (0.0e+00)
	 #5 (1.1231e-02, 4.9315e-06): lin 1 (0.0e+00)
	 #6 (1.1219e-02, 4.9315e-06): lin 1 (0.0e+00)
	 #7 (1.1180e-02, 4.9315e-06): lin 1 (0.0e+00)
	 #8 (1.1222e-02, 4.9315e-06): lin 1 (0.0e+00)
	 #9 (1.1231e-02, 4.9315e-06): lin 1 (0.0e+00)
	 #10 (1.1191e-02, 4.9315e-06): lin 1 (0.0e+00)
FAILED TO CONVERGE WITH DT = 48.545 (newton residual reservoir) 
	 #1 (3.7366e-02, 5.7068e-06): lin 1 (0.0e+00)
	 #2 (1.0520e+02, 3.0240e-06): lin 1 (0.0e+00)
	 #3 (2.2028e-02, 1.9026e-06): lin 1 (0.0e+00)
-------------------------------------------------------------------------------------------------------------
 T = 3325.32, DT = 24.2724, NI = 3, LI = 3, RES = 6.0e-03 (6.9e-06), CFL=0.000 (ELAPSED 00:25:17 )
-------------------------------------------------------------------------------------------------------------
	 #1 (7.4539e-02, 1.6905e-05): lin 1 (0.0e+00)
	 #2 (8.0579e+02, 2.9394e-06): lin 1 (0.0e+00)
	 #3 (2.2094e-01, 6.7216e-06): lin 1 (0.0e+00)
	 #4 (1.1121e-02, 6.7511e-06): lin 1 (0.0e+00)
	 #5 (1.1126e-02, 6.7511e-06): lin 1 (0.0e+00)
	 #6 (1.1126e-02, 6.7511e-06): lin 1 (0.0e+00)
	 #7 (1.1071e-02, 6.7511e-06): lin 1 (0.0e+00)
	 #8 (1.1071e-02, 6.7511e-06): lin 1 (0.0e+00)
FAILED TO CONVERGE WITH DT = 48.545 (newton residual reservoir) 
	 #1 (3.7269e-02, 8.4525e-06): lin 1 (0.0e+00)
	 #2 (1.4053e+02, 2.4128e-06): lin 1 (0.0e+00)
	 #3 (1.6498e-02, 4.1294e-06): lin 1 (0.0e+00)
-------------------------------------------------------------------------------------------------------------
 T = 3349.6, DT = 24.2724, NI = 3, LI = 3, RES = 6.0e-03 (1.5e-06), CFL=0.000 (ELAPSED 00:25:27 )
-------------------------------------------------------------------------------------------------------------
	 #1 (7.4281e-02, 9.8528e-06): lin 1 (0.0e+00)
	 #2 (3.1499e+02, 2.7691e-06): lin 1 (0.0e+00)
	 #3 (3.5360e-02, 7.4507e-06): lin 1 (0.0e+00)
	 #4 (1.1124e-02, 2.7244e-06): lin 1 (0.0e+00)
	 #5 (1.1135e-02, 2.7238e-06): lin 1 (0.0e+00)
	 #6 (1.1130e-02, 2.7240e-06): lin 1 (0.0e+00)
	 #7 (1.1119e-02, 2.7244e-06): lin 1 (0.0e+00)
FAILED TO CONVERGE WITH DT = 48.545 (newton residual reservoir) 
	 #1 (3.7140e-02, 4.9272e-06): lin 1 (0.0e+00)
	 #2 (4.9887e+01, 1.8189e-06): lin 1 (0.0e+00)
-------------------------------------------------------------------------------------------------------------
 T = 3373.87, DT = 24.2724, NI = 2, LI = 2, RES = 6.0e-03 (1.5e-06), CFL=0.000 (ELAPSED 00:25:36 )
-------------------------------------------------------------------------------------------------------------
	 #1 (7.4052e-02, 9.4830e-06): lin 1 (0.0e+00)
	 #2 (6.5796e+02, 7.1259e-06): lin 1 (0.0e+00)
	 #3 (2.1468e-01, 8.0789e-06): lin 1 (0.0e+00)
	 #4 (1.1502e-02, 2.0959e-06): lin 1 (0.0e+00)
	 #5 (1.1622e-02, 2.0959e-06): lin 1 (0.0e+00)
	 #6 (1.1600e-02, 2.0958e-06): lin 1 (0.0e+00)
	 #7 (1.1501e-02, 2.0959e-06): lin 1 (0.0e+00)
	 #8 (1.1599e-02, 2.0958e-06): lin 1 (0.0e+00)
	 #9 (1.1600e-02, 2.0959e-06): lin 1 (0.0e+00)
	 #10 (1.1506e-02, 2.0959e-06): lin 1 (0.0e+00)
	 #11 (1.1622e-02, 2.0958e-06): lin 1 (0.0e+00)
FAILED TO CONVERGE WITH DT = 48.545 (newton residual reservoir) 
	 #1 (3.7026e-02, 4.7433e-06): lin 1 (0.0e+00)
	 #2 (1.0991e+02, 1.4965e-06): lin 1 (0.0e+00)
	 #3 (1.2634e-02, 5.2100e-06): lin 1 (0.0e+00)
-------------------------------------------------------------------------------------------------------------
 T = 3398.14, DT = 24.2724, NI = 3, LI = 3, RES = 5.9e-03 (1.3e-07), CFL=0.000 (ELAPSED 00:25:50 )
-------------------------------------------------------------------------------------------------------------
	 #1 (7.3810e-02, 8.5560e-06): lin 1 (0.0e+00)
	 #2 (7.9535e+02, 1.4481e-05): lin 1 (0.0e+00)
	 #3 (4.2511e-01, 9.9802e-07): lin 1 (0.0e+00)
	 #4 (1.1733e-02, 9.2847e-06): lin 1 (0.0e+00)
	 #5 (1.1847e-02, 9.2848e-06): lin 1 (0.0e+00)
	 #6 (1.1832e-02, 9.2847e-06): lin 1 (0.0e+00)
	 #7 (1.1719e-02, 9.2847e-06): lin 1 (0.0e+00)
	 #8 (1.1719e-02, 9.2847e-06): lin 1 (0.0e+00)
	 #9 (1.1843e-02, 9.2847e-06): lin 1 (0.0e+00)
	 #10 (1.1714e-02, 9.2847e-06): lin 1 (0.0e+00)
FAILED TO CONVERGE WITH DT = 48.545 (newton residual reservoir) 
	 #1 (3.6905e-02, 4.2782e-06): lin 1 (0.0e+00)
	 #2 (1.5363e+02, 6.0483e-06): lin 1 (0.0e+00)
	 #3 (4.4002e-02, 1.2616e-06): lin 1 (0.0e+00)
-------------------------------------------------------------------------------------------------------------
 T = 3422.41, DT = 24.2724, NI = 3, LI = 3, RES = 5.6e-03 (5.2e-06), CFL=0.000 (ELAPSED 00:26:02 )
-------------------------------------------------------------------------------------------------------------
	 #1 (7.3478e-02, 1.5407e-05): lin 1 (0.0e+00)
	 #2 (5.4742e+02, 1.4889e-05): lin 1 (0.0e+00)
	 #3 (2.3860e-01, 9.3803e-06): lin 1 (0.0e+00)
	 #4 (1.1338e-02, 9.0141e-07): lin 1 (0.0e+00)
	 #5 (1.1330e-02, 9.0152e-07): lin 1 (0.0e+00)
	 #6 (1.1320e-02, 9.0161e-07): lin 1 (0.0e+00)
	 #7 (1.1345e-02, 9.0162e-07): lin 1 (0.0e+00)
	 #8 (1.1320e-02, 9.0152e-07): lin 1 (0.0e+00)
	 #9 (1.1300e-02, 9.0162e-07): lin 1 (0.0e+00)
	 #10 (1.1364e-02, 9.0162e-07): lin 1 (0.0e+00)
FAILED TO CONVERGE WITH DT = 48.545 (newton residual reservoir) 
	 #1 (3.6739e-02, 7.7037e-06): lin 1 (0.0e+00)
	 #2 (1.0292e+02, 1.2810e-06): lin 1 (0.0e+00)
-------------------------------------------------------------------------------------------------------------
 T = 3446.69, DT = 24.2724, NI = 2, LI = 2, RES = 9.4e-03 (1.4e-06), CFL=0.000 (ELAPSED 00:26:14 )
-------------------------------------------------------------------------------------------------------------
	 #1 (7.4789e-02, 7.7694e-06): lin 1 (0.0e+00)
	 #2 (2.1777e+02, 2.9630e-06): lin 1 (0.0e+00)
	 #3 (2.9975e-02, 1.3104e-05): lin 1 (0.0e+00)
	 #4 (1.1189e-02, 7.4510e-06): lin 1 (0.0e+00)
	 #5 (1.1201e-02, 7.4510e-06): lin 1 (0.0e+00)
	 #6 (1.1185e-02, 7.4512e-06): lin 1 (0.0e+00)
FAILED TO CONVERGE WITH DT = 48.545 (newton residual reservoir) 
	 #1 (3.7395e-02, 3.8848e-06): lin 1 (0.0e+00)
	 #2 (2.0567e+01, 1.2997e-06): lin 1 (0.0e+00)
-------------------------------------------------------------------------------------------------------------
 T = 3470.96, DT = 24.2724, NI = 2, LI = 2, RES = 5.6e-03 (1.9e-06), CFL=0.000 (ELAPSED 00:26:22 )
-------------------------------------------------------------------------------------------------------------
	 #1 (7.3031e-02, 9.0651e-06): lin 1 (0.0e+00)
	 #2 (5.4481e+02, 8.8979e-06): lin 1 (0.0e+00)
	 #3 (2.4222e-01, 5.3454e-06): lin 1 (0.0e+00)
	 #4 (1.1511e-02, 5.2093e-06): lin 1 (0.0e+00)
	 #5 (1.1550e-02, 5.2095e-06): lin 1 (0.0e+00)
	 #6 (1.1540e-02, 5.2093e-06): lin 1 (0.0e+00)
	 #7 (1.1527e-02, 5.2095e-06): lin 1 (0.0e+00)
	 #8 (1.1550e-02, 5.2093e-06): lin 1 (0.0e+00)
FAILED TO CONVERGE WITH DT = 48.545 (newton residual reservoir) 
	 #1 (3.6515e-02, 4.5325e-06): lin 1 (0.0e+00)
	 #2 (6.6084e+01, 3.8744e-06): lin 1 (0.0e+00)
-------------------------------------------------------------------------------------------------------------
 T = 3495.23, DT = 24.2724, NI = 2, LI = 2, RES = 9.6e-03 (2.9e-06), CFL=0.000 (ELAPSED 00:26:31 )
-------------------------------------------------------------------------------------------------------------
	 #1 (7.4449e-02, 1.1117e-05): lin 1 (0.0e+00)
	 #2 (6.0515e+02, 2.7447e-06): lin 1 (0.0e+00)
	 #3 (1.6489e+00, 7.0058e-06): lin 1 (0.0e+00)
	 #4 (1.1690e-02, 3.1681e-06): lin 1 (0.0e+00)
	 #5 (1.1675e-02, 3.1678e-06): lin 1 (0.0e+00)
	 #6 (1.1647e-02, 3.1684e-06): lin 1 (0.0e+00)
	 #7 (1.1685e-02, 3.1679e-06): lin 1 (0.0e+00)
	 #8 (1.1675e-02, 3.1684e-06): lin 1 (0.0e+00)
	 #9 (1.1653e-02, 3.1679e-06): lin 1 (0.0e+00)
	 #10 (1.1840e-02, 3.1684e-06): lin 1 (0.0e+00)
	 #11 (1.1653e-02, 3.1679e-06): lin 1 (0.0e+00)
FAILED TO CONVERGE WITH DT = 48.545 (newton residual reservoir) 
	 #1 (3.7225e-02, 5.5585e-06): lin 1 (0.0e+00)
	 #2 (1.0647e+02, 2.8684e-06): lin 1 (0.0e+00)
	 #3 (1.7549e-02, 6.1482e-06): lin 1 (0.0e+00)
-------------------------------------------------------------------------------------------------------------
 T = 3519.5, DT = 24.2724, NI = 3, LI = 3, RES = 5.5e-03 (6.1e-06), CFL=0.000 (ELAPSED 00:26:45 )
-------------------------------------------------------------------------------------------------------------
	 #1 (7.2549e-02, 1.6705e-05): lin 1 (0.0e+00)
	 #2 (6.0030e+02, 7.4183e-06): lin 1 (0.0e+00)
	 #3 (1.4644e-01, 2.1470e-06): lin 1 (0.0e+00)
	 #4 (1.1403e-02, 2.1471e-06): lin 1 (0.0e+00)
	 #5 (1.1455e-02, 2.1472e-06): lin 1 (0.0e+00)
	 #6 (1.1432e-02, 2.1472e-06): lin 1 (0.0e+00)
	 #7 (1.1439e-02, 2.1472e-06): lin 1 (0.0e+00)
	 #8 (1.1450e-02, 2.1471e-06): lin 1 (0.0e+00)
	 #9 (1.1430e-02, 2.1472e-06): lin 1 (0.0e+00)
FAILED TO CONVERGE WITH DT = 48.545 (newton residual reservoir) 
	 #1 (3.6274e-02, 8.3526e-06): lin 1 (0.0e+00)
	 #2 (1.3498e+02, 1.8343e-06): lin 1 (0.0e+00)
	 #3 (1.8560e-02, 4.9252e-06): lin 1 (0.0e+00)
-------------------------------------------------------------------------------------------------------------
 T = 3543.78, DT = 24.2724, NI = 3, LI = 3, RES = 5.7e-03 (4.9e-06), CFL=0.000 (ELAPSED 00:26:57 )
-------------------------------------------------------------------------------------------------------------
	 #1 (7.2392e-02, 1.5186e-05): lin 1 (0.0e+00)
	 #2 (5.8951e+02, 5.8319e-06): lin 1 (0.0e+00)
	 #3 (1.7227e-01, 3.0217e-06): lin 1 (0.0e+00)
	 #4 (1.1334e-02, 2.7255e-06): lin 1 (0.0e+00)
	 #5 (1.1359e-02, 1.6481e-06): lin 1 (0.0e+00)
	 #6 (1.1333e-02, 1.6481e-06): lin 1 (0.0e+00)
	 #7 (1.1342e-02, 2.7255e-06): lin 1 (0.0e+00)
	 #8 (1.1347e-02, 1.6480e-06): lin 1 (0.0e+00)
FAILED TO CONVERGE WITH DT = 48.545 (newton residual reservoir) 
	 #1 (3.6196e-02, 7.5929e-06): lin 1 (0.0e+00)
	 #2 (1.1221e+02, 6.0461e-06): lin 1 (0.0e+00)
	 #3 (1.6151e-02, 5.1478e-06): lin 1 (0.0e+00)
-------------------------------------------------------------------------------------------------------------
 T = 3568.05, DT = 24.2724, NI = 3, LI = 3, RES = 5.6e-03 (1.3e-06), CFL=0.000 (ELAPSED 00:27:07 )
-------------------------------------------------------------------------------------------------------------
	 #1 (7.2159e-02, 9.4220e-06): lin 1 (0.0e+00)
	 #2 (4.1454e+02, 4.8230e-06): lin 1 (0.0e+00)
	 #3 (2.1335e-01, 9.4158e-06): lin 1 (0.0e+00)
	 #4 (1.1090e-02, 2.8729e-06): lin 1 (0.0e+00)
	 #5 (1.1068e-02, 2.8729e-06): lin 1 (0.0e+00)
	 #6 (1.1034e-02, 2.8729e-06): lin 1 (0.0e+00)
	 #7 (1.1076e-02, 2.8729e-06): lin 1 (0.0e+00)
	 #8 (1.1076e-02, 2.8729e-06): lin 1 (0.0e+00)
	 #9 (1.1038e-02, 2.8729e-06): lin 1 (0.0e+00)
FAILED TO CONVERGE WITH DT = 48.545 (newton residual reservoir) 
	 #1 (3.6080e-02, 4.7120e-06): lin 1 (0.0e+00)
	 #2 (7.5921e+01, 4.3728e-06): lin 1 (0.0e+00)
	 #3 (1.6607e-02, 1.2736e-06): lin 1 (0.0e+00)
-------------------------------------------------------------------------------------------------------------
 T = 3592.32, DT = 24.2724, NI = 3, LI = 3, RES = 5.7e-03 (1.4e-06), CFL=0.000 (ELAPSED 00:27:19 )
-------------------------------------------------------------------------------------------------------------
	 #1 (7.1979e-02, 9.2269e-06): lin 1 (0.0e+00)
	 #2 (6.2747e+02, 4.7842e-06): lin 1 (0.0e+00)
	 #3 (8.5428e-02, 2.8326e-06): lin 1 (0.0e+00)
	 #4 (1.0915e-02, 1.6278e-07): lin 1 (0.0e+00)
	 #5 (1.0921e-02, 1.6269e-07): lin 1 (0.0e+00)
	 #6 (1.0916e-02, 1.6269e-07): lin 1 (0.0e+00)
	 #7 (1.0929e-02, 1.6269e-07): lin 1 (0.0e+00)
FAILED TO CONVERGE WITH DT = 48.545 (newton residual reservoir) 
	 #1 (3.5989e-02, 4.6144e-06): lin 1 (0.0e+00)
	 #2 (9.0933e+01, 4.7311e-06): lin 1 (0.0e+00)
-------------------------------------------------------------------------------------------------------------
 T = 3616.59, DT = 24.2724, NI = 2, LI = 2, RES = 7.3e-03 (8.6e-07), CFL=0.000 (ELAPSED 00:27:28 )
-------------------------------------------------------------------------------------------------------------
	 #1 (7.2382e-02, 8.1471e-06): lin 1 (0.0e+00)
	 #2 (7.5133e+02, 6.6410e-06): lin 1 (0.0e+00)
	 #3 (2.7162e-01, 1.0468e-05): lin 1 (0.0e+00)
	 #4 (1.1110e-02, 3.0599e-07): lin 1 (0.0e+00)
	 #5 (1.1098e-02, 3.0590e-07): lin 1 (0.0e+00)
	 #6 (1.1104e-02, 3.0590e-07): lin 1 (0.0e+00)
	 #7 (1.1054e-02, 3.0590e-07): lin 1 (0.0e+00)
	 #8 (1.1110e-02, 3.0590e-07): lin 1 (0.0e+00)
FAILED TO CONVERGE WITH DT = 48.545 (newton residual reservoir) 
	 #1 (3.6191e-02, 4.0737e-06): lin 1 (0.0e+00)
	 #2 (1.3660e+02, 1.2588e-06): lin 1 (0.0e+00)
	 #3 (2.1624e-02, 1.5776e-06): lin 1 (0.0e+00)
-------------------------------------------------------------------------------------------------------------
 T = 3640.87, DT = 24.2724, NI = 3, LI = 3, RES = 5.6e-03 (1.0e-06), CFL=0.000 (ELAPSED 00:27:38 )
-------------------------------------------------------------------------------------------------------------
	 #1 (7.1536e-02, 7.9972e-06): lin 1 (0.0e+00)
	 #2 (3.3156e+02, 6.7830e-06): lin 1 (0.0e+00)
	 #3 (9.6003e-02, 1.3477e-06): lin 1 (0.0e+00)
	 #4 (1.1646e-02, 1.3478e-06): lin 1 (0.0e+00)
	 #5 (1.1664e-02, 1.3479e-06): lin 1 (0.0e+00)
	 #6 (1.1651e-02, 1.3479e-06): lin 1 (0.0e+00)
	 #7 (1.1652e-02, 1.3479e-06): lin 1 (0.0e+00)
FAILED TO CONVERGE WITH DT = 48.545 (newton residual reservoir) 
	 #1 (3.5768e-02, 3.9986e-06): lin 1 (0.0e+00)
	 #2 (5.6692e+01, 5.2925e-06): lin 1 (0.0e+00)
	 #3 (1.1950e-02, 3.9656e-06): lin 1 (0.0e+00)
-------------------------------------------------------------------------------------------------------------
 T = 3665.14, DT = 24.2724, NI = 3, LI = 3, RES = 5.8e-03 (4.0e-06), CFL=0.000 (ELAPSED 00:27:48 )
-------------------------------------------------------------------------------------------------------------
	 #1 (7.1385e-02, 1.4509e-05): lin 1 (0.0e+00)
	 #2 (5.1315e+02, 2.9377e-06): lin 1 (0.0e+00)
	 #3 (1.4124e-01, 3.4600e-06): lin 1 (0.0e+00)
	 #4 (1.1031e-02, 1.3688e-05): lin 1 (0.0e+00)
	 #5 (1.0999e-02, 1.3688e-05): lin 1 (0.0e+00)
	 #6 (1.1027e-02, 1.3688e-05): lin 1 (0.0e+00)
	 #7 (1.1017e-02, 1.3688e-05): lin 1 (0.0e+00)
	 #8 (1.0999e-02, 1.3688e-05): lin 1 (0.0e+00)
	 #9 (1.1040e-02, 1.3688e-05): lin 1 (0.0e+00)
	 #10 (1.0999e-02, 1.3688e-05): lin 1 (0.0e+00)
	 #11 (1.1017e-02, 1.3688e-05): lin 1 (0.0e+00)
	 #12 (1.1040e-02, 1.3688e-05): lin 1 (0.0e+00)
FAILED TO CONVERGE WITH DT = 48.545 (newton residual reservoir) 
	 #1 (3.5692e-02, 7.2546e-06): lin 1 (0.0e+00)
	 #2 (7.9144e+01, 1.4804e-06): lin 1 (0.0e+00)
	 #3 (1.0350e-02, 3.0822e-06): lin 1 (0.0e+00)
-------------------------------------------------------------------------------------------------------------
 T = 3689.41, DT = 24.2724, NI = 3, LI = 3, RES = 5.9e-03 (3.1e-06), CFL=0.000 (ELAPSED 00:28:03 )
-------------------------------------------------------------------------------------------------------------
	 #1 (7.1237e-02, 1.3608e-05): lin 1 (0.0e+00)
	 #2 (7.4167e+02, 2.5514e-07): lin 1 (0.0e+00)
	 #3 (4.1257e-01, 4.7923e-06): lin 1 (0.0e+00)
	 #4 (1.2053e-02, 5.3800e-06): lin 1 (0.0e+00)
	 #5 (1.2056e-02, 5.3804e-06): lin 1 (0.0e+00)
	 #6 (1.2058e-02, 5.3803e-06): lin 1 (0.0e+00)
	 #7 (1.2099e-02, 5.3804e-06): lin 1 (0.0e+00)
FAILED TO CONVERGE WITH DT = 48.545 (newton residual reservoir) 
	 #1 (3.5619e-02, 6.8044e-06): lin 1 (0.0e+00)
	 #2 (1.4273e+02, 1.7235e-06): lin 1 (0.0e+00)
	 #3 (4.9982e-02, 3.2184e-06): lin 1 (0.0e+00)
-------------------------------------------------------------------------------------------------------------
 T = 3713.68, DT = 24.2724, NI = 3, LI = 3, RES = 5.9e-03 (7.0e-06), CFL=0.000 (ELAPSED 00:28:13 )
-------------------------------------------------------------------------------------------------------------
	 #1 (7.1036e-02, 1.8706e-05): lin 1 (0.0e+00)
	 #2 (9.5014e+02, 7.9721e-06): lin 1 (0.0e+00)
	 #3 (5.1547e-01, 3.5237e-06): lin 1 (0.0e+00)
	 #4 (1.1438e-02, 6.6489e-06): lin 1 (0.0e+00)
	 #5 (1.1450e-02, 6.6490e-06): lin 1 (0.0e+00)
	 #6 (1.1419e-02, 6.6491e-06): lin 1 (0.0e+00)
	 #7 (1.1448e-02, 6.6491e-06): lin 1 (0.0e+00)
	 #8 (1.1410e-02, 6.6490e-06): lin 1 (0.0e+00)
	 #9 (1.1418e-02, 6.6491e-06): lin 1 (0.0e+00)
	 #10 (1.1452e-02, 6.6491e-06): lin 1 (0.0e+00)
FAILED TO CONVERGE WITH DT = 48.545 (newton residual reservoir) 
	 #1 (3.5518e-02, 9.3539e-06): lin 1 (0.0e+00)
	 #2 (1.9907e+02, 2.2222e-06): lin 1 (0.0e+00)
	 #3 (5.2153e-02, 6.2185e-06): lin 1 (0.0e+00)
-------------------------------------------------------------------------------------------------------------
 T = 3737.96, DT = 24.2724, NI = 3, LI = 3, RES = 5.6e-03 (6.2e-06), CFL=0.000 (ELAPSED 00:28:25 )
-------------------------------------------------------------------------------------------------------------
	 #1 (7.0744e-02, 1.7637e-05): lin 1 (0.0e+00)
	 #2 (4.0718e+02, 3.4464e-06): lin 1 (0.0e+00)
	 #3 (8.5740e-02, 3.3137e-06): lin 1 (0.0e+00)
	 #4 (1.1325e-02, 7.6202e-06): lin 1 (0.0e+00)
	 #5 (1.1316e-02, 7.6203e-06): lin 1 (0.0e+00)
	 #6 (1.1282e-02, 7.6202e-06): lin 1 (0.0e+00)
	 #7 (1.1300e-02, 7.6203e-06): lin 1 (0.0e+00)
	 #8 (1.1316e-02, 7.6203e-06): lin 1 (0.0e+00)
FAILED TO CONVERGE WITH DT = 48.545 (newton residual reservoir) 
	 #1 (3.5372e-02, 8.8189e-06): lin 1 (0.0e+00)
	 #2 (4.3683e+01, 3.3487e-06): lin 1 (0.0e+00)
-------------------------------------------------------------------------------------------------------------
 T = 3762.23, DT = 24.2724, NI = 2, LI = 2, RES = 5.9e-03 (1.5e-06), CFL=0.000 (ELAPSED 00:28:35 )
-------------------------------------------------------------------------------------------------------------
	 #1 (7.0625e-02, 1.0967e-05): lin 1 (0.0e+00)
	 #2 (4.4223e+02, 4.1605e-06): lin 1 (0.0e+00)
	 #3 (1.1263e-01, 2.2127e-06): lin 1 (0.0e+00)
	 #4 (1.3134e-02, 2.2128e-06): lin 1 (0.0e+00)
	 #5 (1.3148e-02, 2.2128e-06): lin 1 (0.0e+00)
	 #6 (1.3152e-02, 2.2128e-06): lin 1 (0.0e+00)
	 #7 (1.3120e-02, 2.2128e-06): lin 1 (0.0e+00)
	 #8 (1.3166e-02, 2.2128e-06): lin 1 (0.0e+00)
	 #9 (1.3148e-02, 2.2128e-06): lin 1 (0.0e+00)
	 #10 (1.3127e-02, 2.2128e-06): lin 1 (0.0e+00)
FAILED TO CONVERGE WITH DT = 48.545 (newton residual reservoir) 
	 #1 (3.5312e-02, 5.4844e-06): lin 1 (0.0e+00)
	 #2 (7.6087e+01, 1.2005e-06): lin 1 (0.0e+00)
-------------------------------------------------------------------------------------------------------------
 T = 3786.5, DT = 24.2724, NI = 2, LI = 2, RES = 8.7e-03 (4.9e-06), CFL=0.000 (ELAPSED 00:28:47 )
-------------------------------------------------------------------------------------------------------------
	 #1 (7.1601e-02, 1.5683e-05): lin 1 (0.0e+00)
	 #2 (4.8553e+02, 5.7112e-06): lin 1 (0.0e+00)
	 #3 (7.8551e-02, 1.1756e-05): lin 1 (0.0e+00)
	 #4 (1.1244e-02, 2.9955e-06): lin 1 (0.0e+00)
	 #5 (1.1247e-02, 2.9956e-06): lin 1 (0.0e+00)
	 #6 (1.1244e-02, 2.9956e-06): lin 1 (0.0e+00)
	 #7 (1.1262e-02, 2.9956e-06): lin 1 (0.0e+00)
	 #8 (1.1233e-02, 2.9956e-06): lin 1 (0.0e+00)
	 #9 (1.1260e-02, 2.9956e-06): lin 1 (0.0e+00)
FAILED TO CONVERGE WITH DT = 48.545 (newton residual reservoir) 
	 #1 (3.5800e-02, 7.8414e-06): lin 1 (0.0e+00)
	 #2 (9.5884e+01, 6.1482e-06): lin 1 (0.0e+00)
-------------------------------------------------------------------------------------------------------------
 T = 3810.77, DT = 24.2724, NI = 2, LI = 2, RES = 8.2e-03 (1.6e-07), CFL=0.000 (ELAPSED 00:28:57 )
-------------------------------------------------------------------------------------------------------------
	 #1 (7.1142e-02, 1.0198e-05): lin 1 (0.0e+00)
	 #2 (6.3931e+02, 4.8199e-06): lin 1 (0.0e+00)
	 #3 (1.4766e-01, 1.7294e-07): lin 1 (0.0e+00)
	 #4 (1.1796e-02, 1.7295e-07): lin 1 (0.0e+00)
	 #5 (1.1818e-02, 1.7295e-07): lin 1 (0.0e+00)
	 #6 (1.1734e-02, 1.7295e-07): lin 1 (0.0e+00)
	 #7 (1.1730e-02, 1.7295e-07): lin 1 (0.0e+00)
	 #8 (1.1804e-02, 1.7295e-07): lin 1 (0.0e+00)
	 #9 (1.1729e-02, 1.7295e-07): lin 1 (0.0e+00)
FAILED TO CONVERGE WITH DT = 48.545 (newton residual reservoir) 
	 #1 (3.5571e-02, 5.0992e-06): lin 1 (0.0e+00)
	 #2 (7.5427e+01, 6.0856e-06): lin 1 (0.0e+00)
-------------------------------------------------------------------------------------------------------------
 T = 3835.05, DT = 24.2724, NI = 2, LI = 2, RES = 7.5e-03 (4.2e-07), CFL=0.000 (ELAPSED 00:29:08 )
-------------------------------------------------------------------------------------------------------------
	 #1 (7.0695e-02, 9.5671e-06): lin 1 (0.0e+00)
	 #2 (2.7831e+02, 7.3976e-06): lin 1 (0.0e+00)
	 #3 (7.6287e-02, 8.3574e-06): lin 1 (0.0e+00)
	 #4 (1.1501e-02, 3.0922e-06): lin 1 (0.0e+00)
	 #5 (1.1487e-02, 3.0921e-06): lin 1 (0.0e+00)
	 #6 (1.1511e-02, 3.0922e-06): lin 1 (0.0e+00)
	 #7 (1.1442e-02, 3.0923e-06): lin 1 (0.0e+00)
	 #8 (1.1500e-02, 3.0923e-06): lin 1 (0.0e+00)
FAILED TO CONVERGE WITH DT = 48.545 (newton residual reservoir) 
	 #1 (3.5347e-02, 4.7838e-06): lin 1 (0.0e+00)
	 #2 (2.9491e+01, 3.3381e-07): lin 1 (0.0e+00)
-------------------------------------------------------------------------------------------------------------
 T = 3859.32, DT = 24.2724, NI = 2, LI = 2, RES = 6.4e-03 (6.3e-06), CFL=0.000 (ELAPSED 00:29:18 )
-------------------------------------------------------------------------------------------------------------
	 #1 (7.0035e-02, 1.8861e-05): lin 1 (0.0e+00)
	 #2 (5.1662e+02, 2.6348e-06): lin 1 (0.0e+00)
	 #3 (2.1254e-01, 3.8484e-06): lin 1 (0.0e+00)
	 #4 (1.1641e-02, 3.8487e-06): lin 1 (0.0e+00)
	 #5 (1.1644e-02, 3.8484e-06): lin 1 (0.0e+00)
	 #6 (1.1644e-02, 3.8484e-06): lin 1 (0.0e+00)
	 #7 (1.1662e-02, 3.8484e-06): lin 1 (0.0e+00)
FAILED TO CONVERGE WITH DT = 48.545 (newton residual reservoir) 
	 #1 (3.5018e-02, 9.4307e-06): lin 1 (0.0e+00)
	 #2 (6.0284e+01, 1.4491e-06): lin 1 (0.0e+00)
	 #3 (1.5701e-02, 2.5341e-06): lin 1 (0.0e+00)
-------------------------------------------------------------------------------------------------------------
 T = 3883.59, DT = 24.2724, NI = 3, LI = 3, RES = 5.5e-03 (2.4e-06), CFL=0.000 (ELAPSED 00:29:28 )
-------------------------------------------------------------------------------------------------------------
	 #1 (6.9530e-02, 1.1094e-05): lin 1 (0.0e+00)
	 #2 (3.8801e+02, 9.7043e-06): lin 1 (0.0e+00)
	 #3 (3.2900e-01, 4.5508e-06): lin 1 (0.0e+00)
	 #4 (1.1996e-02, 1.4721e-05): lin 1 (0.0e+00)
	 #5 (1.1971e-02, 1.4720e-05): lin 1 (0.0e+00)
	 #6 (1.1970e-02, 1.4720e-05): lin 1 (0.0e+00)
	 #7 (1.1975e-02, 1.4721e-05): lin 1 (0.0e+00)
	 #8 (1.1990e-02, 1.4721e-05): lin 1 (0.0e+00)
	 #9 (1.1997e-02, 1.4721e-05): lin 1 (0.0e+00)
FAILED TO CONVERGE WITH DT = 48.545 (newton residual reservoir) 
	 #1 (3.4765e-02, 5.5472e-06): lin 1 (0.0e+00)
	 #2 (6.6609e+01, 2.0202e-06): lin 1 (0.0e+00)
	 #3 (2.8728e-02, 1.9228e-06): lin 1 (0.0e+00)
-------------------------------------------------------------------------------------------------------------
 T = 3907.86, DT = 24.2724, NI = 3, LI = 3, RES = 5.7e-03 (1.9e-06), CFL=0.000 (ELAPSED 00:29:40 )
-------------------------------------------------------------------------------------------------------------
	 #1 (6.9418e-02, 1.2859e-05): lin 1 (0.0e+00)
	 #2 (4.2417e+02, 1.2978e-05): lin 1 (0.0e+00)
	 #3 (5.7955e-01, 3.2028e-06): lin 1 (0.0e+00)
	 #4 (1.1069e-02, 6.9694e-06): lin 1 (0.0e+00)
	 #5 (1.1058e-02, 6.9692e-06): lin 1 (0.0e+00)
	 #6 (1.1074e-02, 6.9690e-06): lin 1 (0.0e+00)
	 #7 (1.1086e-02, 6.9693e-06): lin 1 (0.0e+00)
FAILED TO CONVERGE WITH DT = 48.545 (newton residual reservoir) 
	 #1 (3.4709e-02, 6.4294e-06): lin 1 (0.0e+00)
	 #2 (7.3485e+01, 3.1088e-06): lin 1 (0.0e+00)
	 #3 (1.5532e-02, 4.1955e-06): lin 1 (0.0e+00)
-------------------------------------------------------------------------------------------------------------
 T = 3932.13, DT = 24.2724, NI = 3, LI = 3, RES = 6.0e-03 (4.2e-06), CFL=0.000 (ELAPSED 00:29:49 )
-------------------------------------------------------------------------------------------------------------
	 #1 (6.9329e-02, 1.4734e-05): lin 1 (0.0e+00)
	 #2 (7.0317e+02, 6.8336e-06): lin 1 (0.0e+00)
	 #3 (2.4089e-01, 1.2230e-05): lin 1 (0.0e+00)
	 #4 (1.1424e-02, 2.0612e-06): lin 1 (0.0e+00)
	 #5 (1.1472e-02, 2.0616e-06): lin 1 (0.0e+00)
	 #6 (1.1430e-02, 2.0615e-06): lin 1 (0.0e+00)
	 #7 (1.1444e-02, 2.0615e-06): lin 1 (0.0e+00)
	 #8 (1.1430e-02, 2.0615e-06): lin 1 (0.0e+00)
FAILED TO CONVERGE WITH DT = 48.545 (newton residual reservoir) 
	 #1 (3.4665e-02, 7.3670e-06): lin 1 (0.0e+00)
	 #2 (1.2680e+02, 3.4486e-06): lin 1 (0.0e+00)
	 #3 (3.0762e-01, 4.4988e-06): lin 1 (0.0e+00)
-------------------------------------------------------------------------------------------------------------
 T = 3956.41, DT = 24.2724, NI = 3, LI = 3, RES = 5.4e-03 (4.5e-06), CFL=0.000 (ELAPSED 00:30:00 )
-------------------------------------------------------------------------------------------------------------
	 #1 (6.8921e-02, 1.5396e-05): lin 1 (0.0e+00)
	 #2 (7.0529e+02, 4.5395e-06): lin 1 (0.0e+00)
	 #3 (3.9408e-01, 2.8407e-06): lin 1 (0.0e+00)
	 #4 (1.1756e-02, 9.9709e-06): lin 1 (0.0e+00)
	 #5 (1.1749e-02, 9.9710e-06): lin 1 (0.0e+00)
	 #6 (1.1768e-02, 9.9711e-06): lin 1 (0.0e+00)
	 #7 (1.1120e-02, 9.9711e-06): lin 1 (0.0e+00)
	 #8 (1.1767e-02, 9.9711e-06): lin 1 (0.0e+00)
	 #9 (1.1751e-02, 9.9710e-06): lin 1 (0.0e+00)
	 #10 (1.1114e-02, 9.9711e-06): lin 1 (0.0e+00)
FAILED TO CONVERGE WITH DT = 48.545 (newton residual reservoir) 
	 #1 (3.4460e-02, 7.6981e-06): lin 1 (0.0e+00)
	 #2 (1.4881e+02, 3.9796e-06): lin 1 (0.0e+00)
	 #3 (3.4393e-02, 1.4261e-06): lin 1 (0.0e+00)
-------------------------------------------------------------------------------------------------------------
 T = 3980.68, DT = 24.2724, NI = 3, LI = 3, RES = 5.3e-03 (2.4e-07), CFL=0.000 (ELAPSED 00:30:13 )
-------------------------------------------------------------------------------------------------------------
	 #1 (6.8753e-02, 1.0380e-05): lin 1 (0.0e+00)
	 #2 (4.1853e+02, 7.0223e-06): lin 1 (0.0e+00)
	 #3 (1.1767e-01, 1.1112e-05): lin 1 (0.0e+00)
	 #4 (1.1011e-02, 2.5760e-06): lin 1 (0.0e+00)
	 #5 (1.0977e-02, 2.5761e-06): lin 1 (0.0e+00)
	 #6 (1.1025e-02, 2.5761e-06): lin 1 (0.0e+00)
	 #7 (1.0954e-02, 2.5761e-06): lin 1 (0.0e+00)
	 #8 (1.1027e-02, 2.5761e-06): lin 1 (0.0e+00)
FAILED TO CONVERGE WITH DT = 48.545 (newton residual reservoir) 
	 #1 (3.4376e-02, 5.1901e-06): lin 1 (0.0e+00)
	 #2 (5.5026e+01, 5.2114e-06): lin 1 (0.0e+00)
-------------------------------------------------------------------------------------------------------------
 T = 4004.95, DT = 24.2724, NI = 2, LI = 2, RES = 9.7e-03 (1.6e-06), CFL=0.000 (ELAPSED 00:30:23 )
-------------------------------------------------------------------------------------------------------------
	 #1 (7.0479e-02, 9.6933e-06): lin 1 (0.0e+00)
	 #2 (3.1599e+02, 2.3378e-06): lin 1 (0.0e+00)
	 #3 (3.2526e-02, 1.1920e-05): lin 1 (0.0e+00)
	 #4 (1.1161e-02, 8.6012e-06): lin 1 (0.0e+00)
	 #5 (1.1142e-02, 8.6013e-06): lin 1 (0.0e+00)
	 #6 (1.1147e-02, 8.6013e-06): lin 1 (0.0e+00)
	 #7 (1.1147e-02, 8.6013e-06): lin 1 (0.0e+00)
FAILED TO CONVERGE WITH DT = 48.545 (newton residual reservoir) 
	 #1 (3.5240e-02, 4.8484e-06): lin 1 (0.0e+00)
	 #2 (5.0079e+01, 4.6083e-06): lin 1 (0.0e+00)
-------------------------------------------------------------------------------------------------------------
 T = 4029.22, DT = 24.2724, NI = 2, LI = 2, RES = 6.3e-03 (3.7e-06), CFL=0.000 (ELAPSED 00:30:32 )
-------------------------------------------------------------------------------------------------------------
	 #1 (6.8741e-02, 1.5795e-05): lin 1 (0.0e+00)
	 #2 (5.3592e+02, 1.6959e-06): lin 1 (0.0e+00)
	 #3 (3.0992e-01, 7.2490e-06): lin 1 (0.0e+00)
	 #4 (1.1622e-02, 7.2489e-06): lin 1 (0.0e+00)
	 #5 (1.1557e-02, 7.2489e-06): lin 1 (0.0e+00)
	 #6 (1.1565e-02, 7.2490e-06): lin 1 (0.0e+00)
	 #7 (1.1561e-02, 7.2491e-06): lin 1 (0.0e+00)
FAILED TO CONVERGE WITH DT = 48.545 (newton residual reservoir) 
	 #1 (3.4371e-02, 7.8978e-06): lin 1 (0.0e+00)
	 #2 (8.6081e+01, 1.3608e-06): lin 1 (0.0e+00)
	 #3 (1.2608e-02, 2.0441e-06): lin 1 (0.0e+00)
-------------------------------------------------------------------------------------------------------------
 T = 4053.5, DT = 24.2724, NI = 3, LI = 3, RES = 5.5e-03 (2.0e-06), CFL=0.000 (ELAPSED 00:30:42 )
-------------------------------------------------------------------------------------------------------------
	 #1 (6.8257e-02, 1.0567e-05): lin 1 (0.0e+00)
	 #2 (5.8102e+02, 9.2908e-06): lin 1 (0.0e+00)
	 #3 (1.7166e-01, 5.2895e-06): lin 1 (0.0e+00)
	 #4 (1.1804e-02, 4.8812e-06): lin 1 (0.0e+00)
	 #5 (1.1794e-02, 4.8812e-06): lin 1 (0.0e+00)
	 #6 (1.1784e-02, 4.8811e-06): lin 1 (0.0e+00)
	 #7 (1.1815e-02, 4.8810e-06): lin 1 (0.0e+00)
	 #8 (1.1792e-02, 4.8811e-06): lin 1 (0.0e+00)
	 #9 (1.1777e-02, 4.8812e-06): lin 1 (0.0e+00)
FAILED TO CONVERGE WITH DT = 48.545 (newton residual reservoir) 
	 #1 (3.4128e-02, 5.2834e-06): lin 1 (0.0e+00)
	 #2 (1.1302e+02, 1.6094e-06): lin 1 (0.0e+00)
	 #3 (1.1988e-02, 2.6751e-06): lin 1 (0.0e+00)
-------------------------------------------------------------------------------------------------------------
 T = 4077.77, DT = 24.2724, NI = 3, LI = 3, RES = 5.8e-03 (2.7e-06), CFL=0.000 (ELAPSED 00:30:54 )
-------------------------------------------------------------------------------------------------------------
	 #1 (6.8192e-02, 1.2046e-05): lin 1 (0.0e+00)
	 #2 (4.3107e+02, 8.6134e-06): lin 1 (0.0e+00)
	 #3 (1.2188e-01, 3.1629e-06): lin 1 (0.0e+00)
	 #4 (1.1333e-02, 3.1626e-06): lin 1 (0.0e+00)
	 #5 (1.1330e-02, 3.1631e-06): lin 1 (0.0e+00)
	 #6 (1.1353e-02, 3.1625e-06): lin 1 (0.0e+00)
	 #7 (1.1310e-02, 3.1629e-06): lin 1 (0.0e+00)
	 #8 (1.1326e-02, 3.1626e-06): lin 1 (0.0e+00)
	 #9 (1.1353e-02, 3.1630e-06): lin 1 (0.0e+00)
	 #10 (1.1307e-02, 3.1629e-06): lin 1 (0.0e+00)
FAILED TO CONVERGE WITH DT = 48.545 (newton residual reservoir) 
	 #1 (3.4096e-02, 6.0229e-06): lin 1 (0.0e+00)
	 #2 (6.0607e+01, 2.6037e-06): lin 1 (0.0e+00)
-------------------------------------------------------------------------------------------------------------
 T = 4102.04, DT = 24.2724, NI = 2, LI = 2, RES = 6.8e-03 (3.9e-06), CFL=0.000 (ELAPSED 00:31:05 )
-------------------------------------------------------------------------------------------------------------
	 #1 (6.8367e-02, 1.4565e-05): lin 1 (0.0e+00)
	 #2 (3.6953e+02, 6.2971e-06): lin 1 (0.0e+00)
	 #3 (4.0075e-01, 8.6758e-06): lin 1 (0.0e+00)
	 #4 (1.0961e-02, 8.6503e-06): lin 1 (0.0e+00)
	 #5 (1.0904e-02, 8.6503e-06): lin 1 (0.0e+00)
	 #6 (1.0904e-02, 8.6503e-06): lin 1 (0.0e+00)
	 #7 (1.0896e-02, 8.6503e-06): lin 1 (0.0e+00)
	 #8 (1.0908e-02, 8.6503e-06): lin 1 (0.0e+00)
FAILED TO CONVERGE WITH DT = 48.545 (newton residual reservoir) 
	 #1 (3.4183e-02, 7.2826e-06): lin 1 (0.0e+00)
	 #2 (3.2619e+01, 1.5011e-06): lin 1 (0.0e+00)
-------------------------------------------------------------------------------------------------------------
 T = 4126.31, DT = 24.2724, NI = 2, LI = 2, RES = 5.9e-03 (5.4e-06), CFL=0.000 (ELAPSED 00:31:15 )
-------------------------------------------------------------------------------------------------------------
	 #1 (6.7875e-02, 1.8385e-05): lin 1 (0.0e+00)
	 #2 (6.0939e+02, 5.4054e-06): lin 1 (0.0e+00)
	 #3 (1.6967e-01, 2.5045e-06): lin 1 (0.0e+00)
	 #4 (1.1242e-02, 1.0303e-05): lin 1 (0.0e+00)
	 #5 (1.1241e-02, 1.0303e-05): lin 1 (0.0e+00)
	 #6 (1.1229e-02, 1.0303e-05): lin 1 (0.0e+00)
	 #7 (1.1241e-02, 1.0303e-05): lin 1 (0.0e+00)
FAILED TO CONVERGE WITH DT = 48.545 (newton residual reservoir) 
	 #1 (3.3937e-02, 9.1932e-06): lin 1 (0.0e+00)
	 #2 (1.2996e+02, 8.1511e-07): lin 1 (0.0e+00)
	 #3 (2.0453e-02, 3.2942e-07): lin 1 (0.0e+00)
-------------------------------------------------------------------------------------------------------------
 T = 4150.59, DT = 24.2724, NI = 3, LI = 3, RES = 5.7e-03 (5.4e-06), CFL=0.000 (ELAPSED 00:31:25 )
-------------------------------------------------------------------------------------------------------------
	 #1 (6.7612e-02, 1.7740e-05): lin 1 (0.0e+00)
	 #2 (3.0865e+02, 3.7324e-06): lin 1 (0.0e+00)
	 #3 (1.3898e-01, 1.6921e-06): lin 1 (0.0e+00)
	 #4 (1.1067e-02, 8.4795e-06): lin 1 (0.0e+00)
	 #5 (1.1110e-02, 8.4795e-06): lin 1 (0.0e+00)
	 #6 (1.1101e-02, 8.4794e-06): lin 1 (0.0e+00)
	 #7 (1.1120e-02, 8.4797e-06): lin 1 (0.0e+00)
	 #8 (1.1104e-02, 8.4796e-06): lin 1 (0.0e+00)
	 #9 (1.1094e-02, 8.4794e-06): lin 1 (0.0e+00)
	 #10 (1.1144e-02, 8.4796e-06): lin 1 (0.0e+00)
FAILED TO CONVERGE WITH DT = 48.545 (newton residual reservoir) 
	 #1 (3.3806e-02, 8.8700e-06): lin 1 (0.0e+00)
	 #2 (4.3436e+01, 1.4238e-06): lin 1 (0.0e+00)
-------------------------------------------------------------------------------------------------------------
 T = 4174.86, DT = 24.2724, NI = 2, LI = 2, RES = 8.0e-03 (1.6e-06), CFL=0.000 (ELAPSED 00:31:37 )
-------------------------------------------------------------------------------------------------------------
	 #1 (6.8337e-02, 1.0272e-05): lin 1 (0.0e+00)
	 #2 (5.5804e+02, 8.5683e-06): lin 1 (0.0e+00)
	 #3 (2.8335e-01, 3.5069e-06): lin 1 (0.0e+00)
	 #4 (1.1586e-02, 3.5074e-06): lin 1 (0.0e+00)
	 #5 (1.1558e-02, 3.5072e-06): lin 1 (0.0e+00)
	 #6 (1.1578e-02, 3.5072e-06): lin 1 (0.0e+00)
	 #7 (1.1551e-02, 3.5072e-06): lin 1 (0.0e+00)
	 #8 (1.1550e-02, 3.5072e-06): lin 1 (0.0e+00)
	 #9 (1.1568e-02, 3.5072e-06): lin 1 (0.0e+00)
	 #10 (1.1540e-02, 3.5072e-06): lin 1 (0.0e+00)
FAILED TO CONVERGE WITH DT = 48.545 (newton residual reservoir) 
	 #1 (3.4168e-02, 5.1370e-06): lin 1 (0.0e+00)
	 #2 (1.0686e+02, 1.5186e-06): lin 1 (0.0e+00)
	 #3 (2.8894e-02, 7.1816e-06): lin 1 (0.0e+00)
-------------------------------------------------------------------------------------------------------------
 T = 4199.13, DT = 24.2724, NI = 3, LI = 3, RES = 5.5e-03 (3.0e-06), CFL=0.000 (ELAPSED 00:31:49 )
-------------------------------------------------------------------------------------------------------------
	 #1 (6.7198e-02, 1.5444e-05): lin 1 (0.0e+00)
	 #2 (2.4814e+02, 2.5044e-06): lin 1 (0.0e+00)
	 #3 (3.0744e-02, 6.2486e-06): lin 1 (0.0e+00)
	 #4 (1.1065e-02, 3.9214e-06): lin 1 (0.0e+00)
	 #5 (1.1069e-02, 3.9211e-06): lin 1 (0.0e+00)
	 #6 (1.1043e-02, 3.9212e-06): lin 1 (0.0e+00)
	 #7 (1.1039e-02, 3.9210e-06): lin 1 (0.0e+00)
	 #8 (1.1036e-02, 3.9213e-06): lin 1 (0.0e+00)
FAILED TO CONVERGE WITH DT = 48.545 (newton residual reservoir) 
	 #1 (3.3599e-02, 7.7222e-06): lin 1 (0.0e+00)
	 #2 (2.8371e+01, 1.5100e-06): lin 1 (0.0e+00)
-------------------------------------------------------------------------------------------------------------
 T = 4223.4, DT = 24.2724, NI = 2, LI = 2, RES = 5.5e-03 (2.8e-06), CFL=0.000 (ELAPSED 00:32:00 )
-------------------------------------------------------------------------------------------------------------
	 #1 (6.7032e-02, 1.2638e-05): lin 1 (0.0e+00)
	 #2 (5.3563e+02, 9.6419e-06): lin 1 (0.0e+00)
	 #3 (1.6370e-01, 4.8887e-06): lin 1 (0.0e+00)
	 #4 (1.1573e-02, 5.0444e-06): lin 1 (0.0e+00)
	 #5 (1.1552e-02, 5.0445e-06): lin 1 (0.0e+00)
	 #6 (1.1568e-02, 5.0444e-06): lin 1 (0.0e+00)
	 #7 (1.1560e-02, 5.0446e-06): lin 1 (0.0e+00)
	 #8 (1.1554e-02, 5.0445e-06): lin 1 (0.0e+00)
	 #9 (1.1583e-02, 5.0446e-06): lin 1 (0.0e+00)
FAILED TO CONVERGE WITH DT = 48.545 (newton residual reservoir) 
	 #1 (3.3516e-02, 6.3190e-06): lin 1 (0.0e+00)
	 #2 (8.5961e+01, 3.2585e-06): lin 1 (0.0e+00)
	 #3 (1.0547e-02, 2.3229e-06): lin 1 (0.0e+00)
-------------------------------------------------------------------------------------------------------------
 T = 4247.68, DT = 24.2724, NI = 3, LI = 3, RES = 6.0e-03 (2.8e-06), CFL=0.000 (ELAPSED 00:32:12 )
-------------------------------------------------------------------------------------------------------------
	 #1 (6.7033e-02, 1.2632e-05): lin 1 (0.0e+00)
	 #2 (6.4552e+02, 8.9636e-06): lin 1 (0.0e+00)
	 #3 (1.6860e-01, 3.3119e-06): lin 1 (0.0e+00)
	 #4 (1.1272e-02, 3.3116e-06): lin 1 (0.0e+00)
	 #5 (1.1266e-02, 3.3118e-06): lin 1 (0.0e+00)
	 #6 (1.1270e-02, 3.3116e-06): lin 1 (0.0e+00)
FAILED TO CONVERGE WITH DT = 48.545 (newton residual reservoir) 
	 #1 (3.3517e-02, 6.3159e-06): lin 1 (0.0e+00)
	 #2 (1.1650e+02, 2.2496e-06): lin 1 (0.0e+00)
	 #3 (1.2991e-02, 1.3621e-06): lin 1 (0.0e+00)
-------------------------------------------------------------------------------------------------------------
 T = 4271.95, DT = 24.2724, NI = 3, LI = 3, RES = 5.6e-03 (1.4e-06), CFL=0.000 (ELAPSED 00:32:21 )
-------------------------------------------------------------------------------------------------------------
	 #1 (6.6743e-02, 1.3613e-05): lin 1 (0.0e+00)
	 #2 (2.1680e+02, 6.5825e-06): lin 1 (0.0e+00)
	 #3 (1.2335e-01, 3.1006e-06): lin 1 (0.0e+00)
	 #4 (1.0828e-02, 1.9381e-06): lin 1 (0.0e+00)
	 #5 (1.0904e-02, 1.9383e-06): lin 1 (0.0e+00)
	 #6 (1.0885e-02, 1.9383e-06): lin 1 (0.0e+00)
	 #7 (1.0840e-02, 1.9383e-06): lin 1 (0.0e+00)
	 #8 (1.0830e-02, 1.9383e-06): lin 1 (0.0e+00)
	 #9 (1.0885e-02, 1.9383e-06): lin 1 (0.0e+00)
	 #10 (1.0821e-02, 1.9383e-06): lin 1 (0.0e+00)
	 #11 (1.0851e-02, 1.9383e-06): lin 1 (0.0e+00)
	 #12 (1.0860e-02, 1.9383e-06): lin 1 (0.0e+00)
	 #13 (1.0840e-02, 1.9383e-06): lin 1 (0.0e+00)
FAILED TO CONVERGE WITH DT = 48.545 (newton residual reservoir) 
	 #1 (3.3372e-02, 6.8065e-06): lin 1 (0.0e+00)
	 #2 (3.7238e+01, 3.4320e-06): lin 1 (0.0e+00)
-------------------------------------------------------------------------------------------------------------
 T = 4296.22, DT = 24.2724, NI = 2, LI = 2, RES = 6.5e-03 (1.4e-06), CFL=0.000 (ELAPSED 00:32:36 )
-------------------------------------------------------------------------------------------------------------
	 #1 (6.6917e-02, 1.2750e-05): lin 1 (0.0e+00)
	 #2 (3.5159e+02, 4.8605e-06): lin 1 (0.0e+00)
	 #3 (1.2954e-01, 4.8594e-07): lin 1 (0.0e+00)
	 #4 (1.1832e-02, 1.0646e-05): lin 1 (0.0e+00)
	 #5 (1.1842e-02, 1.0646e-05): lin 1 (0.0e+00)
	 #6 (1.1835e-02, 1.0647e-05): lin 1 (0.0e+00)
	 #7 (1.1820e-02, 1.0646e-05): lin 1 (0.0e+00)
FAILED TO CONVERGE WITH DT = 48.545 (newton residual reservoir) 
	 #1 (3.3459e-02, 6.3754e-06): lin 1 (0.0e+00)
	 #2 (4.1348e+01, 1.1620e-06): lin 1 (0.0e+00)
-------------------------------------------------------------------------------------------------------------
 T = 4320.49, DT = 24.2724, NI = 2, LI = 2, RES = 6.1e-03 (8.6e-08), CFL=0.000 (ELAPSED 00:32:45 )
-------------------------------------------------------------------------------------------------------------
	 #1 (6.6574e-02, 1.2056e-05): lin 1 (0.0e+00)
	 #2 (2.5585e+02, 6.9861e-06): lin 1 (0.0e+00)
	 #3 (5.5522e-02, 2.9565e-06): lin 1 (0.0e+00)
	 #4 (1.1010e-02, 1.1495e-05): lin 1 (0.0e+00)
	 #5 (1.1004e-02, 1.1495e-05): lin 1 (0.0e+00)
	 #6 (1.1006e-02, 1.1495e-05): lin 1 (0.0e+00)
FAILED TO CONVERGE WITH DT = 48.545 (newton residual reservoir) 
	 #1 (3.3287e-02, 6.0279e-06): lin 1 (0.0e+00)
	 #2 (4.2667e+01, 5.1570e-06): lin 1 (0.0e+00)
-------------------------------------------------------------------------------------------------------------
 T = 4344.77, DT = 24.2724, NI = 2, LI = 2, RES = 7.3e-03 (1.4e-06), CFL=0.000 (ELAPSED 00:32:53 )
-------------------------------------------------------------------------------------------------------------
	 #1 (6.6904e-02, 1.1056e-05): lin 1 (0.0e+00)
	 #2 (4.9375e+02, 2.2477e-06): lin 1 (0.0e+00)
	 #3 (1.1303e-01, 2.9291e-06): lin 1 (0.0e+00)
	 #4 (1.1019e-02, 7.7905e-06): lin 1 (0.0e+00)
	 #5 (1.1030e-02, 7.7909e-06): lin 1 (0.0e+00)
	 #6 (1.1069e-02, 7.7907e-06): lin 1 (0.0e+00)
	 #7 (1.1057e-02, 7.7907e-06): lin 1 (0.0e+00)
	 #8 (1.1065e-02, 7.7907e-06): lin 1 (0.0e+00)
	 #9 (1.1024e-02, 7.7907e-06): lin 1 (0.0e+00)
	 #10 (1.1056e-02, 7.7907e-06): lin 1 (0.0e+00)
FAILED TO CONVERGE WITH DT = 48.545 (newton residual reservoir) 
	 #1 (3.3452e-02, 5.5286e-06): lin 1 (0.0e+00)
	 #2 (6.2899e+01, 5.5183e-06): lin 1 (0.0e+00)
-------------------------------------------------------------------------------------------------------------
 T = 4369.04, DT = 24.2724, NI = 2, LI = 2, RES = 8.7e-03 (1.7e-06), CFL=0.000 (ELAPSED 00:33:05 )
-------------------------------------------------------------------------------------------------------------
	 #1 (6.7401e-02, 1.0877e-05): lin 1 (0.0e+00)
	 #2 (3.8856e+02, 3.8528e-07): lin 1 (0.0e+00)
	 #3 (9.2592e-02, 3.1664e-06): lin 1 (0.0e+00)
	 #4 (1.1601e-02, 1.3138e-05): lin 1 (0.0e+00)
	 #5 (1.1608e-02, 1.3138e-05): lin 1 (0.0e+00)
	 #6 (1.1608e-02, 1.3138e-05): lin 1 (0.0e+00)
FAILED TO CONVERGE WITH DT = 48.545 (newton residual reservoir) 
	 #1 (3.3701e-02, 5.4385e-06): lin 1 (0.0e+00)
	 #2 (4.8312e+01, 1.5279e-06): lin 1 (0.0e+00)
-------------------------------------------------------------------------------------------------------------
 T = 4393.31, DT = 24.2724, NI = 2, LI = 2, RES = 9.8e-03 (2.9e-06), CFL=0.000 (ELAPSED 00:33:13 )
-------------------------------------------------------------------------------------------------------------
	 #1 (6.7843e-02, 1.6056e-05): lin 1 (0.0e+00)
	 #2 (4.6767e+02, 1.0316e-05): lin 1 (0.0e+00)
	 #3 (1.2655e-01, 3.3996e-06): lin 1 (0.0e+00)
	 #4 (1.1407e-02, 7.1125e-06): lin 1 (0.0e+00)
	 #5 (1.1436e-02, 7.1127e-06): lin 1 (0.0e+00)
	 #6 (1.1420e-02, 7.1125e-06): lin 1 (0.0e+00)
	 #7 (1.1429e-02, 7.1125e-06): lin 1 (0.0e+00)
	 #8 (1.1446e-02, 7.1125e-06): lin 1 (0.0e+00)
	 #9 (1.1410e-02, 7.1125e-06): lin 1 (0.0e+00)
FAILED TO CONVERGE WITH DT = 48.545 (newton residual reservoir) 
	 #1 (3.3922e-02, 8.0280e-06): lin 1 (0.0e+00)
	 #2 (8.4580e+01, 3.5406e-06): lin 1 (0.0e+00)
	 #3 (1.2123e-02, 2.8283e-06): lin 1 (0.0e+00)
-------------------------------------------------------------------------------------------------------------
 T = 4417.58, DT = 24.2724, NI = 3, LI = 3, RES = 6.0e-03 (2.9e-06), CFL=0.000 (ELAPSED 00:33:25 )
-------------------------------------------------------------------------------------------------------------
	 #1 (6.5926e-02, 1.6326e-05): lin 1 (0.0e+00)
	 #2 (2.9410e+02, 9.9930e-06): lin 1 (0.0e+00)
	 #3 (3.7497e-02, 6.3500e-06): lin 1 (0.0e+00)
	 #4 (1.1388e-02, 6.4700e-06): lin 1 (0.0e+00)
	 #5 (1.1404e-02, 6.4701e-06): lin 1 (0.0e+00)
	 #6 (1.1368e-02, 6.4701e-06): lin 1 (0.0e+00)
	 #7 (1.1396e-02, 6.4701e-06): lin 1 (0.0e+00)
	 #8 (1.1384e-02, 6.4701e-06): lin 1 (0.0e+00)
	 #9 (1.1368e-02, 6.4701e-06): lin 1 (0.0e+00)
	 #10 (1.1402e-02, 6.4699e-06): lin 1 (0.0e+00)
	 #11 (1.1369e-02, 6.4701e-06): lin 1 (0.0e+00)
FAILED TO CONVERGE WITH DT = 48.545 (newton residual reservoir) 
	 #1 (3.2963e-02, 8.1635e-06): lin 1 (0.0e+00)
	 #2 (1.2776e+01, 1.5710e-06): lin 1 (0.0e+00)
-------------------------------------------------------------------------------------------------------------
 T = 4441.86, DT = 24.2724, NI = 2, LI = 2, RES = 5.8e-03 (2.4e-06), CFL=0.000 (ELAPSED 00:33:38 )
-------------------------------------------------------------------------------------------------------------
	 #1 (6.5704e-02, 1.2477e-05): lin 1 (0.0e+00)
	 #2 (4.8383e+02, 8.9470e-06): lin 1 (0.0e+00)
	 #3 (1.4171e-01, 5.6943e-06): lin 1 (0.0e+00)
	 #4 (1.1163e-02, 4.4743e-06): lin 1 (0.0e+00)
	 #5 (1.1164e-02, 4.4744e-06): lin 1 (0.0e+00)
	 #6 (1.1168e-02, 4.4739e-06): lin 1 (0.0e+00)
	 #7 (1.1180e-02, 4.4742e-06): lin 1 (0.0e+00)
	 #8 (1.1147e-02, 4.4742e-06): lin 1 (0.0e+00)
FAILED TO CONVERGE WITH DT = 48.545 (newton residual reservoir) 
	 #1 (3.2852e-02, 6.2386e-06): lin 1 (0.0e+00)
	 #2 (8.2591e+01, 7.2445e-06): lin 1 (0.0e+00)
	 #3 (1.0697e-02, 2.1833e-06): lin 1 (0.0e+00)
-------------------------------------------------------------------------------------------------------------
 T = 4466.13, DT = 24.2724, NI = 3, LI = 3, RES = 5.6e-03 (2.2e-06), CFL=0.000 (ELAPSED 00:33:49 )
-------------------------------------------------------------------------------------------------------------
	 #1 (6.5490e-02, 1.5454e-05): lin 1 (0.0e+00)
	 #2 (4.1830e+02, 2.6437e-06): lin 1 (0.0e+00)
	 #3 (4.6274e-02, 5.5659e-06): lin 1 (0.0e+00)
	 #4 (1.1351e-02, 4.7845e-06): lin 1 (0.0e+00)
	 #5 (1.1330e-02, 4.7849e-06): lin 1 (0.0e+00)
	 #6 (1.1346e-02, 4.7845e-06): lin 1 (0.0e+00)
	 #7 (1.1354e-02, 4.7849e-06): lin 1 (0.0e+00)
	 #8 (1.1336e-02, 4.7845e-06): lin 1 (0.0e+00)
FAILED TO CONVERGE WITH DT = 48.545 (newton residual reservoir) 
	 #1 (3.2745e-02, 7.7271e-06): lin 1 (0.0e+00)
	 #2 (5.4786e+01, 2.9565e-06): lin 1 (0.0e+00)
-------------------------------------------------------------------------------------------------------------
 T = 4490.4, DT = 24.2724, NI = 2, LI = 2, RES = 5.8e-03 (3.1e-06), CFL=0.000 (ELAPSED 00:33:59 )
-------------------------------------------------------------------------------------------------------------
	 #1 (6.5394e-02, 1.3889e-05): lin 1 (0.0e+00)
	 #2 (2.9143e+02, 3.1993e-06): lin 1 (0.0e+00)
	 #3 (9.5498e-02, 6.4106e-06): lin 1 (0.0e+00)
	 #4 (1.1619e-02, 1.3994e-05): lin 1 (0.0e+00)
	 #5 (1.1615e-02, 1.3994e-05): lin 1 (0.0e+00)
	 #6 (1.1612e-02, 1.3994e-05): lin 1 (0.0e+00)
	 #7 (1.1630e-02, 1.3994e-05): lin 1 (0.0e+00)
FAILED TO CONVERGE WITH DT = 48.545 (newton residual reservoir) 
	 #1 (3.2697e-02, 6.9445e-06): lin 1 (0.0e+00)
	 #2 (9.8057e+00, 2.7391e-06): lin 1 (0.0e+00)
-------------------------------------------------------------------------------------------------------------
 T = 4514.67, DT = 24.2724, NI = 2, LI = 2, RES = 5.6e-03 (1.5e-06), CFL=0.000 (ELAPSED 00:34:07 )
-------------------------------------------------------------------------------------------------------------
	 #1 (6.5184e-02, 1.4710e-05): lin 1 (0.0e+00)
	 #2 (5.6938e+02, 6.6674e-06): lin 1 (0.0e+00)
	 #3 (1.5116e-01, 7.3584e-06): lin 1 (0.0e+00)
	 #4 (1.1213e-02, 3.3687e-06): lin 1 (0.0e+00)
	 #5 (1.1222e-02, 3.3687e-06): lin 1 (0.0e+00)
	 #6 (1.1224e-02, 3.3687e-06): lin 1 (0.0e+00)
FAILED TO CONVERGE WITH DT = 48.545 (newton residual reservoir) 
	 #1 (3.2592e-02, 7.3554e-06): lin 1 (0.0e+00)
	 #2 (1.3369e+02, 1.9683e-06): lin 1 (0.0e+00)
	 #3 (1.8151e-02, 1.5539e-06): lin 1 (0.0e+00)
-------------------------------------------------------------------------------------------------------------
 T = 4538.95, DT = 24.2724, NI = 3, LI = 3, RES = 5.7e-03 (4.1e-06), CFL=0.000 (ELAPSED 00:34:17 )
-------------------------------------------------------------------------------------------------------------
	 #1 (6.5075e-02, 1.6043e-05): lin 1 (0.0e+00)
	 #2 (2.7789e+02, 4.6413e-06): lin 1 (0.0e+00)
	 #3 (2.5188e-01, 1.1968e-05): lin 1 (0.0e+00)
	 #4 (1.1949e-02, 2.7279e-06): lin 1 (0.0e+00)
	 #5 (1.1883e-02, 2.7279e-06): lin 1 (0.0e+00)
	 #6 (1.1935e-02, 2.7279e-06): lin 1 (0.0e+00)
	 #7 (1.1919e-02, 2.7279e-06): lin 1 (0.0e+00)
	 #8 (1.1912e-02, 2.7279e-06): lin 1 (0.0e+00)
	 #9 (1.1935e-02, 2.7279e-06): lin 1 (0.0e+00)
FAILED TO CONVERGE WITH DT = 48.545 (newton residual reservoir) 
	 #1 (3.2537e-02, 8.0213e-06): lin 1 (0.0e+00)
	 #2 (2.6474e+01, 1.5302e-06): lin 1 (0.0e+00)
-------------------------------------------------------------------------------------------------------------
 T = 4563.22, DT = 24.2724, NI = 2, LI = 2, RES = 8.0e-03 (1.3e-06), CFL=0.000 (ELAPSED 00:34:27 )
-------------------------------------------------------------------------------------------------------------
	 #1 (6.5870e-02, 1.3719e-05): lin 1 (0.0e+00)
	 #2 (5.4815e+02, 4.4986e-06): lin 1 (0.0e+00)
	 #3 (1.0333e-01, 1.1018e-05): lin 1 (0.0e+00)
	 #4 (1.1005e-02, 2.8910e-06): lin 1 (0.0e+00)
	 #5 (1.1007e-02, 2.8910e-06): lin 1 (0.0e+00)
	 #6 (1.1017e-02, 2.8911e-06): lin 1 (0.0e+00)
FAILED TO CONVERGE WITH DT = 48.545 (newton residual reservoir) 
	 #1 (3.2935e-02, 6.8598e-06): lin 1 (0.0e+00)
	 #2 (1.1270e+02, 4.4444e-06): lin 1 (0.0e+00)
	 #3 (1.2716e-02, 1.1394e-07): lin 1 (0.0e+00)
-------------------------------------------------------------------------------------------------------------
 T = 4587.49, DT = 24.2724, NI = 3, LI = 3, RES = 5.8e-03 (1.1e-07), CFL=0.000 (ELAPSED 00:34:36 )
-------------------------------------------------------------------------------------------------------------
	 #1 (6.4795e-02, 1.3020e-05): lin 1 (0.0e+00)
	 #2 (5.9894e+02, 6.0952e-06): lin 1 (0.0e+00)
	 #3 (1.4288e-01, 2.5338e-06): lin 1 (0.0e+00)
	 #4 (1.1875e-02, 9.5512e-06): lin 1 (0.0e+00)
	 #5 (1.1886e-02, 9.5509e-06): lin 1 (0.0e+00)
	 #6 (1.1875e-02, 9.5509e-06): lin 1 (0.0e+00)
FAILED TO CONVERGE WITH DT = 48.545 (newton residual reservoir) 
	 #1 (3.2398e-02, 6.5098e-06): lin 1 (0.0e+00)
	 #2 (1.1711e+02, 5.6904e-07): lin 1 (0.0e+00)
	 #3 (1.1054e-02, 5.8866e-07): lin 1 (0.0e+00)
-------------------------------------------------------------------------------------------------------------
 T = 4611.76, DT = 24.2724, NI = 3, LI = 3, RES = 5.6e-03 (5.9e-07), CFL=0.000 (ELAPSED 00:34:45 )
-------------------------------------------------------------------------------------------------------------
	 #1 (6.4586e-02, 1.2501e-05): lin 1 (0.0e+00)
	 #2 (1.8805e+02, 1.2404e-05): lin 1 (0.0e+00)
	 #3 (1.9537e-01, 3.1684e-06): lin 1 (0.0e+00)
	 #4 (1.1748e-02, 8.0936e-06): lin 1 (0.0e+00)
	 #5 (1.1736e-02, 8.0937e-06): lin 1 (0.0e+00)
	 #6 (1.1736e-02, 8.0937e-06): lin 1 (0.0e+00)
	 #7 (1.1731e-02, 8.0937e-06): lin 1 (0.0e+00)
FAILED TO CONVERGE WITH DT = 48.545 (newton residual reservoir) 
	 #1 (3.2293e-02, 6.2507e-06): lin 1 (0.0e+00)
	 #2 (2.8662e+01, 5.4557e-06): lin 1 (0.0e+00)
	 #3 (2.2484e-02, 3.5617e-06): lin 1 (0.0e+00)
-------------------------------------------------------------------------------------------------------------
 T = 4636.04, DT = 24.2724, NI = 3, LI = 3, RES = 6.2e-03 (3.6e-06), CFL=0.000 (ELAPSED 00:34:55 )
-------------------------------------------------------------------------------------------------------------
	 #1 (6.4652e-02, 1.8027e-05): lin 1 (0.0e+00)
	 #2 (1.2024e+02, 1.0862e-05): lin 1 (0.0e+00)
	 #3 (2.8234e-02, 7.3634e-06): lin 1 (0.0e+00)
	 #4 (1.0928e-02, 3.1913e-06): lin 1 (0.0e+00)
	 #5 (1.0917e-02, 3.1910e-06): lin 1 (0.0e+00)
	 #6 (1.0909e-02, 3.1910e-06): lin 1 (0.0e+00)
	 #7 (1.0907e-02, 3.1911e-06): lin 1 (0.0e+00)
FAILED TO CONVERGE WITH DT = 48.545 (newton residual reservoir) 
	 #1 (3.2326e-02, 9.0146e-06): lin 1 (0.0e+00)
	 #2 (1.1770e+01, 1.1407e-06): lin 1 (0.0e+00)
-------------------------------------------------------------------------------------------------------------
 T = 4660.31, DT = 24.2724, NI = 2, LI = 2, RES = 5.8e-03 (3.0e-06), CFL=0.000 (ELAPSED 00:35:04 )
-------------------------------------------------------------------------------------------------------------
	 #1 (6.4354e-02, 1.7342e-05): lin 1 (0.0e+00)
	 #2 (3.1802e+02, 2.2502e-07): lin 1 (0.0e+00)
	 #3 (1.0994e-01, 6.2749e-06): lin 1 (0.0e+00)
	 #4 (1.1524e-02, 4.2020e-06): lin 1 (0.0e+00)
	 #5 (1.1520e-02, 4.2017e-06): lin 1 (0.0e+00)
	 #6 (1.1558e-02, 4.2018e-06): lin 1 (0.0e+00)
	 #7 (1.1456e-02, 4.2019e-06): lin 1 (0.0e+00)
	 #8 (1.1544e-02, 4.2019e-06): lin 1 (0.0e+00)
	 #9 (1.1557e-02, 4.2019e-06): lin 1 (0.0e+00)
	 #10 (1.1462e-02, 4.2019e-06): lin 1 (0.0e+00)
	 #11 (1.1534e-02, 4.2018e-06): lin 1 (0.0e+00)
FAILED TO CONVERGE WITH DT = 48.545 (newton residual reservoir) 
	 #1 (3.2177e-02, 8.6710e-06): lin 1 (0.0e+00)
	 #2 (3.2769e+01, 1.5225e-06): lin 1 (0.0e+00)
	 #3 (1.3463e-02, 2.8344e-06): lin 1 (0.0e+00)
-------------------------------------------------------------------------------------------------------------
 T = 4684.58, DT = 24.2724, NI = 3, LI = 3, RES = 5.6e-03 (2.8e-06), CFL=0.000 (ELAPSED 00:35:18 )
-------------------------------------------------------------------------------------------------------------
	 #1 (6.4129e-02, 1.7248e-05): lin 1 (0.0e+00)
	 #2 (6.2869e+02, 2.5429e-06): lin 1 (0.0e+00)
	 #3 (4.0032e-01, 4.4987e-06): lin 1 (0.0e+00)
	 #4 (1.0991e-02, 4.4987e-06): lin 1 (0.0e+00)
	 #5 (1.0949e-02, 4.4988e-06): lin 1 (0.0e+00)
	 #6 (1.0993e-02, 4.4985e-06): lin 1 (0.0e+00)
	 #7 (1.1001e-02, 4.4987e-06): lin 1 (0.0e+00)
FAILED TO CONVERGE WITH DT = 48.545 (newton residual reservoir) 
	 #1 (3.2064e-02, 8.6248e-06): lin 1 (0.0e+00)
	 #2 (1.2832e+02, 3.3151e-06): lin 1 (0.0e+00)
	 #3 (1.7367e-02, 1.9668e-06): lin 1 (0.0e+00)
-------------------------------------------------------------------------------------------------------------
 T = 4708.85, DT = 24.2724, NI = 3, LI = 3, RES = 5.6e-03 (2.1e-06), CFL=0.000 (ELAPSED 00:35:28 )
-------------------------------------------------------------------------------------------------------------
	 #1 (6.4006e-02, 1.6367e-05): lin 1 (0.0e+00)
	 #2 (4.1910e+02, 7.3573e-06): lin 1 (0.0e+00)
	 #3 (1.3707e-01, 6.9042e-06): lin 1 (0.0e+00)
	 #4 (1.1616e-02, 3.5566e-06): lin 1 (0.0e+00)
	 #5 (1.1604e-02, 3.5567e-06): lin 1 (0.0e+00)
	 #6 (1.1592e-02, 3.5567e-06): lin 1 (0.0e+00)
	 #7 (1.1608e-02, 3.5567e-06): lin 1 (0.0e+00)
FAILED TO CONVERGE WITH DT = 48.545 (newton residual reservoir) 
	 #1 (3.2003e-02, 8.1833e-06): lin 1 (0.0e+00)
	 #2 (7.2577e+01, 2.8836e-06): lin 1 (0.0e+00)
	 #3 (1.3517e-02, 1.4318e-06): lin 1 (0.0e+00)
-------------------------------------------------------------------------------------------------------------
 T = 4733.13, DT = 24.2724, NI = 3, LI = 3, RES = 5.8e-03 (1.6e-06), CFL=0.000 (ELAPSED 00:35:38 )
-------------------------------------------------------------------------------------------------------------
	 #1 (6.3942e-02, 1.5431e-05): lin 1 (0.0e+00)
	 #2 (5.0409e+02, 4.4922e-06): lin 1 (0.0e+00)
	 #3 (1.7232e-01, 2.9522e-06): lin 1 (0.0e+00)
	 #4 (1.1066e-02, 2.9523e-06): lin 1 (0.0e+00)
	 #5 (1.1052e-02, 2.9524e-06): lin 1 (0.0e+00)
	 #6 (1.1035e-02, 2.9523e-06): lin 1 (0.0e+00)
	 #7 (1.1042e-02, 2.9523e-06): lin 1 (0.0e+00)
	 #8 (1.1052e-02, 2.9524e-06): lin 1 (0.0e+00)
	 #9 (1.1035e-02, 2.9524e-06): lin 1 (0.0e+00)
	 #10 (1.1025e-02, 2.9523e-06): lin 1 (0.0e+00)
FAILED TO CONVERGE WITH DT = 48.545 (newton residual reservoir) 
	 #1 (3.1971e-02, 7.7166e-06): lin 1 (0.0e+00)
	 #2 (1.1489e+02, 3.6200e-06): lin 1 (0.0e+00)
	 #3 (2.1333e-02, 7.4142e-07): lin 1 (0.0e+00)
-------------------------------------------------------------------------------------------------------------
 T = 4757.4, DT = 24.2724, NI = 3, LI = 3, RES = 5.7e-03 (4.3e-06), CFL=0.000 (ELAPSED 00:35:50 )
-------------------------------------------------------------------------------------------------------------
	 #1 (6.3742e-02, 1.7059e-05): lin 1 (0.0e+00)
	 #2 (4.1561e+02, 5.4565e-06): lin 1 (0.0e+00)
	 #3 (1.6091e-01, 2.9966e-06): lin 1 (0.0e+00)
	 #4 (1.1249e-02, 1.1676e-05): lin 1 (0.0e+00)
	 #5 (1.1259e-02, 1.1676e-05): lin 1 (0.0e+00)
	 #6 (1.1270e-02, 1.1676e-05): lin 1 (0.0e+00)
	 #7 (1.1258e-02, 1.1676e-05): lin 1 (0.0e+00)
FAILED TO CONVERGE WITH DT = 48.545 (newton residual reservoir) 
	 #1 (3.1871e-02, 8.5293e-06): lin 1 (0.0e+00)
	 #2 (7.5262e+01, 1.2257e-06): lin 1 (0.0e+00)
	 #3 (1.7571e-02, 5.4027e-06): lin 1 (0.0e+00)
-------------------------------------------------------------------------------------------------------------
 T = 4781.67, DT = 24.2724, NI = 3, LI = 3, RES = 6.0e-03 (4.8e-06), CFL=0.000 (ELAPSED 00:36:00 )
-------------------------------------------------------------------------------------------------------------
	 #1 (6.3731e-02, 1.7959e-05): lin 1 (0.0e+00)
	 #2 (3.7918e+02, 5.8510e-06): lin 1 (0.0e+00)
	 #3 (7.3802e-02, 2.4957e-06): lin 1 (0.0e+00)
	 #4 (1.1245e-02, 2.1256e-07): lin 1 (0.0e+00)
	 #5 (1.1220e-02, 2.1256e-07): lin 1 (0.0e+00)
	 #6 (1.1257e-02, 2.1256e-07): lin 1 (0.0e+00)
	 #7 (1.1247e-02, 2.1256e-07): lin 1 (0.0e+00)
	 #8 (1.1289e-02, 2.1256e-07): lin 1 (0.0e+00)
FAILED TO CONVERGE WITH DT = 48.545 (newton residual reservoir) 
	 #1 (3.1866e-02, 8.9796e-06): lin 1 (0.0e+00)
	 #2 (3.7299e+01, 7.5935e-07): lin 1 (0.0e+00)
-------------------------------------------------------------------------------------------------------------
 T = 4805.94, DT = 24.2724, NI = 2, LI = 2, RES = 6.8e-03 (1.4e-06), CFL=0.000 (ELAPSED 00:36:10 )
-------------------------------------------------------------------------------------------------------------
	 #1 (6.3924e-02, 1.3960e-05): lin 1 (0.0e+00)
	 #2 (4.9925e+02, 3.0493e-06): lin 1 (0.0e+00)
	 #3 (8.5899e-02, 2.5554e-06): lin 1 (0.0e+00)
	 #4 (1.1492e-02, 9.2587e-06): lin 1 (0.0e+00)
	 #5 (1.1472e-02, 9.2586e-06): lin 1 (0.0e+00)
	 #6 (1.1472e-02, 9.2588e-06): lin 1 (0.0e+00)
	 #7 (1.1468e-02, 9.2588e-06): lin 1 (0.0e+00)
FAILED TO CONVERGE WITH DT = 48.545 (newton residual reservoir) 
	 #1 (3.1962e-02, 6.9813e-06): lin 1 (0.0e+00)
	 #2 (8.9357e+01, 5.1025e-06): lin 1 (0.0e+00)
-------------------------------------------------------------------------------------------------------------
 T = 4830.22, DT = 24.2724, NI = 2, LI = 2, RES = 7.8e-03 (4.1e-06), CFL=0.000 (ELAPSED 00:36:19 )
-------------------------------------------------------------------------------------------------------------
	 #1 (6.4217e-02, 1.9457e-05): lin 1 (0.0e+00)
	 #2 (2.7683e+02, 3.1247e-06): lin 1 (0.0e+00)
	 #3 (1.4221e-01, 1.7085e-06): lin 1 (0.0e+00)
	 #4 (1.1377e-02, 1.1934e-05): lin 1 (0.0e+00)
	 #5 (1.1390e-02, 1.1934e-05): lin 1 (0.0e+00)
	 #6 (1.1372e-02, 1.1934e-05): lin 1 (0.0e+00)
	 #7 (1.1340e-02, 1.1934e-05): lin 1 (0.0e+00)
	 #8 (1.1390e-02, 1.1934e-05): lin 1 (0.0e+00)
	 #9 (1.1372e-02, 1.1934e-05): lin 1 (0.0e+00)
	 #10 (1.1353e-02, 1.1934e-05): lin 1 (0.0e+00)
	 #11 (1.1390e-02, 1.1934e-05): lin 1 (0.0e+00)
FAILED TO CONVERGE WITH DT = 48.545 (newton residual reservoir) 
	 #1 (3.2108e-02, 9.7287e-06): lin 1 (0.0e+00)
	 #2 (4.0594e+01, 3.9171e-07): lin 1 (0.0e+00)
	 #3 (1.0228e-02, 3.7329e-06): lin 1 (0.0e+00)
-------------------------------------------------------------------------------------------------------------
 T = 4854.49, DT = 24.2724, NI = 3, LI = 3, RES = 5.5e-03 (3.7e-06), CFL=0.000 (ELAPSED 00:36:33 )
-------------------------------------------------------------------------------------------------------------
	 #1 (6.3114e-02, 1.9037e-05): lin 1 (0.0e+00)
	 #2 (3.9331e+02, 9.3058e-06): lin 1 (0.0e+00)
	 #3 (6.6054e-02, 3.0565e-06): lin 1 (0.0e+00)
	 #4 (1.1769e-02, 3.3594e-06): lin 1 (0.0e+00)
	 #5 (1.1770e-02, 3.3594e-06): lin 1 (0.0e+00)
	 #6 (1.1731e-02, 3.3594e-06): lin 1 (0.0e+00)
	 #7 (1.1736e-02, 3.3594e-06): lin 1 (0.0e+00)
	 #8 (1.1742e-02, 3.3594e-06): lin 1 (0.0e+00)
	 #9 (1.1754e-02, 3.3594e-06): lin 1 (0.0e+00)
	 #10 (1.1758e-02, 3.3594e-06): lin 1 (0.0e+00)
	 #11 (1.1754e-02, 3.3594e-06): lin 1 (0.0e+00)
FAILED TO CONVERGE WITH DT = 48.545 (newton residual reservoir) 
	 #1 (3.1557e-02, 9.5184e-06): lin 1 (0.0e+00)
	 #2 (5.2587e+01, 1.3845e-06): lin 1 (0.0e+00)
-------------------------------------------------------------------------------------------------------------
 T = 4878.76, DT = 24.2724, NI = 2, LI = 2, RES = 6.1e-03 (1.8e-06), CFL=0.000 (ELAPSED 00:36:46 )
-------------------------------------------------------------------------------------------------------------
	 #1 (6.3206e-02, 1.2376e-05): lin 1 (0.0e+00)
	 #2 (3.6471e+02, 1.0045e-05): lin 1 (0.0e+00)
	 #3 (8.5384e-02, 6.4933e-06): lin 1 (0.0e+00)
	 #4 (1.1304e-02, 3.8747e-06): lin 1 (0.0e+00)
	 #5 (1.1304e-02, 3.8746e-06): lin 1 (0.0e+00)
	 #6 (1.1299e-02, 3.8746e-06): lin 1 (0.0e+00)
	 #7 (1.1319e-02, 3.8745e-06): lin 1 (0.0e+00)
FAILED TO CONVERGE WITH DT = 48.545 (newton residual reservoir) 
	 #1 (3.1603e-02, 6.1880e-06): lin 1 (0.0e+00)
	 #2 (2.6796e+01, 3.6551e-06): lin 1 (0.0e+00)
-------------------------------------------------------------------------------------------------------------
 T = 4903.03, DT = 24.2724, NI = 2, LI = 2, RES = 5.7e-03 (2.4e-06), CFL=0.000 (ELAPSED 00:36:55 )
-------------------------------------------------------------------------------------------------------------
	 #1 (6.2922e-02, 1.3551e-05): lin 1 (0.0e+00)
	 #2 (3.2002e+02, 2.9471e-06): lin 1 (0.0e+00)
	 #3 (3.4650e-02, 4.4556e-06): lin 1 (0.0e+00)
	 #4 (1.0735e-02, 4.5095e-06): lin 1 (0.0e+00)
	 #5 (1.0721e-02, 4.5095e-06): lin 1 (0.0e+00)
	 #6 (1.0735e-02, 4.5096e-06): lin 1 (0.0e+00)
	 #7 (1.0743e-02, 4.5095e-06): lin 1 (0.0e+00)
	 #8 (1.0721e-02, 4.5096e-06): lin 1 (0.0e+00)
FAILED TO CONVERGE WITH DT = 48.545 (newton residual reservoir) 
	 #1 (3.1461e-02, 6.7756e-06): lin 1 (0.0e+00)
	 #2 (6.6195e+01, 3.1467e-06): lin 1 (0.0e+00)
-------------------------------------------------------------------------------------------------------------
 T = 4927.3, DT = 24.2724, NI = 2, LI = 2, RES = 6.5e-03 (2.6e-06), CFL=0.000 (ELAPSED 00:37:05 )
-------------------------------------------------------------------------------------------------------------
	 #1 (6.3124e-02, 1.4062e-05): lin 1 (0.0e+00)
	 #2 (4.9458e+02, 8.7657e-06): lin 1 (0.0e+00)
	 #3 (6.0866e-02, 4.8464e-06): lin 1 (0.0e+00)
	 #4 (1.1082e-02, 5.4783e-06): lin 1 (0.0e+00)
	 #5 (1.1073e-02, 5.4781e-06): lin 1 (0.0e+00)
	 #6 (1.1100e-02, 5.4783e-06): lin 1 (0.0e+00)
	 #7 (1.1150e-02, 5.4783e-06): lin 1 (0.0e+00)
	 #8 (1.1080e-02, 5.4782e-06): lin 1 (0.0e+00)
	 #9 (1.1100e-02, 5.4783e-06): lin 1 (0.0e+00)
	 #10 (1.1117e-02, 5.4783e-06): lin 1 (0.0e+00)
	 #11 (1.1059e-02, 5.4783e-06): lin 1 (0.0e+00)
	 #12 (1.1100e-02, 5.4783e-06): lin 1 (0.0e+00)
	 #13 (1.1117e-02, 5.4783e-06): lin 1 (0.0e+00)
FAILED TO CONVERGE WITH DT = 48.545 (newton residual reservoir) 
	 #1 (3.1562e-02, 7.0311e-06): lin 1 (0.0e+00)
	 #2 (6.3705e+01, 3.0542e-06): lin 1 (0.0e+00)
-------------------------------------------------------------------------------------------------------------
 T = 4951.58, DT = 24.2724, NI = 2, LI = 2, RES = 6.1e-03 (2.1e-06), CFL=0.000 (ELAPSED 00:37:20 )
-------------------------------------------------------------------------------------------------------------
	 #1 (6.2819e-02, 1.7312e-05): lin 1 (0.0e+00)
	 #2 (4.7148e+02, 2.6464e-06): lin 1 (0.0e+00)
	 #3 (1.0508e-01, 3.2627e-06): lin 1 (0.0e+00)
	 #4 (1.1547e-02, 7.0115e-06): lin 1 (0.0e+00)
	 #5 (1.1545e-02, 7.0115e-06): lin 1 (0.0e+00)
	 #6 (1.1532e-02, 7.0114e-06): lin 1 (0.0e+00)
	 #7 (1.1529e-02, 7.0114e-06): lin 1 (0.0e+00)
FAILED TO CONVERGE WITH DT = 48.545 (newton residual reservoir) 
	 #1 (3.1409e-02, 8.6562e-06): lin 1 (0.0e+00)
	 #2 (1.1050e+02, 7.5184e-06): lin 1 (0.0e+00)
	 #3 (1.3685e-02, 3.8880e-06): lin 1 (0.0e+00)
-------------------------------------------------------------------------------------------------------------
 T = 4975.85, DT = 24.2724, NI = 3, LI = 3, RES = 5.5e-03 (3.8e-06), CFL=0.000 (ELAPSED 00:37:30 )
-------------------------------------------------------------------------------------------------------------
	 #1 (6.2472e-02, 1.6569e-05): lin 1 (0.0e+00)
	 #2 (1.9842e+02, 4.2321e-06): lin 1 (0.0e+00)
	 #3 (3.4735e-02, 8.1085e-06): lin 1 (0.0e+00)
	 #4 (1.1643e-02, 8.1388e-06): lin 1 (0.0e+00)
	 #5 (1.1641e-02, 8.1386e-06): lin 1 (0.0e+00)
	 #6 (1.1648e-02, 8.1386e-06): lin 1 (0.0e+00)
FAILED TO CONVERGE WITH DT = 48.545 (newton residual reservoir) 
	 #1 (3.1236e-02, 8.2847e-06): lin 1 (0.0e+00)
	 #2 (3.1969e+01, 3.5258e-06): lin 1 (0.0e+00)
-------------------------------------------------------------------------------------------------------------
 T = 5000.12, DT = 24.2724, NI = 2, LI = 2, RES = 6.1e-03 (4.5e-06), CFL=0.000 (ELAPSED 00:37:38 )
-------------------------------------------------------------------------------------------------------------
	 #1 (6.2534e-02, 1.7885e-05): lin 1 (0.0e+00)
	 #2 (3.2216e+02, 5.1494e-06): lin 1 (0.0e+00)
	 #3 (1.3055e-01, 2.6293e-06): lin 1 (0.0e+00)
	 #4 (1.1042e-02, 2.9795e-06): lin 1 (0.0e+00)
	 #5 (1.1044e-02, 2.9794e-06): lin 1 (0.0e+00)
	 #6 (1.1056e-02, 2.9794e-06): lin 1 (0.0e+00)
	 #7 (1.1042e-02, 2.9794e-06): lin 1 (0.0e+00)
FAILED TO CONVERGE WITH DT = 48.545 (newton residual reservoir) 
	 #1 (3.1267e-02, 8.9423e-06): lin 1 (0.0e+00)
	 #2 (4.9203e+01, 1.6346e-06): lin 1 (0.0e+00)
	 #3 (1.4628e-02, 1.6107e-07): lin 1 (0.0e+00)
-------------------------------------------------------------------------------------------------------------
 T = 5024.39, DT = 24.2724, NI = 3, LI = 3, RES = 5.6e-03 (1.6e-07), CFL=0.000 (ELAPSED 00:37:48 )
-------------------------------------------------------------------------------------------------------------
	 #1 (6.2225e-02, 1.5155e-05): lin 1 (0.0e+00)
	 #2 (6.2261e+02, 5.9976e-06): lin 1 (0.0e+00)
	 #3 (1.9243e-01, 9.7751e-06): lin 1 (0.0e+00)
	 #4 (1.1318e-02, 3.9838e-07): lin 1 (0.0e+00)
	 #5 (1.1273e-02, 3.9839e-07): lin 1 (0.0e+00)
	 #6 (1.1312e-02, 3.9838e-07): lin 1 (0.0e+00)
	 #7 (1.1317e-02, 3.9839e-07): lin 1 (0.0e+00)
	 #8 (1.1279e-02, 3.9838e-07): lin 1 (0.0e+00)
	 #9 (1.1284e-02, 3.9839e-07): lin 1 (0.0e+00)
	 #10 (1.1328e-02, 3.9838e-07): lin 1 (0.0e+00)
	 #11 (1.1260e-02, 3.9839e-07): lin 1 (0.0e+00)
FAILED TO CONVERGE WITH DT = 48.545 (newton residual reservoir) 
	 #1 (3.1112e-02, 7.5777e-06): lin 1 (0.0e+00)
	 #2 (1.1431e+02, 1.5105e-06): lin 1 (0.0e+00)
	 #3 (1.6161e-02, 5.2699e-06): lin 1 (0.0e+00)
-------------------------------------------------------------------------------------------------------------
 T = 5048.67, DT = 24.2724, NI = 3, LI = 3, RES = 5.6e-03 (5.3e-06), CFL=0.000 (ELAPSED 00:38:02 )
-------------------------------------------------------------------------------------------------------------
	 #1 (6.2126e-02, 1.9620e-05): lin 1 (0.0e+00)
	 #2 (4.6372e+02, 3.3491e-06): lin 1 (0.0e+00)
	 #3 (8.1960e-02, 2.9099e-06): lin 1 (0.0e+00)
	 #4 (1.1069e-02, 1.1127e-05): lin 1 (0.0e+00)
	 #5 (1.1072e-02, 1.1127e-05): lin 1 (0.0e+00)
	 #6 (1.1068e-02, 1.1127e-05): lin 1 (0.0e+00)
FAILED TO CONVERGE WITH DT = 48.545 (newton residual reservoir) 
	 #1 (3.1063e-02, 9.8102e-06): lin 1 (0.0e+00)
	 #2 (1.0510e+02, 5.1794e-06): lin 1 (0.0e+00)
	 #3 (1.0399e-02, 1.5202e-06): lin 1 (0.0e+00)
-------------------------------------------------------------------------------------------------------------
 T = 5072.94, DT = 24.2724, NI = 3, LI = 3, RES = 5.5e-03 (4.3e-06), CFL=0.000 (ELAPSED 00:38:11 )
-------------------------------------------------------------------------------------------------------------
	 #1 (6.1960e-02, 2.0672e-05): lin 1 (0.0e+00)
	 #2 (4.2004e+02, 1.8920e-06): lin 1 (0.0e+00)
	 #3 (6.9515e-02, 8.2420e-06): lin 1 (0.0e+00)
	 #4 (1.1119e-02, 1.9223e-06): lin 1 (0.0e+00)
	 #5 (1.1118e-02, 1.9225e-06): lin 1 (0.0e+00)
	 #6 (1.1134e-02, 1.9224e-06): lin 1 (0.0e+00)
	 #7 (1.1217e-02, 1.9224e-06): lin 1 (0.0e+00)
	 #8 (1.1211e-02, 1.9224e-06): lin 1 (0.0e+00)
FAILED TO CONVERGE WITH DT = 48.545 (newton residual reservoir) 
	 #1 (3.0980e-02, 1.0336e-05): lin 1 (0.0e+00)
	 #2 (6.1072e+01, 5.4894e-06): lin 1 (0.0e+00)
-------------------------------------------------------------------------------------------------------------
 T = 5097.21, DT = 24.2724, NI = 2, LI = 2, RES = 6.5e-03 (3.7e-06), CFL=0.000 (ELAPSED 00:38:21 )
-------------------------------------------------------------------------------------------------------------
	 #1 (6.2203e-02, 2.0124e-05): lin 1 (0.0e+00)
	 #2 (4.7419e+02, 7.6611e-07): lin 1 (0.0e+00)
	 #3 (1.7977e-01, 7.0258e-06): lin 1 (0.0e+00)
	 #4 (1.0935e-02, 3.5438e-06): lin 1 (0.0e+00)
	 #5 (1.0981e-02, 3.5437e-06): lin 1 (0.0e+00)
	 #6 (1.0990e-02, 3.5437e-06): lin 1 (0.0e+00)
	 #7 (1.0960e-02, 3.5437e-06): lin 1 (0.0e+00)
	 #8 (1.0960e-02, 3.5437e-06): lin 1 (0.0e+00)
	 #9 (1.0990e-02, 3.5437e-06): lin 1 (0.0e+00)
	 #10 (1.0944e-02, 3.5437e-06): lin 1 (0.0e+00)
FAILED TO CONVERGE WITH DT = 48.545 (newton residual reservoir) 
	 #1 (3.1101e-02, 1.0063e-05): lin 1 (0.0e+00)
	 #2 (1.1344e+02, 1.3834e-06): lin 1 (0.0e+00)
	 #3 (2.1514e-02, 3.2620e-06): lin 1 (0.0e+00)
-------------------------------------------------------------------------------------------------------------
 T = 5121.48, DT = 24.2724, NI = 3, LI = 3, RES = 5.7e-03 (3.3e-06), CFL=0.000 (ELAPSED 00:38:34 )
-------------------------------------------------------------------------------------------------------------
	 #1 (6.1790e-02, 1.9538e-05): lin 1 (0.0e+00)
	 #2 (1.7009e+02, 9.2768e-06): lin 1 (0.0e+00)
	 #3 (1.1118e-01, 4.9000e-06): lin 1 (0.0e+00)
	 #4 (1.1765e-02, 5.6038e-06): lin 1 (0.0e+00)
	 #5 (1.1774e-02, 5.6037e-06): lin 1 (0.0e+00)
	 #6 (1.1774e-02, 5.6037e-06): lin 1 (0.0e+00)
FAILED TO CONVERGE WITH DT = 48.545 (newton residual reservoir) 
	 #1 (3.0895e-02, 9.7689e-06): lin 1 (0.0e+00)
	 #2 (1.5685e+01, 1.7382e-06): lin 1 (0.0e+00)
-------------------------------------------------------------------------------------------------------------
 T = 5145.76, DT = 24.2724, NI = 2, LI = 2, RES = 6.3e-03 (2.8e-06), CFL=0.000 (ELAPSED 00:38:42 )
-------------------------------------------------------------------------------------------------------------
	 #1 (6.1897e-02, 1.4873e-05): lin 1 (0.0e+00)
	 #2 (3.6178e+02, 8.1865e-06): lin 1 (0.0e+00)
	 #3 (6.0319e-02, 5.9995e-06): lin 1 (0.0e+00)
	 #4 (1.1346e-02, 4.3991e-06): lin 1 (0.0e+00)
	 #5 (1.1368e-02, 4.3990e-06): lin 1 (0.0e+00)
	 #6 (1.1357e-02, 4.3990e-06): lin 1 (0.0e+00)
	 #7 (1.1368e-02, 4.3990e-06): lin 1 (0.0e+00)
	 #8 (1.1379e-02, 4.3990e-06): lin 1 (0.0e+00)
FAILED TO CONVERGE WITH DT = 48.545 (newton residual reservoir) 
	 #1 (3.0949e-02, 7.4365e-06): lin 1 (0.0e+00)
	 #2 (5.3094e+01, 2.3819e-06): lin 1 (0.0e+00)
-------------------------------------------------------------------------------------------------------------
 T = 5170.03, DT = 24.2724, NI = 2, LI = 2, RES = 7.2e-03 (3.3e-06), CFL=0.000 (ELAPSED 00:38:51 )
-------------------------------------------------------------------------------------------------------------
	 #1 (6.2143e-02, 1.6021e-05): lin 1 (0.0e+00)
	 #2 (4.3066e+02, 3.8028e-06): lin 1 (0.0e+00)
	 #3 (8.4356e-02, 2.5688e-06): lin 1 (0.0e+00)
	 #4 (1.0687e-02, 2.9807e-06): lin 1 (0.0e+00)
	 #5 (1.0687e-02, 2.9806e-06): lin 1 (0.0e+00)
	 #6 (1.0694e-02, 2.9806e-06): lin 1 (0.0e+00)
FAILED TO CONVERGE WITH DT = 48.545 (newton residual reservoir) 
	 #1 (3.1071e-02, 8.0105e-06): lin 1 (0.0e+00)
	 #2 (7.0148e+01, 3.0439e-06): lin 1 (0.0e+00)
-------------------------------------------------------------------------------------------------------------
 T = 5194.3, DT = 24.2724, NI = 2, LI = 2, RES = 6.9e-03 (6.2e-06), CFL=0.000 (ELAPSED 00:39:00 )
-------------------------------------------------------------------------------------------------------------
	 #1 (6.1870e-02, 2.3757e-05): lin 1 (0.0e+00)
	 #2 (4.5341e+02, 4.9923e-06): lin 1 (0.0e+00)
	 #3 (1.6440e-01, 2.5131e-06): lin 1 (0.0e+00)
	 #4 (1.1073e-02, 2.5130e-06): lin 1 (0.0e+00)
	 #5 (1.1048e-02, 2.5130e-06): lin 1 (0.0e+00)
	 #6 (1.1052e-02, 2.5130e-06): lin 1 (0.0e+00)
	 #7 (1.1101e-02, 2.5130e-06): lin 1 (0.0e+00)
	 #8 (1.1057e-02, 2.5130e-06): lin 1 (0.0e+00)
FAILED TO CONVERGE WITH DT = 48.545 (newton residual reservoir) 
	 #1 (3.0935e-02, 1.1879e-05): lin 1 (0.0e+00)
	 #2 (9.0311e+01, 1.5342e-06): lin 1 (0.0e+00)
	 #3 (1.7177e-02, 5.2998e-06): lin 1 (0.0e+00)
-------------------------------------------------------------------------------------------------------------
 T = 5218.57, DT = 24.2724, NI = 3, LI = 3, RES = 5.6e-03 (5.3e-06), CFL=0.000 (ELAPSED 00:39:10 )
-------------------------------------------------------------------------------------------------------------
	 #1 (6.1214e-02, 2.2648e-05): lin 1 (0.0e+00)
	 #2 (4.7597e+02, 3.2446e-06): lin 1 (0.0e+00)
	 #3 (1.4264e-01, 3.0109e-06): lin 1 (0.0e+00)
	 #4 (1.1017e-02, 8.7727e-06): lin 1 (0.0e+00)
	 #5 (1.1004e-02, 8.7727e-06): lin 1 (0.0e+00)
	 #6 (1.1010e-02, 8.7727e-06): lin 1 (0.0e+00)
	 #7 (1.1037e-02, 8.7727e-06): lin 1 (0.0e+00)
	 #8 (1.1005e-02, 8.7728e-06): lin 1 (0.0e+00)
FAILED TO CONVERGE WITH DT = 48.545 (newton residual reservoir) 
	 #1 (3.0607e-02, 1.1325e-05): lin 1 (0.0e+00)
	 #2 (9.7932e+01, 1.4502e-06): lin 1 (0.0e+00)
	 #3 (1.2462e-02, 4.2550e-06): lin 1 (0.0e+00)
-------------------------------------------------------------------------------------------------------------
 T = 5242.85, DT = 24.2724, NI = 3, LI = 3, RES = 5.7e-03 (4.2e-06), CFL=0.000 (ELAPSED 00:39:21 )
-------------------------------------------------------------------------------------------------------------
	 #1 (6.1153e-02, 2.1264e-05): lin 1 (0.0e+00)
	 #2 (4.9181e+02, 9.0798e-06): lin 1 (0.0e+00)
	 #3 (1.3252e-01, 1.3526e-05): lin 1 (0.0e+00)
	 #4 (1.0913e-02, 3.3662e-06): lin 1 (0.0e+00)
	 #5 (1.0876e-02, 3.3661e-06): lin 1 (0.0e+00)
	 #6 (1.0913e-02, 3.3660e-06): lin 1 (0.0e+00)
	 #7 (1.0924e-02, 3.3661e-06): lin 1 (0.0e+00)
	 #8 (1.0913e-02, 3.3660e-06): lin 1 (0.0e+00)
FAILED TO CONVERGE WITH DT = 48.545 (newton residual reservoir) 
	 #1 (3.0576e-02, 1.0632e-05): lin 1 (0.0e+00)
	 #2 (1.0288e+02, 4.4155e-06): lin 1 (0.0e+00)
	 #3 (1.3892e-02, 6.9906e-06): lin 1 (0.0e+00)
-------------------------------------------------------------------------------------------------------------
 T = 5267.12, DT = 24.2724, NI = 3, LI = 3, RES = 5.5e-03 (3.3e-06), CFL=0.000 (ELAPSED 00:39:32 )
-------------------------------------------------------------------------------------------------------------
	 #1 (6.0934e-02, 2.0230e-05): lin 1 (0.0e+00)
	 #2 (2.4069e+02, 2.5229e-06): lin 1 (0.0e+00)
	 #3 (4.9184e-02, 5.3599e-06): lin 1 (0.0e+00)
	 #4 (1.1364e-02, 5.3129e-06): lin 1 (0.0e+00)
	 #5 (1.1369e-02, 5.3131e-06): lin 1 (0.0e+00)
	 #6 (1.1371e-02, 5.3128e-06): lin 1 (0.0e+00)
	 #7 (1.1376e-02, 5.3131e-06): lin 1 (0.0e+00)
FAILED TO CONVERGE WITH DT = 48.545 (newton residual reservoir) 
	 #1 (3.0467e-02, 1.0115e-05): lin 1 (0.0e+00)
	 #2 (3.0832e+01, 3.4767e-06): lin 1 (0.0e+00)
-------------------------------------------------------------------------------------------------------------
 T = 5291.39, DT = 24.2724, NI = 2, LI = 2, RES = 6.0e-03 (2.4e-06), CFL=0.000 (ELAPSED 00:39:41 )
-------------------------------------------------------------------------------------------------------------
	 #1 (6.0999e-02, 1.9262e-05): lin 1 (0.0e+00)
	 #2 (3.4751e+02, 3.0307e-06): lin 1 (0.0e+00)
	 #3 (7.9226e-02, 4.0868e-06): lin 1 (0.0e+00)
	 #4 (1.1187e-02, 4.0252e-06): lin 1 (0.0e+00)
	 #5 (1.1180e-02, 4.0253e-06): lin 1 (0.0e+00)
	 #6 (1.1163e-02, 4.0253e-06): lin 1 (0.0e+00)
	 #7 (1.1159e-02, 4.0253e-06): lin 1 (0.0e+00)
	 #8 (1.1147e-02, 4.0253e-06): lin 1 (0.0e+00)
FAILED TO CONVERGE WITH DT = 48.545 (newton residual reservoir) 
	 #1 (3.0499e-02, 9.6324e-06): lin 1 (0.0e+00)
	 #2 (6.8660e+01, 2.4732e-06): lin 1 (0.0e+00)
-------------------------------------------------------------------------------------------------------------
 T = 5315.66, DT = 24.2724, NI = 2, LI = 2, RES = 7.7e-03 (6.7e-06), CFL=0.000 (ELAPSED 00:39:51 )
-------------------------------------------------------------------------------------------------------------
	 #1 (6.1607e-02, 2.4873e-05): lin 1 (0.0e+00)
	 #2 (3.3083e+02, 1.3937e-05): lin 1 (0.0e+00)
	 #3 (4.8367e-02, 7.7026e-06): lin 1 (0.0e+00)
	 #4 (1.1262e-02, 1.2618e-05): lin 1 (0.0e+00)
	 #5 (1.1297e-02, 1.2618e-05): lin 1 (0.0e+00)
	 #6 (1.1272e-02, 1.2618e-05): lin 1 (0.0e+00)
	 #7 (1.1287e-02, 1.2618e-05): lin 1 (0.0e+00)
	 #8 (1.1306e-02, 1.2618e-05): lin 1 (0.0e+00)
	 #9 (1.1287e-02, 1.2618e-05): lin 1 (0.0e+00)
FAILED TO CONVERGE WITH DT = 48.545 (newton residual reservoir) 
	 #1 (3.0803e-02, 1.2437e-05): lin 1 (0.0e+00)
	 #2 (3.3992e+01, 7.0566e-06): lin 1 (0.0e+00)
-------------------------------------------------------------------------------------------------------------
 T = 5339.94, DT = 24.2724, NI = 2, LI = 2, RES = 6.0e-03 (1.6e-06), CFL=0.000 (ELAPSED 00:40:02 )
-------------------------------------------------------------------------------------------------------------
	 #1 (6.0759e-02, 1.7773e-05): lin 1 (0.0e+00)
	 #2 (6.3008e+02, 1.4765e-05): lin 1 (0.0e+00)
	 #3 (1.5625e-01, 9.0137e-06): lin 1 (0.0e+00)
	 #4 (1.1554e-02, 2.9676e-06): lin 1 (0.0e+00)
	 #5 (1.1547e-02, 2.9676e-06): lin 1 (0.0e+00)
	 #6 (1.1528e-02, 2.9676e-06): lin 1 (0.0e+00)
	 #7 (1.1550e-02, 2.9676e-06): lin 1 (0.0e+00)
FAILED TO CONVERGE WITH DT = 48.545 (newton residual reservoir) 
	 #1 (3.0379e-02, 8.8881e-06): lin 1 (0.0e+00)
	 #2 (1.3023e+02, 1.4110e-06): lin 1 (0.0e+00)
	 #3 (1.7359e-02, 4.8621e-06): lin 1 (0.0e+00)
-------------------------------------------------------------------------------------------------------------
 T = 5364.21, DT = 24.2724, NI = 3, LI = 3, RES = 5.7e-03 (5.0e-06), CFL=0.000 (ELAPSED 00:40:12 )
-------------------------------------------------------------------------------------------------------------
	 #1 (6.0508e-02, 1.9788e-05): lin 1 (0.0e+00)
	 #2 (4.5884e+02, 3.7516e-06): lin 1 (0.0e+00)
	 #3 (1.3848e-01, 2.4884e-06): lin 1 (0.0e+00)
	 #4 (1.1081e-02, 9.9828e-06): lin 1 (0.0e+00)
	 #5 (1.1087e-02, 9.9830e-06): lin 1 (0.0e+00)
	 #6 (1.1061e-02, 9.9830e-06): lin 1 (0.0e+00)
	 #7 (1.1072e-02, 9.9830e-06): lin 1 (0.0e+00)
	 #8 (1.1089e-02, 9.9830e-06): lin 1 (0.0e+00)
FAILED TO CONVERGE WITH DT = 48.545 (newton residual reservoir) 
	 #1 (3.0254e-02, 9.8938e-06): lin 1 (0.0e+00)
	 #2 (9.0550e+01, 4.4331e-06): lin 1 (0.0e+00)
	 #3 (1.3873e-02, 1.2530e-06): lin 1 (0.0e+00)
-------------------------------------------------------------------------------------------------------------
 T = 5388.48, DT = 24.2724, NI = 3, LI = 3, RES = 5.6e-03 (1.3e-06), CFL=0.000 (ELAPSED 00:40:23 )
-------------------------------------------------------------------------------------------------------------
	 #1 (6.0379e-02, 1.6366e-05): lin 1 (0.0e+00)
	 #2 (4.0970e+02, 7.6285e-06): lin 1 (0.0e+00)
	 #3 (1.2511e-01, 2.9828e-06): lin 1 (0.0e+00)
	 #4 (1.1517e-02, 2.6229e-06): lin 1 (0.0e+00)
	 #5 (1.1517e-02, 2.6228e-06): lin 1 (0.0e+00)
	 #6 (1.1508e-02, 2.6228e-06): lin 1 (0.0e+00)
FAILED TO CONVERGE WITH DT = 48.545 (newton residual reservoir) 
	 #1 (3.0190e-02, 8.1837e-06): lin 1 (0.0e+00)
	 #2 (8.7991e+01, 1.0840e-07): lin 1 (0.0e+00)
	 #3 (1.2341e-02, 8.3103e-07): lin 1 (0.0e+00)
-------------------------------------------------------------------------------------------------------------
 T = 5412.75, DT = 24.2724, NI = 3, LI = 3, RES = 5.8e-03 (8.3e-07), CFL=0.000 (ELAPSED 00:40:32 )
-------------------------------------------------------------------------------------------------------------
	 #1 (6.0313e-02, 1.5502e-05): lin 1 (0.0e+00)
	 #2 (1.0674e+02, 8.9131e-06): lin 1 (0.0e+00)
	 #3 (1.4945e-02, 3.1044e-06): lin 1 (0.0e+00)
	 #4 (1.1331e-02, 3.3397e-06): lin 1 (0.0e+00)
	 #5 (1.1347e-02, 3.3395e-06): lin 1 (0.0e+00)
	 #6 (1.1347e-02, 3.3396e-06): lin 1 (0.0e+00)
FAILED TO CONVERGE WITH DT = 48.545 (newton residual reservoir) 
	 #1 (3.0157e-02, 7.7514e-06): lin 1 (0.0e+00)
	 #2 (6.7458e+00, 5.6288e-06): lin 1 (0.0e+00)
-------------------------------------------------------------------------------------------------------------
 T = 5437.03, DT = 24.2724, NI = 2, LI = 2, RES = 5.7e-03 (3.4e-06), CFL=0.000 (ELAPSED 00:40:40 )
-------------------------------------------------------------------------------------------------------------
	 #1 (6.0173e-02, 2.0981e-05): lin 1 (0.0e+00)
	 #2 (8.1834e+01, 6.1341e-07): lin 1 (0.0e+00)
	 #3 (1.2316e-02, 5.8784e-06): lin 1 (0.0e+00)
	 #4 (1.2564e-02, 5.8786e-06): lin 1 (0.0e+00)
	 #5 (1.2538e-02, 5.8784e-06): lin 1 (0.0e+00)
	 #6 (1.2568e-02, 5.8784e-06): lin 1 (0.0e+00)
	 #7 (1.2549e-02, 5.8784e-06): lin 1 (0.0e+00)
	 #8 (1.2536e-02, 5.8784e-06): lin 1 (0.0e+00)
	 #9 (1.2564e-02, 5.8784e-06): lin 1 (0.0e+00)
	 #10 (1.2534e-02, 5.8784e-06): lin 1 (0.0e+00)
FAILED TO CONVERGE WITH DT = 48.545 (newton residual reservoir) 
	 #1 (3.0086e-02, 1.0491e-05): lin 1 (0.0e+00)
	 #2 (4.2929e+00, 1.5152e-06): lin 1 (0.0e+00)
-------------------------------------------------------------------------------------------------------------
 T = 5461.3, DT = 24.2724, NI = 2, LI = 2, RES = 5.8e-03 (2.5e-06), CFL=0.000 (ELAPSED 00:40:52 )
-------------------------------------------------------------------------------------------------------------
	 #1 (6.0078e-02, 1.9943e-05): lin 1 (0.0e+00)
	 #2 (2.5603e+02, 2.8254e-06): lin 1 (0.0e+00)
	 #3 (3.1810e-02, 5.4830e-06): lin 1 (0.0e+00)
	 #4 (1.1101e-02, 4.6772e-06): lin 1 (0.0e+00)
	 #5 (1.1164e-02, 4.6773e-06): lin 1 (0.0e+00)
	 #6 (1.1174e-02, 4.6768e-06): lin 1 (0.0e+00)
	 #7 (1.1114e-02, 4.6772e-06): lin 1 (0.0e+00)
	 #8 (1.1129e-02, 4.6773e-06): lin 1 (0.0e+00)
	 #9 (1.1096e-02, 4.6770e-06): lin 1 (0.0e+00)
	 #10 (1.1101e-02, 4.6771e-06): lin 1 (0.0e+00)
	 #11 (1.1179e-02, 4.6771e-06): lin 1 (0.0e+00)
	 #12 (1.1126e-02, 4.6771e-06): lin 1 (0.0e+00)
	 #13 (1.1116e-02, 4.6771e-06): lin 1 (0.0e+00)
FAILED TO CONVERGE WITH DT = 48.545 (newton residual reservoir) 
	 #1 (3.0039e-02, 9.9714e-06): lin 1 (0.0e+00)
	 #2 (3.2118e+01, 2.2617e-06): lin 1 (0.0e+00)
-------------------------------------------------------------------------------------------------------------
 T = 5485.57, DT = 24.2724, NI = 2, LI = 2, RES = 5.8e-03 (2.3e-06), CFL=0.000 (ELAPSED 00:41:07 )
-------------------------------------------------------------------------------------------------------------
	 #1 (5.9979e-02, 1.9831e-05): lin 1 (0.0e+00)
	 #2 (5.2004e+02, 8.1375e-06): lin 1 (0.0e+00)
	 #3 (9.6121e-02, 5.1891e-06): lin 1 (0.0e+00)
	 #4 (1.0845e-02, 4.9708e-06): lin 1 (0.0e+00)
	 #5 (1.0853e-02, 4.9708e-06): lin 1 (0.0e+00)
	 #6 (1.0844e-02, 4.9707e-06): lin 1 (0.0e+00)
FAILED TO CONVERGE WITH DT = 48.545 (newton residual reservoir) 
	 #1 (2.9990e-02, 9.9157e-06): lin 1 (0.0e+00)
	 #2 (1.0033e+02, 2.8917e-06): lin 1 (0.0e+00)
-------------------------------------------------------------------------------------------------------------
 T = 5509.84, DT = 24.2724, NI = 2, LI = 2, RES = 9.7e-03 (2.1e-06), CFL=0.000 (ELAPSED 00:41:15 )
-------------------------------------------------------------------------------------------------------------
	 #1 (6.1865e-02, 1.9633e-05): lin 1 (0.0e+00)
	 #2 (3.3278e+02, 3.1625e-06): lin 1 (0.0e+00)
	 #3 (4.7077e-02, 3.9854e-06): lin 1 (0.0e+00)
	 #4 (1.1296e-02, 6.1743e-06): lin 1 (0.0e+00)
	 #5 (1.1333e-02, 6.1742e-06): lin 1 (0.0e+00)
	 #6 (1.1357e-02, 6.1742e-06): lin 1 (0.0e+00)
	 #7 (1.1333e-02, 6.1741e-06): lin 1 (0.0e+00)
	 #8 (1.1334e-02, 6.1742e-06): lin 1 (0.0e+00)
	 #9 (1.1360e-02, 6.1741e-06): lin 1 (0.0e+00)
FAILED TO CONVERGE WITH DT = 48.545 (newton residual reservoir) 
	 #1 (3.0933e-02, 9.8167e-06): lin 1 (0.0e+00)
	 #2 (6.9276e+01, 2.4333e-06): lin 1 (0.0e+00)
-------------------------------------------------------------------------------------------------------------
 T = 5534.12, DT = 24.2724, NI = 2, LI = 2, RES = 7.0e-03 (3.4e-06), CFL=0.000 (ELAPSED 00:41:26 )
-------------------------------------------------------------------------------------------------------------
	 #1 (6.0228e-02, 1.7146e-05): lin 1 (0.0e+00)
	 #2 (4.2942e+02, 4.1088e-06): lin 1 (0.0e+00)
	 #3 (1.0969e-01, 3.2464e-06): lin 1 (0.0e+00)
	 #4 (1.1039e-02, 3.2463e-06): lin 1 (0.0e+00)
	 #5 (1.1046e-02, 3.2464e-06): lin 1 (0.0e+00)
	 #6 (1.1078e-02, 3.2465e-06): lin 1 (0.0e+00)
	 #7 (1.1081e-02, 3.2465e-06): lin 1 (0.0e+00)
	 #8 (1.1075e-02, 3.2463e-06): lin 1 (0.0e+00)
FAILED TO CONVERGE WITH DT = 48.545 (newton residual reservoir) 
	 #1 (3.0114e-02, 8.5730e-06): lin 1 (0.0e+00)
	 #2 (5.7516e+01, 2.0306e-06): lin 1 (0.0e+00)
-------------------------------------------------------------------------------------------------------------
 T = 5558.39, DT = 24.2724, NI = 2, LI = 2, RES = 7.8e-03 (1.1e-06), CFL=0.000 (ELAPSED 00:41:36 )
-------------------------------------------------------------------------------------------------------------
	 #1 (6.0550e-02, 1.8584e-05): lin 1 (0.0e+00)
	 #2 (1.9973e+02, 5.3578e-06): lin 1 (0.0e+00)
	 #3 (4.8747e-02, 3.2155e-06): lin 1 (0.0e+00)
	 #4 (1.0881e-02, 7.9744e-06): lin 1 (0.0e+00)
	 #5 (1.0875e-02, 7.9743e-06): lin 1 (0.0e+00)
	 #6 (1.0906e-02, 7.9743e-06): lin 1 (0.0e+00)
	 #7 (1.0901e-02, 7.9743e-06): lin 1 (0.0e+00)
	 #8 (1.0901e-02, 7.9743e-06): lin 1 (0.0e+00)
	 #9 (1.0875e-02, 7.9743e-06): lin 1 (0.0e+00)
FAILED TO CONVERGE WITH DT = 48.545 (newton residual reservoir) 
	 #1 (3.0275e-02, 9.2921e-06): lin 1 (0.0e+00)
	 #2 (3.8871e+01, 3.7611e-06): lin 1 (0.0e+00)
-------------------------------------------------------------------------------------------------------------
 T = 5582.66, DT = 24.2724, NI = 2, LI = 2, RES = 6.5e-03 (7.1e-07), CFL=0.000 (ELAPSED 00:41:47 )
-------------------------------------------------------------------------------------------------------------
	 #1 (5.9807e-02, 1.8177e-05): lin 1 (0.0e+00)
	 #2 (2.1065e+02, 4.7716e-06): lin 1 (0.0e+00)
	 #3 (1.5203e-01, 2.6169e-06): lin 1 (0.0e+00)
	 #4 (1.1653e-02, 8.8343e-06): lin 1 (0.0e+00)
	 #5 (1.1609e-02, 8.8342e-06): lin 1 (0.0e+00)
	 #6 (1.1643e-02, 8.8343e-06): lin 1 (0.0e+00)
	 #7 (1.1656e-02, 8.8342e-06): lin 1 (0.0e+00)
	 #8 (1.1621e-02, 8.8343e-06): lin 1 (0.0e+00)
	 #9 (1.1611e-02, 8.8342e-06): lin 1 (0.0e+00)
	 #10 (1.1676e-02, 8.8343e-06): lin 1 (0.0e+00)
FAILED TO CONVERGE WITH DT = 48.545 (newton residual reservoir) 
	 #1 (2.9903e-02, 9.0889e-06): lin 1 (0.0e+00)
	 #2 (4.2952e+01, 1.4661e-06): lin 1 (0.0e+00)
	 #3 (1.5048e-02, 5.5133e-06): lin 1 (0.0e+00)
-------------------------------------------------------------------------------------------------------------
 T = 5606.93, DT = 24.2724, NI = 3, LI = 3, RES = 5.4e-03 (5.5e-06), CFL=0.000 (ELAPSED 00:42:00 )
-------------------------------------------------------------------------------------------------------------
	 #1 (5.9265e-02, 2.4370e-05): lin 1 (0.0e+00)
	 #2 (2.9645e+02, 6.7909e-06): lin 1 (0.0e+00)
	 #3 (4.7722e-02, 1.0527e-05): lin 1 (0.0e+00)
	 #4 (1.1392e-02, 9.7881e-06): lin 1 (0.0e+00)
	 #5 (1.1386e-02, 9.7883e-06): lin 1 (0.0e+00)
	 #6 (1.1381e-02, 9.7881e-06): lin 1 (0.0e+00)
	 #7 (1.1417e-02, 9.7883e-06): lin 1 (0.0e+00)
	 #8 (1.1413e-02, 9.7881e-06): lin 1 (0.0e+00)
FAILED TO CONVERGE WITH DT = 48.545 (newton residual reservoir) 
	 #1 (2.9632e-02, 1.2185e-05): lin 1 (0.0e+00)
	 #2 (2.9284e+01, 4.5490e-06): lin 1 (0.0e+00)
-------------------------------------------------------------------------------------------------------------
 T = 5631.21, DT = 24.2724, NI = 2, LI = 2, RES = 6.3e-03 (2.4e-07), CFL=0.000 (ELAPSED 00:42:10 )
-------------------------------------------------------------------------------------------------------------
	 #1 (5.9514e-02, 1.7163e-05): lin 1 (0.0e+00)
	 #2 (2.0077e+02, 2.5034e-06): lin 1 (0.0e+00)
	 #3 (1.4365e-01, 2.6763e-07): lin 1 (0.0e+00)
	 #4 (1.0909e-02, 1.0407e-05): lin 1 (0.0e+00)
	 #5 (1.0909e-02, 1.0407e-05): lin 1 (0.0e+00)
	 #6 (1.0910e-02, 1.0407e-05): lin 1 (0.0e+00)
FAILED TO CONVERGE WITH DT = 48.545 (newton residual reservoir) 
	 #1 (2.9757e-02, 8.5814e-06): lin 1 (0.0e+00)
	 #2 (3.5940e+01, 1.2415e-06): lin 1 (0.0e+00)
	 #3 (1.3771e-02, 4.5771e-06): lin 1 (0.0e+00)
-------------------------------------------------------------------------------------------------------------
 T = 5655.48, DT = 24.2724, NI = 3, LI = 3, RES = 5.9e-03 (4.6e-06), CFL=0.000 (ELAPSED 00:42:19 )
-------------------------------------------------------------------------------------------------------------
	 #1 (5.9250e-02, 2.3488e-05): lin 1 (0.0e+00)
	 #2 (3.5490e+02, 2.2502e-06): lin 1 (0.0e+00)
	 #3 (1.0600e-01, 8.9546e-06): lin 1 (0.0e+00)
	 #4 (1.1147e-02, 9.0670e-06): lin 1 (0.0e+00)
	 #5 (1.1142e-02, 9.0669e-06): lin 1 (0.0e+00)
	 #6 (1.1145e-02, 9.0667e-06): lin 1 (0.0e+00)
FAILED TO CONVERGE WITH DT = 48.545 (newton residual reservoir) 
	 #1 (2.9625e-02, 1.1744e-05): lin 1 (0.0e+00)
	 #2 (4.3698e+01, 5.1438e-06): lin 1 (0.0e+00)
	 #3 (1.0985e-02, 4.2731e-06): lin 1 (0.0e+00)
-------------------------------------------------------------------------------------------------------------
 T = 5679.75, DT = 24.2724, NI = 3, LI = 3, RES = 5.9e-03 (4.3e-06), CFL=0.000 (ELAPSED 00:42:28 )
-------------------------------------------------------------------------------------------------------------
	 #1 (5.9141e-02, 2.3258e-05): lin 1 (0.0e+00)
	 #2 (4.7042e+02, 8.6691e-06): lin 1 (0.0e+00)
	 #3 (7.6710e-02, 7.3496e-06): lin 1 (0.0e+00)
	 #4 (1.1039e-02, 3.4322e-06): lin 1 (0.0e+00)
	 #5 (1.1048e-02, 3.4322e-06): lin 1 (0.0e+00)
	 #6 (1.1041e-02, 3.4323e-06): lin 1 (0.0e+00)
	 #7 (1.1026e-02, 3.4323e-06): lin 1 (0.0e+00)
FAILED TO CONVERGE WITH DT = 48.545 (newton residual reservoir) 
	 #1 (2.9571e-02, 1.1629e-05): lin 1 (0.0e+00)
	 #2 (9.3875e+01, 4.6763e-06): lin 1 (0.0e+00)
-------------------------------------------------------------------------------------------------------------
 T = 5704.02, DT = 24.2724, NI = 2, LI = 2, RES = 8.5e-03 (3.6e-06), CFL=0.000 (ELAPSED 00:42:37 )
-------------------------------------------------------------------------------------------------------------
	 #1 (6.0320e-02, 2.2528e-05): lin 1 (0.0e+00)
	 #2 (4.9722e+02, 9.0411e-07): lin 1 (0.0e+00)
	 #3 (1.6239e-01, 4.4735e-06): lin 1 (0.0e+00)
	 #4 (1.1060e-02, 4.4739e-06): lin 1 (0.0e+00)
	 #5 (1.1062e-02, 4.4736e-06): lin 1 (0.0e+00)
	 #6 (1.1080e-02, 4.4738e-06): lin 1 (0.0e+00)
	 #7 (1.1067e-02, 4.4736e-06): lin 1 (0.0e+00)
	 #8 (1.1080e-02, 4.4738e-06): lin 1 (0.0e+00)
FAILED TO CONVERGE WITH DT = 48.545 (newton residual reservoir) 
	 #1 (3.0160e-02, 1.1265e-05): lin 1 (0.0e+00)
	 #2 (9.8762e+01, 3.4857e-06): lin 1 (0.0e+00)
	 #3 (1.6513e-02, 2.5877e-06): lin 1 (0.0e+00)
-------------------------------------------------------------------------------------------------------------
 T = 5728.3, DT = 24.2724, NI = 3, LI = 3, RES = 5.5e-03 (2.5e-06), CFL=0.000 (ELAPSED 00:42:48 )
-------------------------------------------------------------------------------------------------------------
	 #1 (5.8770e-02, 2.1064e-05): lin 1 (0.0e+00)
	 #2 (1.9039e+02, 2.0663e-06): lin 1 (0.0e+00)
	 #3 (5.6001e-02, 5.2086e-06): lin 1 (0.0e+00)
	 #4 (1.1123e-02, 5.2087e-06): lin 1 (0.0e+00)
	 #5 (1.1115e-02, 5.2085e-06): lin 1 (0.0e+00)
	 #6 (1.1155e-02, 5.2086e-06): lin 1 (0.0e+00)
	 #7 (1.1127e-02, 5.2085e-06): lin 1 (0.0e+00)
	 #8 (1.1115e-02, 5.2086e-06): lin 1 (0.0e+00)
	 #9 (1.1171e-02, 5.2085e-06): lin 1 (0.0e+00)
	 #10 (1.1134e-02, 5.2086e-06): lin 1 (0.0e+00)
	 #11 (1.1138e-02, 5.2086e-06): lin 1 (0.0e+00)
	 #12 (1.1173e-02, 5.2086e-06): lin 1 (0.0e+00)
FAILED TO CONVERGE WITH DT = 48.545 (newton residual reservoir) 
	 #1 (2.9385e-02, 1.0532e-05): lin 1 (0.0e+00)
	 #2 (3.5158e+01, 2.2515e-06): lin 1 (0.0e+00)
-------------------------------------------------------------------------------------------------------------
 T = 5752.57, DT = 24.2724, NI = 2, LI = 2, RES = 7.3e-03 (2.2e-06), CFL=0.000 (ELAPSED 00:43:02 )
-------------------------------------------------------------------------------------------------------------
	 #1 (5.9450e-02, 2.0818e-05): lin 1 (0.0e+00)
	 #2 (3.1344e+02, 2.7537e-06): lin 1 (0.0e+00)
	 #3 (5.3733e-02, 4.2746e-06): lin 1 (0.0e+00)
	 #4 (1.1042e-02, 5.8829e-06): lin 1 (0.0e+00)
	 #5 (1.1068e-02, 5.8829e-06): lin 1 (0.0e+00)
	 #6 (1.1071e-02, 5.8827e-06): lin 1 (0.0e+00)
	 #7 (1.1064e-02, 5.8829e-06): lin 1 (0.0e+00)
	 #8 (1.1059e-02, 5.8827e-06): lin 1 (0.0e+00)
FAILED TO CONVERGE WITH DT = 48.545 (newton residual reservoir) 
	 #1 (2.9725e-02, 1.0409e-05): lin 1 (0.0e+00)
	 #2 (3.4628e+01, 2.5740e-06): lin 1 (0.0e+00)
-------------------------------------------------------------------------------------------------------------
 T = 5776.84, DT = 24.2724, NI = 2, LI = 2, RES = 6.6e-03 (1.9e-06), CFL=0.000 (ELAPSED 00:43:12 )
-------------------------------------------------------------------------------------------------------------
	 #1 (5.9021e-02, 2.0573e-05): lin 1 (0.0e+00)
	 #2 (3.8121e+02, 3.7295e-06): lin 1 (0.0e+00)
	 #3 (1.0687e-01, 6.9045e-06): lin 1 (0.0e+00)
	 #4 (1.1589e-02, 6.7948e-06): lin 1 (0.0e+00)
	 #5 (1.1591e-02, 6.7948e-06): lin 1 (0.0e+00)
	 #6 (1.1589e-02, 6.7948e-06): lin 1 (0.0e+00)
FAILED TO CONVERGE WITH DT = 48.545 (newton residual reservoir) 
	 #1 (2.9511e-02, 1.0287e-05): lin 1 (0.0e+00)
	 #2 (8.2227e+01, 3.0725e-06): lin 1 (0.0e+00)
	 #3 (1.2683e-02, 1.3003e-06): lin 1 (0.0e+00)
-------------------------------------------------------------------------------------------------------------
 T = 5801.11, DT = 24.2724, NI = 3, LI = 3, RES = 5.7e-03 (3.8e-06), CFL=0.000 (ELAPSED 00:43:21 )
-------------------------------------------------------------------------------------------------------------
	 #1 (5.8559e-02, 1.8583e-05): lin 1 (0.0e+00)
	 #2 (3.2993e+02, 4.6024e-06): lin 1 (0.0e+00)
	 #3 (7.7966e-02, 1.2711e-05): lin 1 (0.0e+00)
	 #4 (1.1282e-02, 2.5576e-06): lin 1 (0.0e+00)
	 #5 (1.1243e-02, 2.5577e-06): lin 1 (0.0e+00)
	 #6 (1.1249e-02, 2.5579e-06): lin 1 (0.0e+00)
	 #7 (1.1276e-02, 2.5577e-06): lin 1 (0.0e+00)
	 #8 (1.1241e-02, 2.5579e-06): lin 1 (0.0e+00)
	 #9 (1.1223e-02, 2.5577e-06): lin 1 (0.0e+00)
	 #10 (1.1282e-02, 2.5579e-06): lin 1 (0.0e+00)
	 #11 (1.1223e-02, 2.5577e-06): lin 1 (0.0e+00)
	 #12 (1.1223e-02, 2.5579e-06): lin 1 (0.0e+00)
FAILED TO CONVERGE WITH DT = 48.545 (newton residual reservoir) 
	 #1 (2.9280e-02, 9.2915e-06): lin 1 (0.0e+00)
	 #2 (4.4255e+01, 1.7439e-06): lin 1 (0.0e+00)
-------------------------------------------------------------------------------------------------------------
 T = 5825.38, DT = 24.2724, NI = 2, LI = 2, RES = 6.9e-03 (6.1e-06), CFL=0.000 (ELAPSED 00:43:35 )
-------------------------------------------------------------------------------------------------------------
	 #1 (5.8933e-02, 2.6130e-05): lin 1 (0.0e+00)
	 #2 (4.2392e+02, 5.2826e-06): lin 1 (0.0e+00)
	 #3 (1.1941e-01, 1.3248e-06): lin 1 (0.0e+00)
	 #4 (1.1300e-02, 2.6128e-06): lin 1 (0.0e+00)
	 #5 (1.1302e-02, 2.6128e-06): lin 1 (0.0e+00)
	 #6 (1.1296e-02, 2.6128e-06): lin 1 (0.0e+00)
FAILED TO CONVERGE WITH DT = 48.545 (newton residual reservoir) 
	 #1 (2.9467e-02, 1.3066e-05): lin 1 (0.0e+00)
	 #2 (8.9201e+01, 3.7526e-06): lin 1 (0.0e+00)
	 #3 (1.2317e-02, 5.0246e-07): lin 1 (0.0e+00)
-------------------------------------------------------------------------------------------------------------
 T = 5849.66, DT = 24.2724, NI = 3, LI = 3, RES = 5.8e-03 (1.5e-06), CFL=0.000 (ELAPSED 00:43:44 )
-------------------------------------------------------------------------------------------------------------
	 #1 (5.8382e-02, 1.9216e-05): lin 1 (0.0e+00)
	 #2 (2.4912e+02, 3.4305e-06): lin 1 (0.0e+00)
	 #3 (3.9893e-02, 2.1905e-07): lin 1 (0.0e+00)
	 #4 (1.1456e-02, 2.8713e-06): lin 1 (0.0e+00)
	 #5 (1.1464e-02, 2.8713e-06): lin 1 (0.0e+00)
	 #6 (1.1462e-02, 2.8713e-06): lin 1 (0.0e+00)
FAILED TO CONVERGE WITH DT = 48.545 (newton residual reservoir) 
	 #1 (2.9191e-02, 9.6097e-06): lin 1 (0.0e+00)
	 #2 (1.9546e+01, 6.0933e-07): lin 1 (0.0e+00)
-------------------------------------------------------------------------------------------------------------
 T = 5873.93, DT = 24.2724, NI = 2, LI = 2, RES = 6.2e-03 (5.4e-06), CFL=0.000 (ELAPSED 00:43:52 )
-------------------------------------------------------------------------------------------------------------
	 #1 (5.8428e-02, 2.1956e-05): lin 1 (0.0e+00)
	 #2 (2.5580e+02, 2.9102e-06): lin 1 (0.0e+00)
	 #3 (3.7645e-02, 2.6854e-06): lin 1 (0.0e+00)
	 #4 (1.1017e-02, 1.1855e-05): lin 1 (0.0e+00)
	 #5 (1.1024e-02, 1.1856e-05): lin 1 (0.0e+00)
	 #6 (1.1001e-02, 1.1855e-05): lin 1 (0.0e+00)
	 #7 (1.1014e-02, 1.1855e-05): lin 1 (0.0e+00)
	 #8 (1.1026e-02, 1.1856e-05): lin 1 (0.0e+00)
	 #9 (1.0991e-02, 1.1855e-05): lin 1 (0.0e+00)
FAILED TO CONVERGE WITH DT = 48.545 (newton residual reservoir) 
	 #1 (2.9214e-02, 1.0978e-05): lin 1 (0.0e+00)
	 #2 (4.2066e+01, 4.9787e-06): lin 1 (0.0e+00)
-------------------------------------------------------------------------------------------------------------
 T = 5898.2, DT = 24.2724, NI = 2, LI = 2, RES = 6.5e-03 (6.0e-06), CFL=0.000 (ELAPSED 00:44:03 )
-------------------------------------------------------------------------------------------------------------
	 #1 (5.8465e-02, 2.3258e-05): lin 1 (0.0e+00)
	 #2 (3.5296e+02, 9.7068e-06): lin 1 (0.0e+00)
	 #3 (5.0101e-02, 6.9725e-06): lin 1 (0.0e+00)
	 #4 (1.1038e-02, 1.3559e-05): lin 1 (0.0e+00)
	 #5 (1.1060e-02, 1.3559e-05): lin 1 (0.0e+00)
	 #6 (1.1067e-02, 1.3559e-05): lin 1 (0.0e+00)
	 #7 (1.1077e-02, 1.3559e-05): lin 1 (0.0e+00)
FAILED TO CONVERGE WITH DT = 48.545 (newton residual reservoir) 
	 #1 (2.9233e-02, 1.1629e-05): lin 1 (0.0e+00)
	 #2 (5.7443e+01, 8.3366e-07): lin 1 (0.0e+00)
-------------------------------------------------------------------------------------------------------------
 T = 5922.47, DT = 24.2724, NI = 2, LI = 2, RES = 6.4e-03 (1.8e-06), CFL=0.000 (ELAPSED 00:44:12 )
-------------------------------------------------------------------------------------------------------------
	 #1 (5.8288e-02, 1.6355e-05): lin 1 (0.0e+00)
	 #2 (4.1338e+02, 8.8773e-06): lin 1 (0.0e+00)
	 #3 (8.6231e-02, 5.6206e-06): lin 1 (0.0e+00)
	 #4 (1.1123e-02, 4.5352e-06): lin 1 (0.0e+00)
	 #5 (1.1122e-02, 4.5353e-06): lin 1 (0.0e+00)
	 #6 (1.1131e-02, 4.5351e-06): lin 1 (0.0e+00)
	 #7 (1.1119e-02, 4.5353e-06): lin 1 (0.0e+00)
FAILED TO CONVERGE WITH DT = 48.545 (newton residual reservoir) 
	 #1 (2.9144e-02, 8.1774e-06): lin 1 (0.0e+00)
	 #2 (8.5610e+01, 1.7297e-06): lin 1 (0.0e+00)
-------------------------------------------------------------------------------------------------------------
 T = 5946.75, DT = 24.2724, NI = 2, LI = 2, RES = 9.1e-03 (2.6e-06), CFL=0.000 (ELAPSED 00:44:21 )
-------------------------------------------------------------------------------------------------------------
	 #1 (5.9583e-02, 2.2096e-05): lin 1 (0.0e+00)
	 #2 (1.4203e+02, 2.9545e-06): lin 1 (0.0e+00)
	 #3 (8.7701e-02, 5.4193e-06): lin 1 (0.0e+00)
	 #4 (1.1076e-02, 5.2785e-06): lin 1 (0.0e+00)
	 #5 (1.1100e-02, 5.2784e-06): lin 1 (0.0e+00)
	 #6 (1.1083e-02, 5.2782e-06): lin 1 (0.0e+00)
	 #7 (1.1088e-02, 5.2785e-06): lin 1 (0.0e+00)
	 #8 (1.1100e-02, 5.2784e-06): lin 1 (0.0e+00)
FAILED TO CONVERGE WITH DT = 48.545 (newton residual reservoir) 
	 #1 (2.9791e-02, 1.1049e-05): lin 1 (0.0e+00)
	 #2 (2.6837e+01, 2.7313e-06): lin 1 (0.0e+00)
-------------------------------------------------------------------------------------------------------------
 T = 5971.02, DT = 24.2724, NI = 2, LI = 2, RES = 9.1e-03 (2.2e-06), CFL=0.000 (ELAPSED 00:44:31 )
-------------------------------------------------------------------------------------------------------------
	 #1 (5.9522e-02, 2.1660e-05): lin 1 (0.0e+00)
	 #2 (1.3633e+02, 3.1824e-06): lin 1 (0.0e+00)
	 #3 (5.8850e-02, 6.1071e-06): lin 1 (0.0e+00)
	 #4 (1.0697e-02, 4.0479e-06): lin 1 (0.0e+00)
	 #5 (1.0652e-02, 4.0480e-06): lin 1 (0.0e+00)
	 #6 (1.0671e-02, 4.0479e-06): lin 1 (0.0e+00)
	 #7 (1.0656e-02, 4.0479e-06): lin 1 (0.0e+00)
	 #8 (1.0652e-02, 4.0479e-06): lin 1 (0.0e+00)
	 #9 (1.0682e-02, 4.0479e-06): lin 1 (0.0e+00)
	 #10 (1.0579e-02, 4.0480e-06): lin 1 (0.0e+00)
	 #11 (1.0691e-02, 4.0479e-06): lin 1 (0.0e+00)
FAILED TO CONVERGE WITH DT = 48.545 (newton residual reservoir) 
	 #1 (2.9761e-02, 1.0830e-05): lin 1 (0.0e+00)
	 #2 (1.7885e+01, 2.7384e-06): lin 1 (0.0e+00)
-------------------------------------------------------------------------------------------------------------
 T = 5995.29, DT = 24.2724, NI = 2, LI = 2, RES = 6.3e-03 (1.7e-06), CFL=0.000 (ELAPSED 00:44:44 )
-------------------------------------------------------------------------------------------------------------
	 #1 (5.7949e-02, 2.1152e-05): lin 1 (0.0e+00)
	 #2 (2.2137e+02, 3.6092e-06): lin 1 (0.0e+00)
	 #3 (6.0287e-02, 3.1093e-06): lin 1 (0.0e+00)
	 #4 (1.1309e-02, 2.8572e-06): lin 1 (0.0e+00)
	 #5 (1.1264e-02, 2.8571e-06): lin 1 (0.0e+00)
	 #6 (1.1244e-02, 2.8573e-06): lin 1 (0.0e+00)
	 #7 (1.1300e-02, 2.8571e-06): lin 1 (0.0e+00)
	 #8 (1.1296e-02, 2.8573e-06): lin 1 (0.0e+00)
	 #9 (1.1244e-02, 2.8571e-06): lin 1 (0.0e+00)
	 #10 (1.1288e-02, 2.8573e-06): lin 1 (0.0e+00)
	 #11 (1.1285e-02, 2.8571e-06): lin 1 (0.0e+00)
FAILED TO CONVERGE WITH DT = 48.545 (newton residual reservoir) 
	 #1 (2.8975e-02, 1.0576e-05): lin 1 (0.0e+00)
	 #2 (2.3523e+01, 2.2019e-06): lin 1 (0.0e+00)
-------------------------------------------------------------------------------------------------------------
 T = 6019.56, DT = 24.2724, NI = 2, LI = 2, RES = 6.2e-03 (3.8e-06), CFL=0.000 (ELAPSED 00:44:57 )
-------------------------------------------------------------------------------------------------------------
	 #1 (5.7826e-02, 1.9174e-05): lin 1 (0.0e+00)
	 #2 (4.3693e+02, 5.2783e-06): lin 1 (0.0e+00)
	 #3 (1.4984e-01, 8.6960e-06): lin 1 (0.0e+00)
	 #4 (1.1466e-02, 1.1784e-05): lin 1 (0.0e+00)
	 #5 (1.1475e-02, 1.1784e-05): lin 1 (0.0e+00)
	 #6 (1.1471e-02, 1.1784e-05): lin 1 (0.0e+00)
FAILED TO CONVERGE WITH DT = 48.545 (newton residual reservoir) 
	 #1 (2.8913e-02, 9.5870e-06): lin 1 (0.0e+00)
	 #2 (9.1098e+01, 3.6565e-06): lin 1 (0.0e+00)
	 #3 (1.5169e-02, 1.4738e-06): lin 1 (0.0e+00)
-------------------------------------------------------------------------------------------------------------
 T = 6043.84, DT = 24.2724, NI = 3, LI = 3, RES = 5.6e-03 (1.5e-06), CFL=0.000 (ELAPSED 00:45:06 )
-------------------------------------------------------------------------------------------------------------
	 #1 (5.7461e-02, 2.0039e-05): lin 1 (0.0e+00)
	 #2 (2.7071e+02, 3.4892e-06): lin 1 (0.0e+00)
	 #3 (7.0701e-02, 2.8741e-06): lin 1 (0.0e+00)
	 #4 (1.1244e-02, 1.0031e-05): lin 1 (0.0e+00)
	 #5 (1.1223e-02, 1.0031e-05): lin 1 (0.0e+00)
	 #6 (1.1208e-02, 1.0031e-05): lin 1 (0.0e+00)
	 #7 (1.1229e-02, 1.0031e-05): lin 1 (0.0e+00)
	 #8 (1.1223e-02, 1.0031e-05): lin 1 (0.0e+00)
	 #9 (1.1208e-02, 1.0031e-05): lin 1 (0.0e+00)
	 #10 (1.1155e-02, 1.0031e-05): lin 1 (0.0e+00)
FAILED TO CONVERGE WITH DT = 48.545 (newton residual reservoir) 
	 #1 (2.8731e-02, 1.0020e-05): lin 1 (0.0e+00)
	 #2 (4.9504e+01, 6.8228e-07): lin 1 (0.0e+00)
-------------------------------------------------------------------------------------------------------------
 T = 6068.11, DT = 24.2724, NI = 2, LI = 2, RES = 5.7e-03 (5.1e-06), CFL=0.000 (ELAPSED 00:45:18 )
-------------------------------------------------------------------------------------------------------------
	 #1 (5.7409e-02, 2.5816e-05): lin 1 (0.0e+00)
	 #2 (2.5997e+02, 3.1954e-06): lin 1 (0.0e+00)
	 #3 (3.2107e-02, 8.8697e-06): lin 1 (0.0e+00)
	 #4 (1.1076e-02, 8.8695e-06): lin 1 (0.0e+00)
	 #5 (1.1046e-02, 8.8696e-06): lin 1 (0.0e+00)
	 #6 (1.1056e-02, 8.8696e-06): lin 1 (0.0e+00)
	 #7 (1.1050e-02, 8.8695e-06): lin 1 (0.0e+00)
FAILED TO CONVERGE WITH DT = 48.545 (newton residual reservoir) 
	 #1 (2.8704e-02, 1.2909e-05): lin 1 (0.0e+00)
	 #2 (4.6702e+01, 5.1129e-06): lin 1 (0.0e+00)
-------------------------------------------------------------------------------------------------------------
 T = 6092.38, DT = 24.2724, NI = 2, LI = 2, RES = 5.9e-03 (5.9e-06), CFL=0.000 (ELAPSED 00:45:27 )
-------------------------------------------------------------------------------------------------------------
	 #1 (5.7398e-02, 2.3475e-05): lin 1 (0.0e+00)
	 #2 (2.1713e+02, 2.5205e-06): lin 1 (0.0e+00)
	 #3 (9.4555e-02, 7.8067e-06): lin 1 (0.0e+00)
	 #4 (1.0907e-02, 3.2807e-06): lin 1 (0.0e+00)
	 #5 (1.0889e-02, 3.2807e-06): lin 1 (0.0e+00)
	 #6 (1.0905e-02, 3.2807e-06): lin 1 (0.0e+00)
	 #7 (1.0910e-02, 3.2807e-06): lin 1 (0.0e+00)
	 #8 (1.0884e-02, 3.2807e-06): lin 1 (0.0e+00)
FAILED TO CONVERGE WITH DT = 48.545 (newton residual reservoir) 
	 #1 (2.8699e-02, 1.1738e-05): lin 1 (0.0e+00)
	 #2 (4.0674e+01, 6.7704e-07): lin 1 (0.0e+00)
-------------------------------------------------------------------------------------------------------------
 T = 6116.65, DT = 24.2724, NI = 2, LI = 2, RES = 9.2e-03 (3.5e-06), CFL=0.000 (ELAPSED 00:45:37 )
-------------------------------------------------------------------------------------------------------------
	 #1 (5.9003e-02, 2.3969e-05): lin 1 (0.0e+00)
	 #2 (1.2394e+02, 9.7890e-06): lin 1 (0.0e+00)
	 #3 (1.6717e-02, 6.7439e-06): lin 1 (0.0e+00)
	 #4 (1.1701e-02, 6.7443e-06): lin 1 (0.0e+00)
	 #5 (1.1728e-02, 6.7442e-06): lin 1 (0.0e+00)
	 #6 (1.1730e-02, 6.7442e-06): lin 1 (0.0e+00)
	 #7 (1.1736e-02, 6.7442e-06): lin 1 (0.0e+00)
FAILED TO CONVERGE WITH DT = 48.545 (newton residual reservoir) 
	 #1 (2.9502e-02, 1.1985e-05): lin 1 (0.0e+00)
	 #2 (1.3992e+01, 1.2844e-06): lin 1 (0.0e+00)
-------------------------------------------------------------------------------------------------------------
 T = 6140.93, DT = 24.2724, NI = 2, LI = 2, RES = 5.5e-03 (2.0e-06), CFL=0.000 (ELAPSED 00:45:46 )
-------------------------------------------------------------------------------------------------------------
	 #1 (5.7020e-02, 1.7010e-05): lin 1 (0.0e+00)
	 #2 (3.1919e+02, 2.5669e-06): lin 1 (0.0e+00)
	 #3 (5.3483e-02, 4.6690e-06): lin 1 (0.0e+00)
	 #4 (1.1292e-02, 5.4842e-06): lin 1 (0.0e+00)
	 #5 (1.1292e-02, 5.4844e-06): lin 1 (0.0e+00)
	 #6 (1.1282e-02, 5.4842e-06): lin 1 (0.0e+00)
FAILED TO CONVERGE WITH DT = 48.545 (newton residual reservoir) 
	 #1 (2.8510e-02, 8.5048e-06): lin 1 (0.0e+00)
	 #2 (4.0687e+01, 6.6678e-06): lin 1 (0.0e+00)
-------------------------------------------------------------------------------------------------------------
 T = 6165.2, DT = 24.2724, NI = 2, LI = 2, RES = 5.9e-03 (2.7e-06), CFL=0.000 (ELAPSED 00:45:54 )
-------------------------------------------------------------------------------------------------------------
	 #1 (5.7083e-02, 2.3105e-05): lin 1 (0.0e+00)
	 #2 (4.9956e+02, 7.9432e-06): lin 1 (0.0e+00)
	 #3 (1.3674e-01, 4.4861e-06): lin 1 (0.0e+00)
	 #4 (1.0917e-02, 4.3159e-06): lin 1 (0.0e+00)
	 #5 (1.0929e-02, 4.3158e-06): lin 1 (0.0e+00)
	 #6 (1.0921e-02, 4.3159e-06): lin 1 (0.0e+00)
FAILED TO CONVERGE WITH DT = 48.545 (newton residual reservoir) 
	 #1 (2.8542e-02, 1.1552e-05): lin 1 (0.0e+00)
	 #2 (9.1041e+01, 2.2288e-06): lin 1 (0.0e+00)
	 #3 (1.7161e-02, 3.2350e-06): lin 1 (0.0e+00)
-------------------------------------------------------------------------------------------------------------
 T = 6189.47, DT = 24.2724, NI = 3, LI = 3, RES = 5.6e-03 (3.2e-06), CFL=0.000 (ELAPSED 00:46:03 )
-------------------------------------------------------------------------------------------------------------
	 #1 (5.6867e-02, 1.8416e-05): lin 1 (0.0e+00)
	 #2 (2.0563e+02, 6.0767e-06): lin 1 (0.0e+00)
	 #3 (1.7126e-02, 3.7101e-06): lin 1 (0.0e+00)
	 #4 (1.0877e-02, 3.7107e-06): lin 1 (0.0e+00)
	 #5 (1.0882e-02, 3.7102e-06): lin 1 (0.0e+00)
	 #6 (1.0890e-02, 3.7106e-06): lin 1 (0.0e+00)
	 #7 (1.0877e-02, 3.7102e-06): lin 1 (0.0e+00)
FAILED TO CONVERGE WITH DT = 48.545 (newton residual reservoir) 
	 #1 (2.8434e-02, 9.2081e-06): lin 1 (0.0e+00)
	 #2 (3.9893e+01, 3.1533e-06): lin 1 (0.0e+00)
-------------------------------------------------------------------------------------------------------------
 T = 6213.74, DT = 24.2724, NI = 2, LI = 2, RES = 5.6e-03 (3.7e-06), CFL=0.000 (ELAPSED 00:46:12 )
-------------------------------------------------------------------------------------------------------------
	 #1 (5.6800e-02, 1.9324e-05): lin 1 (0.0e+00)
	 #2 (1.9882e+02, 5.9623e-06): lin 1 (0.0e+00)
	 #3 (2.1104e-02, 3.2921e-06): lin 1 (0.0e+00)
	 #4 (1.1931e-02, 2.5105e-06): lin 1 (0.0e+00)
	 #5 (1.1921e-02, 2.5105e-06): lin 1 (0.0e+00)
	 #6 (1.1921e-02, 2.5104e-06): lin 1 (0.0e+00)
	 #7 (1.1933e-02, 2.5103e-06): lin 1 (0.0e+00)
	 #8 (1.1901e-02, 2.5108e-06): lin 1 (0.0e+00)
FAILED TO CONVERGE WITH DT = 48.545 (newton residual reservoir) 
	 #1 (2.8400e-02, 9.6619e-06): lin 1 (0.0e+00)
	 #2 (3.2527e+01, 1.8922e-06): lin 1 (0.0e+00)
-------------------------------------------------------------------------------------------------------------
 T = 6238.02, DT = 24.2724, NI = 2, LI = 2, RES = 5.9e-03 (1.6e-06), CFL=0.000 (ELAPSED 00:46:22 )
-------------------------------------------------------------------------------------------------------------
	 #1 (5.6824e-02, 2.1456e-05): lin 1 (0.0e+00)
	 #2 (2.2771e+02, 4.6827e-06): lin 1 (0.0e+00)
	 #3 (3.5854e-02, 2.5887e-06): lin 1 (0.0e+00)
	 #4 (1.0953e-02, 1.2354e-06): lin 1 (0.0e+00)
	 #5 (1.0940e-02, 1.2353e-06): lin 1 (0.0e+00)
	 #6 (1.0987e-02, 1.2351e-06): lin 1 (0.0e+00)
	 #7 (1.0973e-02, 1.2354e-06): lin 1 (0.0e+00)
	 #8 (1.0931e-02, 1.2353e-06): lin 1 (0.0e+00)
	 #9 (1.0945e-02, 1.2351e-06): lin 1 (0.0e+00)
	 #10 (1.1008e-02, 1.2354e-06): lin 1 (0.0e+00)
FAILED TO CONVERGE WITH DT = 48.545 (newton residual reservoir) 
	 #1 (2.8412e-02, 1.0729e-05): lin 1 (0.0e+00)
	 #2 (3.6263e+01, 3.8070e-06): lin 1 (0.0e+00)
-------------------------------------------------------------------------------------------------------------
 T = 6262.29, DT = 24.2724, NI = 2, LI = 2, RES = 6.3e-03 (4.5e-07), CFL=0.000 (ELAPSED 00:46:34 )
-------------------------------------------------------------------------------------------------------------
	 #1 (5.6871e-02, 2.0614e-05): lin 1 (0.0e+00)
	 #2 (1.2089e+02, 3.3513e-06): lin 1 (0.0e+00)
	 #3 (1.6527e-02, 1.0054e-05): lin 1 (0.0e+00)
	 #4 (1.1518e-02, 1.0421e-05): lin 1 (0.0e+00)
	 #5 (1.1522e-02, 1.0421e-05): lin 1 (0.0e+00)
	 #6 (1.1532e-02, 1.0421e-05): lin 1 (0.0e+00)
	 #7 (1.1519e-02, 1.0421e-05): lin 1 (0.0e+00)
FAILED TO CONVERGE WITH DT = 48.545 (newton residual reservoir) 
	 #1 (2.8436e-02, 1.0307e-05): lin 1 (0.0e+00)
	 #2 (1.8420e+01, 6.5905e-07): lin 1 (0.0e+00)
-------------------------------------------------------------------------------------------------------------
 T = 6286.56, DT = 24.2724, NI = 2, LI = 2, RES = 5.4e-03 (5.4e-06), CFL=0.000 (ELAPSED 00:46:43 )
-------------------------------------------------------------------------------------------------------------
	 #1 (5.6409e-02, 2.2865e-05): lin 1 (0.0e+00)
	 #2 (2.5681e+02, 3.1536e-06): lin 1 (0.0e+00)
	 #3 (7.1981e-02, 8.6577e-06): lin 1 (0.0e+00)
	 #4 (1.1093e-02, 1.5832e-06): lin 1 (0.0e+00)
	 #5 (1.1097e-02, 1.5829e-06): lin 1 (0.0e+00)
	 #6 (1.1093e-02, 1.5831e-06): lin 1 (0.0e+00)
FAILED TO CONVERGE WITH DT = 48.545 (newton residual reservoir) 
	 #1 (2.8204e-02, 1.1432e-05): lin 1 (0.0e+00)
	 #2 (3.8742e+01, 5.0792e-06): lin 1 (0.0e+00)
-------------------------------------------------------------------------------------------------------------
 T = 6310.83, DT = 24.2724, NI = 2, LI = 2, RES = 8.0e-03 (6.1e-06), CFL=0.000 (ELAPSED 00:46:51 )
-------------------------------------------------------------------------------------------------------------
	 #1 (5.7563e-02, 2.4356e-05): lin 1 (0.0e+00)
	 #2 (3.6754e+02, 1.0522e-05): lin 1 (0.0e+00)
	 #3 (1.6176e-01, 2.7266e-06): lin 1 (0.0e+00)
	 #4 (1.1014e-02, 7.4254e-06): lin 1 (0.0e+00)
	 #5 (1.1039e-02, 7.4256e-06): lin 1 (0.0e+00)
	 #6 (1.1045e-02, 7.4255e-06): lin 1 (0.0e+00)
	 #7 (1.1010e-02, 7.4255e-06): lin 1 (0.0e+00)
	 #8 (1.1022e-02, 7.4255e-06): lin 1 (0.0e+00)
	 #9 (1.1051e-02, 7.4254e-06): lin 1 (0.0e+00)
	 #10 (1.0860e-02, 7.4256e-06): lin 1 (0.0e+00)
	 #11 (1.1059e-02, 7.4255e-06): lin 1 (0.0e+00)
FAILED TO CONVERGE WITH DT = 48.545 (newton residual reservoir) 
	 #1 (2.8781e-02, 1.2178e-05): lin 1 (0.0e+00)
	 #2 (4.6380e+01, 8.7383e-07): lin 1 (0.0e+00)
	 #3 (1.7412e-02, 1.6175e-06): lin 1 (0.0e+00)
-------------------------------------------------------------------------------------------------------------
 T = 6335.11, DT = 24.2724, NI = 3, LI = 3, RES = 5.5e-03 (1.6e-06), CFL=0.000 (ELAPSED 00:47:05 )
-------------------------------------------------------------------------------------------------------------
	 #1 (5.6268e-02, 1.8267e-05): lin 1 (0.0e+00)
	 #2 (5.0218e+02, 7.2228e-07): lin 1 (0.0e+00)
	 #3 (1.0306e-01, 6.8779e-06): lin 1 (0.0e+00)
	 #4 (1.1115e-02, 3.7098e-06): lin 1 (0.0e+00)
	 #5 (1.1096e-02, 3.7100e-06): lin 1 (0.0e+00)
	 #6 (1.1075e-02, 3.7097e-06): lin 1 (0.0e+00)
	 #7 (1.1091e-02, 3.7098e-06): lin 1 (0.0e+00)
	 #8 (1.1061e-02, 3.7100e-06): lin 1 (0.0e+00)
	 #9 (1.1057e-02, 3.7097e-06): lin 1 (0.0e+00)
	 #10 (1.1133e-02, 3.7098e-06): lin 1 (0.0e+00)
	 #11 (1.1061e-02, 3.7100e-06): lin 1 (0.0e+00)
	 #12 (1.1075e-02, 3.7097e-06): lin 1 (0.0e+00)
	 #13 (1.1122e-02, 3.7098e-06): lin 1 (0.0e+00)
FAILED TO CONVERGE WITH DT = 48.545 (newton residual reservoir) 
	 #1 (2.8134e-02, 9.1333e-06): lin 1 (0.0e+00)
	 #2 (8.7887e+01, 1.3611e-06): lin 1 (0.0e+00)
-------------------------------------------------------------------------------------------------------------
 T = 6359.38, DT = 24.2724, NI = 2, LI = 2, RES = 9.9e-03 (3.0e-06), CFL=0.000 (ELAPSED 00:47:20 )
-------------------------------------------------------------------------------------------------------------
	 #1 (5.8522e-02, 2.4353e-05): lin 1 (0.0e+00)
	 #2 (2.5852e+02, 8.4469e-06): lin 1 (0.0e+00)
	 #3 (5.3533e-02, 4.0500e-06): lin 1 (0.0e+00)
	 #4 (1.1557e-02, 4.2309e-06): lin 1 (0.0e+00)
	 #5 (1.1514e-02, 4.2311e-06): lin 1 (0.0e+00)
	 #6 (1.1516e-02, 4.2309e-06): lin 1 (0.0e+00)
	 #7 (1.1511e-02, 4.2309e-06): lin 1 (0.0e+00)
FAILED TO CONVERGE WITH DT = 48.545 (newton residual reservoir) 
	 #1 (2.9261e-02, 1.2177e-05): lin 1 (0.0e+00)
	 #2 (4.1313e+01, 3.2277e-06): lin 1 (0.0e+00)
-------------------------------------------------------------------------------------------------------------
 T = 6383.65, DT = 24.2724, NI = 2, LI = 2, RES = 6.3e-03 (2.3e-06), CFL=0.000 (ELAPSED 00:47:29 )
-------------------------------------------------------------------------------------------------------------
	 #1 (5.6410e-02, 1.7571e-05): lin 1 (0.0e+00)
	 #2 (2.0405e+02, 2.7835e-06): lin 1 (0.0e+00)
	 #3 (3.8004e-02, 4.9171e-06): lin 1 (0.0e+00)
	 #4 (1.2261e-02, 5.0668e-06): lin 1 (0.0e+00)
	 #5 (1.2263e-02, 5.0671e-06): lin 1 (0.0e+00)
	 #6 (1.2263e-02, 5.0668e-06): lin 1 (0.0e+00)
FAILED TO CONVERGE WITH DT = 48.545 (newton residual reservoir) 
	 #1 (2.8205e-02, 8.7856e-06): lin 1 (0.0e+00)
	 #2 (3.4105e+01, 3.0783e-06): lin 1 (0.0e+00)
-------------------------------------------------------------------------------------------------------------
 T = 6407.92, DT = 24.2724, NI = 2, LI = 2, RES = 6.3e-03 (2.4e-06), CFL=0.000 (ELAPSED 00:47:37 )
-------------------------------------------------------------------------------------------------------------
	 #1 (5.6344e-02, 2.3796e-05): lin 1 (0.0e+00)
	 #2 (2.8575e+02, 6.6410e-06): lin 1 (0.0e+00)
	 #3 (6.6774e-02, 6.6509e-06): lin 1 (0.0e+00)
	 #4 (1.1327e-02, 6.8029e-06): lin 1 (0.0e+00)
	 #5 (1.1341e-02, 6.8026e-06): lin 1 (0.0e+00)
	 #6 (1.1316e-02, 6.8029e-06): lin 1 (0.0e+00)
	 #7 (1.1332e-02, 6.8026e-06): lin 1 (0.0e+00)
	 #8 (1.1320e-02, 6.8029e-06): lin 1 (0.0e+00)
	 #9 (1.1309e-02, 6.8027e-06): lin 1 (0.0e+00)
FAILED TO CONVERGE WITH DT = 48.545 (newton residual reservoir) 
	 #1 (2.8172e-02, 1.1898e-05): lin 1 (0.0e+00)
	 #2 (5.6498e+01, 2.3323e-06): lin 1 (0.0e+00)
-------------------------------------------------------------------------------------------------------------
 T = 6432.2, DT = 24.2724, NI = 2, LI = 2, RES = 6.9e-03 (6.7e-06), CFL=0.000 (ELAPSED 00:47:48 )
-------------------------------------------------------------------------------------------------------------
	 #1 (5.6502e-02, 2.9383e-05): lin 1 (0.0e+00)
	 #2 (1.7439e+02, 5.4791e-06): lin 1 (0.0e+00)
	 #3 (2.2631e-02, 7.6270e-06): lin 1 (0.0e+00)
	 #4 (1.1035e-02, 1.2729e-05): lin 1 (0.0e+00)
	 #5 (1.1056e-02, 1.2729e-05): lin 1 (0.0e+00)
	 #6 (1.1048e-02, 1.2729e-05): lin 1 (0.0e+00)
	 #7 (1.1054e-02, 1.2730e-05): lin 1 (0.0e+00)
FAILED TO CONVERGE WITH DT = 48.545 (newton residual reservoir) 
	 #1 (2.8251e-02, 1.4692e-05): lin 1 (0.0e+00)
	 #2 (3.5056e+01, 3.3165e-06): lin 1 (0.0e+00)
-------------------------------------------------------------------------------------------------------------
 T = 6456.47, DT = 24.2724, NI = 2, LI = 2, RES = 5.9e-03 (6.0e-06), CFL=0.000 (ELAPSED 00:47:57 )
-------------------------------------------------------------------------------------------------------------
	 #1 (5.5974e-02, 2.8627e-05): lin 1 (0.0e+00)
	 #2 (2.8506e+02, 4.3772e-06): lin 1 (0.0e+00)
	 #3 (5.9377e-02, 8.4804e-06): lin 1 (0.0e+00)
	 #4 (1.1227e-02, 1.1879e-05): lin 1 (0.0e+00)
	 #5 (1.1233e-02, 1.1879e-05): lin 1 (0.0e+00)
	 #6 (1.1228e-02, 1.1880e-05): lin 1 (0.0e+00)
	 #7 (1.1217e-02, 1.1880e-05): lin 1 (0.0e+00)
FAILED TO CONVERGE WITH DT = 48.545 (newton residual reservoir) 
	 #1 (2.7987e-02, 1.4314e-05): lin 1 (0.0e+00)
	 #2 (3.2415e+01, 1.6411e-06): lin 1 (0.0e+00)
-------------------------------------------------------------------------------------------------------------
 T = 6480.74, DT = 24.2724, NI = 2, LI = 2, RES = 6.8e-03 (5.7e-06), CFL=0.000 (ELAPSED 00:48:06 )
-------------------------------------------------------------------------------------------------------------
	 #1 (5.6271e-02, 2.8332e-05): lin 1 (0.0e+00)
	 #2 (4.1493e+02, 3.5055e-06): lin 1 (0.0e+00)
	 #3 (1.6046e-01, 2.5083e-06): lin 1 (0.0e+00)
	 #4 (1.1926e-02, 9.4518e-06): lin 1 (0.0e+00)
	 #5 (1.1915e-02, 9.4521e-06): lin 1 (0.0e+00)
	 #6 (1.1926e-02, 9.4520e-06): lin 1 (0.0e+00)
	 #7 (1.1902e-02, 9.4520e-06): lin 1 (0.0e+00)
	 #8 (1.1902e-02, 9.4522e-06): lin 1 (0.0e+00)
FAILED TO CONVERGE WITH DT = 48.545 (newton residual reservoir) 
	 #1 (2.8136e-02, 1.4167e-05): lin 1 (0.0e+00)
	 #2 (8.3121e+01, 4.3524e-06): lin 1 (0.0e+00)
	 #3 (1.6462e-02, 5.0414e-06): lin 1 (0.0e+00)
-------------------------------------------------------------------------------------------------------------
 T = 6505.01, DT = 24.2724, NI = 3, LI = 3, RES = 5.6e-03 (5.0e-06), CFL=0.000 (ELAPSED 00:48:17 )
-------------------------------------------------------------------------------------------------------------
	 #1 (5.5660e-02, 2.2762e-05): lin 1 (0.0e+00)
	 #2 (3.0015e+02, 2.9992e-06): lin 1 (0.0e+00)
	 #3 (1.2966e-01, 2.4775e-06): lin 1 (0.0e+00)
	 #4 (1.0873e-02, 4.0893e-07): lin 1 (0.0e+00)
	 #5 (1.0860e-02, 4.0892e-07): lin 1 (0.0e+00)
	 #6 (1.0868e-02, 4.0890e-07): lin 1 (0.0e+00)
	 #7 (1.0876e-02, 4.0913e-07): lin 1 (0.0e+00)
	 #8 (1.0860e-02, 4.0882e-07): lin 1 (0.0e+00)
	 #9 (1.0881e-02, 4.0890e-07): lin 1 (0.0e+00)
	 #10 (1.0887e-02, 4.0893e-07): lin 1 (0.0e+00)
FAILED TO CONVERGE WITH DT = 48.545 (newton residual reservoir) 
	 #1 (2.7830e-02, 1.1381e-05): lin 1 (0.0e+00)
	 #2 (3.7515e+01, 3.7157e-07): lin 1 (0.0e+00)
	 #3 (1.2196e-02, 5.4682e-06): lin 1 (0.0e+00)
-------------------------------------------------------------------------------------------------------------
 T = 6529.29, DT = 24.2724, NI = 3, LI = 3, RES = 5.7e-03 (5.5e-06), CFL=0.000 (ELAPSED 00:48:30 )
-------------------------------------------------------------------------------------------------------------
	 #1 (5.5622e-02, 2.3665e-05): lin 1 (0.0e+00)
	 #2 (3.7037e+02, 8.7009e-06): lin 1 (0.0e+00)
	 #3 (9.7509e-02, 1.2939e-06): lin 1 (0.0e+00)
	 #4 (1.2073e-02, 1.2938e-06): lin 1 (0.0e+00)
	 #5 (1.2096e-02, 1.2939e-06): lin 1 (0.0e+00)
	 #6 (1.2014e-02, 1.2939e-06): lin 1 (0.0e+00)
	 #7 (1.2003e-02, 1.2939e-06): lin 1 (0.0e+00)
	 #8 (1.2037e-02, 1.2939e-06): lin 1 (0.0e+00)
	 #9 (1.2014e-02, 1.2939e-06): lin 1 (0.0e+00)
	 #10 (1.2019e-02, 1.2939e-06): lin 1 (0.0e+00)
	 #11 (1.2083e-02, 1.2939e-06): lin 1 (0.0e+00)
FAILED TO CONVERGE WITH DT = 48.545 (newton residual reservoir) 
	 #1 (2.7811e-02, 1.1832e-05): lin 1 (0.0e+00)
	 #2 (7.0006e+01, 5.3611e-06): lin 1 (0.0e+00)
-------------------------------------------------------------------------------------------------------------
 T = 6553.56, DT = 24.2724, NI = 2, LI = 2, RES = 9.7e-03 (1.0e-06), CFL=0.000 (ELAPSED 00:48:43 )
-------------------------------------------------------------------------------------------------------------
	 #1 (5.7700e-02, 1.9919e-05): lin 1 (0.0e+00)
	 #2 (3.2747e+02, 2.5027e-06): lin 1 (0.0e+00)
	 #3 (6.7750e-02, 2.7783e-06): lin 1 (0.0e+00)
	 #4 (1.1124e-02, 1.9981e-06): lin 1 (0.0e+00)
	 #5 (1.1124e-02, 1.9981e-06): lin 1 (0.0e+00)
	 #6 (1.1098e-02, 1.9981e-06): lin 1 (0.0e+00)
	 #7 (1.1101e-02, 1.9982e-06): lin 1 (0.0e+00)
	 #8 (1.1124e-02, 1.9981e-06): lin 1 (0.0e+00)
	 #9 (1.1101e-02, 1.9981e-06): lin 1 (0.0e+00)
FAILED TO CONVERGE WITH DT = 48.545 (newton residual reservoir) 
	 #1 (2.8850e-02, 9.9594e-06): lin 1 (0.0e+00)
	 #2 (5.8125e+01, 5.7279e-06): lin 1 (0.0e+00)
-------------------------------------------------------------------------------------------------------------
 T = 6577.83, DT = 24.2724, NI = 2, LI = 2, RES = 7.1e-03 (3.8e-06), CFL=0.000 (ELAPSED 00:48:54 )
-------------------------------------------------------------------------------------------------------------
	 #1 (5.6099e-02, 2.6241e-05): lin 1 (0.0e+00)
	 #2 (2.5978e+02, 2.8761e-06): lin 1 (0.0e+00)
	 #3 (5.0515e-02, 7.4535e-06): lin 1 (0.0e+00)
	 #4 (1.0850e-02, 3.4024e-06): lin 1 (0.0e+00)
	 #5 (1.0819e-02, 3.0864e-06): lin 1 (0.0e+00)
	 #6 (1.0858e-02, 3.4024e-06): lin 1 (0.0e+00)
	 #7 (1.0820e-02, 3.4024e-06): lin 1 (0.0e+00)
	 #8 (1.0851e-02, 3.4024e-06): lin 1 (0.0e+00)
	 #9 (1.0820e-02, 3.0866e-06): lin 1 (0.0e+00)
FAILED TO CONVERGE WITH DT = 48.545 (newton residual reservoir) 
	 #1 (2.8049e-02, 1.3120e-05): lin 1 (0.0e+00)
	 #2 (5.0298e+01, 4.1488e-06): lin 1 (0.0e+00)
-------------------------------------------------------------------------------------------------------------
 T = 6602.1, DT = 24.2724, NI = 2, LI = 2, RES = 6.1e-03 (3.4e-06), CFL=0.000 (ELAPSED 00:49:05 )
-------------------------------------------------------------------------------------------------------------
	 #1 (5.5515e-02, 2.5875e-05): lin 1 (0.0e+00)
	 #2 (2.7006e+02, 2.5499e-06): lin 1 (0.0e+00)
	 #3 (4.8859e-02, 3.6721e-06): lin 1 (0.0e+00)
	 #4 (1.1322e-02, 6.6858e-06): lin 1 (0.0e+00)
	 #5 (1.1305e-02, 6.6857e-06): lin 1 (0.0e+00)
	 #6 (1.1305e-02, 6.6856e-06): lin 1 (0.0e+00)
	 #7 (1.1322e-02, 6.6860e-06): lin 1 (0.0e+00)
FAILED TO CONVERGE WITH DT = 48.545 (newton residual reservoir) 
	 #1 (2.7757e-02, 1.2938e-05): lin 1 (0.0e+00)
	 #2 (4.0620e+01, 1.7255e-06): lin 1 (0.0e+00)
-------------------------------------------------------------------------------------------------------------
 T = 6626.38, DT = 24.2724, NI = 2, LI = 2, RES = 6.7e-03 (3.0e-06), CFL=0.000 (ELAPSED 00:49:14 )
-------------------------------------------------------------------------------------------------------------
	 #1 (5.5724e-02, 2.5374e-05): lin 1 (0.0e+00)
	 #2 (2.8616e+02, 1.1702e-05): lin 1 (0.0e+00)
	 #3 (5.4864e-02, 6.0684e-06): lin 1 (0.0e+00)
	 #4 (1.1009e-02, 4.4851e-06): lin 1 (0.0e+00)
	 #5 (1.1029e-02, 4.4850e-06): lin 1 (0.0e+00)
	 #6 (1.1009e-02, 4.4850e-06): lin 1 (0.0e+00)
	 #7 (1.1032e-02, 4.4850e-06): lin 1 (0.0e+00)
	 #8 (1.1032e-02, 4.4850e-06): lin 1 (0.0e+00)
	 #9 (1.0997e-02, 4.4850e-06): lin 1 (0.0e+00)
FAILED TO CONVERGE WITH DT = 48.545 (newton residual reservoir) 
	 #1 (2.7862e-02, 1.2687e-05): lin 1 (0.0e+00)
	 #2 (5.0312e+01, 1.6886e-06): lin 1 (0.0e+00)
-------------------------------------------------------------------------------------------------------------
 T = 6650.65, DT = 24.2724, NI = 2, LI = 2, RES = 6.9e-03 (2.7e-06), CFL=0.000 (ELAPSED 00:49:26 )
-------------------------------------------------------------------------------------------------------------
	 #1 (5.5717e-02, 2.5106e-05): lin 1 (0.0e+00)
	 #2 (3.6506e+02, 7.7917e-06): lin 1 (0.0e+00)
	 #3 (1.3120e-01, 5.4032e-06): lin 1 (0.0e+00)
	 #4 (1.0974e-02, 5.0352e-06): lin 1 (0.0e+00)
	 #5 (1.0950e-02, 5.0353e-06): lin 1 (0.0e+00)
	 #6 (1.0997e-02, 5.0353e-06): lin 1 (0.0e+00)
	 #7 (1.1034e-02, 5.0352e-06): lin 1 (0.0e+00)
	 #8 (1.1014e-02, 5.0353e-06): lin 1 (0.0e+00)
	 #9 (1.0988e-02, 5.0352e-06): lin 1 (0.0e+00)
	 #10 (1.1051e-02, 5.0352e-06): lin 1 (0.0e+00)
	 #11 (1.0969e-02, 5.0352e-06): lin 1 (0.0e+00)
	 #12 (1.0997e-02, 5.0353e-06): lin 1 (0.0e+00)
	 #13 (1.1030e-02, 5.0352e-06): lin 1 (0.0e+00)
	 #14 (1.1014e-02, 5.0353e-06): lin 1 (0.0e+00)
FAILED TO CONVERGE WITH DT = 48.545 (newton residual reservoir) 
	 #1 (2.7858e-02, 1.2553e-05): lin 1 (0.0e+00)
	 #2 (7.2710e+01, 2.9573e-06): lin 1 (0.0e+00)
	 #3 (1.2461e-02, 2.2253e-06): lin 1 (0.0e+00)
-------------------------------------------------------------------------------------------------------------
 T = 6674.92, DT = 24.2724, NI = 3, LI = 3, RES = 5.6e-03 (2.2e-06), CFL=0.000 (ELAPSED 00:49:42 )
-------------------------------------------------------------------------------------------------------------
	 #1 (5.5093e-02, 2.4566e-05): lin 1 (0.0e+00)
	 #2 (2.7194e+02, 3.2481e-06): lin 1 (0.0e+00)
	 #3 (5.1192e-02, 6.3793e-06): lin 1 (0.0e+00)
	 #4 (1.0943e-02, 4.0311e-06): lin 1 (0.0e+00)
	 #5 (1.0942e-02, 4.0312e-06): lin 1 (0.0e+00)
	 #6 (1.0938e-02, 4.0309e-06): lin 1 (0.0e+00)
FAILED TO CONVERGE WITH DT = 48.545 (newton residual reservoir) 
	 #1 (2.7547e-02, 1.2283e-05): lin 1 (0.0e+00)
	 #2 (3.8138e+01, 2.6171e-06): lin 1 (0.0e+00)
-------------------------------------------------------------------------------------------------------------
 T = 6699.19, DT = 24.2724, NI = 2, LI = 2, RES = 6.5e-03 (1.9e-06), CFL=0.000 (ELAPSED 00:49:50 )
-------------------------------------------------------------------------------------------------------------
	 #1 (5.5396e-02, 2.4186e-05): lin 1 (0.0e+00)
	 #2 (2.0324e+02, 5.6129e-06): lin 1 (0.0e+00)
	 #3 (6.4313e-02, 7.6181e-06): lin 1 (0.0e+00)
	 #4 (1.1124e-02, 7.7155e-06): lin 1 (0.0e+00)
	 #5 (1.1124e-02, 7.7154e-06): lin 1 (0.0e+00)
	 #6 (1.1124e-02, 7.7154e-06): lin 1 (0.0e+00)
	 #7 (1.1164e-02, 7.7155e-06): lin 1 (0.0e+00)
FAILED TO CONVERGE WITH DT = 48.545 (newton residual reservoir) 
	 #1 (2.7698e-02, 1.2094e-05): lin 1 (0.0e+00)
	 #2 (3.5307e+01, 1.8862e-06): lin 1 (0.0e+00)
-------------------------------------------------------------------------------------------------------------
 T = 6723.47, DT = 24.2724, NI = 2, LI = 2, RES = 7.8e-03 (1.1e-06), CFL=0.000 (ELAPSED 00:50:00 )
-------------------------------------------------------------------------------------------------------------
	 #1 (5.5970e-02, 2.3337e-05): lin 1 (0.0e+00)
	 #2 (3.9091e+02, 5.6726e-06): lin 1 (0.0e+00)
	 #3 (1.0001e-01, 8.8199e-06): lin 1 (0.0e+00)
	 #4 (1.1577e-02, 8.9038e-06): lin 1 (0.0e+00)
	 #5 (1.1562e-02, 8.9038e-06): lin 1 (0.0e+00)
	 #6 (1.1554e-02, 8.9038e-06): lin 1 (0.0e+00)
	 #7 (1.1552e-02, 8.9038e-06): lin 1 (0.0e+00)
	 #8 (1.1542e-02, 8.9039e-06): lin 1 (0.0e+00)
FAILED TO CONVERGE WITH DT = 48.545 (newton residual reservoir) 
	 #1 (2.7985e-02, 1.1668e-05): lin 1 (0.0e+00)
	 #2 (6.0531e+01, 1.6930e-06): lin 1 (0.0e+00)
-------------------------------------------------------------------------------------------------------------
 T = 6747.74, DT = 24.2724, NI = 2, LI = 2, RES = 9.5e-03 (1.5e-06), CFL=0.000 (ELAPSED 00:50:10 )
-------------------------------------------------------------------------------------------------------------
	 #1 (5.6880e-02, 2.2811e-05): lin 1 (0.0e+00)
	 #2 (1.6668e+02, 3.3057e-06): lin 1 (0.0e+00)
	 #3 (2.0228e-02, 1.0053e-05): lin 1 (0.0e+00)
	 #4 (1.1720e-02, 9.9507e-06): lin 1 (0.0e+00)
	 #5 (1.1720e-02, 9.9509e-06): lin 1 (0.0e+00)
	 #6 (1.1707e-02, 9.9508e-06): lin 1 (0.0e+00)
	 #7 (1.1720e-02, 9.9508e-06): lin 1 (0.0e+00)
FAILED TO CONVERGE WITH DT = 48.545 (newton residual reservoir) 
	 #1 (2.8440e-02, 1.1406e-05): lin 1 (0.0e+00)
	 #2 (1.7105e+01, 5.7200e-06): lin 1 (0.0e+00)
-------------------------------------------------------------------------------------------------------------
 T = 6772.01, DT = 24.2724, NI = 2, LI = 2, RES = 5.7e-03 (1.5e-07), CFL=0.000 (ELAPSED 00:50:19 )
-------------------------------------------------------------------------------------------------------------
	 #1 (5.4741e-02, 2.1998e-05): lin 1 (0.0e+00)
	 #2 (2.0369e+02, 1.2082e-05): lin 1 (0.0e+00)
	 #3 (2.1704e-02, 7.6599e-07): lin 1 (0.0e+00)
	 #4 (1.1305e-02, 7.6600e-07): lin 1 (0.0e+00)
	 #5 (1.1313e-02, 7.6601e-07): lin 1 (0.0e+00)
	 #6 (1.1314e-02, 7.6599e-07): lin 1 (0.0e+00)
FAILED TO CONVERGE WITH DT = 48.545 (newton residual reservoir) 
	 #1 (2.7370e-02, 1.0999e-05): lin 1 (0.0e+00)
	 #2 (3.6698e+01, 1.1923e-07): lin 1 (0.0e+00)
-------------------------------------------------------------------------------------------------------------
 T = 6796.28, DT = 24.2724, NI = 2, LI = 2, RES = 5.6e-03 (4.4e-06), CFL=0.000 (ELAPSED 00:50:27 )
-------------------------------------------------------------------------------------------------------------
	 #1 (5.4617e-02, 2.7886e-05): lin 1 (0.0e+00)
	 #2 (1.5077e+02, 9.0543e-06): lin 1 (0.0e+00)
	 #3 (1.8667e-02, 1.7931e-06): lin 1 (0.0e+00)
	 #4 (1.1461e-02, 1.7933e-06): lin 1 (0.0e+00)
	 #5 (1.1508e-02, 1.7932e-06): lin 1 (0.0e+00)
	 #6 (1.1473e-02, 1.7931e-06): lin 1 (0.0e+00)
	 #7 (1.1482e-02, 1.7932e-06): lin 1 (0.0e+00)
	 #8 (1.1498e-02, 1.7931e-06): lin 1 (0.0e+00)
	 #9 (1.1473e-02, 1.7932e-06): lin 1 (0.0e+00)
FAILED TO CONVERGE WITH DT = 48.545 (newton residual reservoir) 
	 #1 (2.7309e-02, 1.3943e-05): lin 1 (0.0e+00)
	 #2 (1.5863e+01, 4.8040e-06): lin 1 (0.0e+00)
-------------------------------------------------------------------------------------------------------------
 T = 6820.55, DT = 24.2724, NI = 2, LI = 2, RES = 5.7e-03 (1.0e-06), CFL=0.000 (ELAPSED 00:50:39 )
-------------------------------------------------------------------------------------------------------------
	 #1 (5.4567e-02, 2.0976e-05): lin 1 (0.0e+00)
	 #2 (2.5397e+02, 1.0093e-05): lin 1 (0.0e+00)
	 #3 (8.1885e-02, 7.2448e-06): lin 1 (0.0e+00)
	 #4 (1.1776e-02, 3.0050e-06): lin 1 (0.0e+00)
	 #5 (1.1783e-02, 3.0048e-06): lin 1 (0.0e+00)
	 #6 (1.1772e-02, 3.0048e-06): lin 1 (0.0e+00)
	 #7 (1.1755e-02, 3.0048e-06): lin 1 (0.0e+00)
	 #8 (1.1769e-02, 3.0049e-06): lin 1 (0.0e+00)
FAILED TO CONVERGE WITH DT = 48.545 (newton residual reservoir) 
	 #1 (2.7284e-02, 1.0488e-05): lin 1 (0.0e+00)
	 #2 (3.7276e+01, 4.2368e-06): lin 1 (0.0e+00)
	 #3 (2.3869e-02, 3.4749e-06): lin 1 (0.0e+00)
-------------------------------------------------------------------------------------------------------------
 T = 6844.83, DT = 24.2724, NI = 3, LI = 3, RES = 5.6e-03 (1.8e-06), CFL=0.000 (ELAPSED 00:50:50 )
-------------------------------------------------------------------------------------------------------------
	 #1 (5.4489e-02, 2.0407e-05): lin 1 (0.0e+00)
	 #2 (3.4069e+02, 1.1421e-05): lin 1 (0.0e+00)
	 #3 (5.8205e-02, 6.0976e-06): lin 1 (0.0e+00)
	 #4 (1.1356e-02, 4.2274e-06): lin 1 (0.0e+00)
	 #5 (1.1343e-02, 4.2274e-06): lin 1 (0.0e+00)
	 #6 (1.1341e-02, 4.2274e-06): lin 1 (0.0e+00)
	 #7 (1.1360e-02, 4.2273e-06): lin 1 (0.0e+00)
	 #8 (1.1327e-02, 4.2274e-06): lin 1 (0.0e+00)
	 #9 (1.1341e-02, 4.2273e-06): lin 1 (0.0e+00)
FAILED TO CONVERGE WITH DT = 48.545 (newton residual reservoir) 
	 #1 (2.7244e-02, 1.0204e-05): lin 1 (0.0e+00)
	 #2 (4.8430e+01, 3.5779e-06): lin 1 (0.0e+00)
-------------------------------------------------------------------------------------------------------------
 T = 6869.1, DT = 24.2724, NI = 2, LI = 2, RES = 6.2e-03 (2.2e-06), CFL=0.000 (ELAPSED 00:51:01 )
-------------------------------------------------------------------------------------------------------------
	 #1 (5.4628e-02, 1.9627e-05): lin 1 (0.0e+00)
	 #2 (9.5060e+01, 8.1706e-06): lin 1 (0.0e+00)
	 #3 (1.1821e-02, 5.3105e-06): lin 1 (0.0e+00)
	 #4 (1.0895e-02, 5.2574e-06): lin 1 (0.0e+00)
	 #5 (1.0903e-02, 5.2576e-06): lin 1 (0.0e+00)
	 #6 (1.0936e-02, 5.2575e-06): lin 1 (0.0e+00)
	 #7 (1.0859e-02, 5.2575e-06): lin 1 (0.0e+00)
	 #8 (1.0936e-02, 5.2575e-06): lin 1 (0.0e+00)
	 #9 (1.0880e-02, 5.2575e-06): lin 1 (0.0e+00)
	 #10 (1.0865e-02, 5.2575e-06): lin 1 (0.0e+00)
	 #11 (1.0901e-02, 5.2575e-06): lin 1 (0.0e+00)
	 #12 (1.0936e-02, 5.2575e-06): lin 1 (0.0e+00)
	 #13 (1.0848e-02, 5.2575e-06): lin 1 (0.0e+00)
FAILED TO CONVERGE WITH DT = 48.545 (newton residual reservoir) 
	 #1 (2.7314e-02, 9.8133e-06): lin 1 (0.0e+00)
	 #2 (2.2902e+01, 2.0559e-06): lin 1 (0.0e+00)
-------------------------------------------------------------------------------------------------------------
 T = 6893.37, DT = 24.2724, NI = 2, LI = 2, RES = 5.5e-03 (2.7e-06), CFL=0.000 (ELAPSED 00:51:16 )
-------------------------------------------------------------------------------------------------------------
	 #1 (5.4260e-02, 1.9119e-05): lin 1 (0.0e+00)
	 #2 (1.1088e+02, 1.3411e-05): lin 1 (0.0e+00)
	 #3 (1.4442e-02, 4.2455e-06): lin 1 (0.0e+00)
	 #4 (1.1015e-02, 4.1786e-06): lin 1 (0.0e+00)
	 #5 (1.1037e-02, 4.1786e-06): lin 1 (0.0e+00)
	 #6 (1.1028e-02, 4.1785e-06): lin 1 (0.0e+00)
	 #7 (1.1014e-02, 4.1786e-06): lin 1 (0.0e+00)
	 #8 (1.1037e-02, 4.1786e-06): lin 1 (0.0e+00)
FAILED TO CONVERGE WITH DT = 48.545 (newton residual reservoir) 
	 #1 (2.7130e-02, 9.5595e-06): lin 1 (0.0e+00)
	 #2 (1.5416e+00, 2.5270e-06): lin 1 (0.0e+00)
-------------------------------------------------------------------------------------------------------------
 T = 6917.64, DT = 24.2724, NI = 2, LI = 2, RES = 5.7e-03 (2.0e-06), CFL=0.000 (ELAPSED 00:51:26 )
-------------------------------------------------------------------------------------------------------------
	 #1 (5.4247e-02, 2.5232e-05): lin 1 (0.0e+00)
	 #2 (3.6156e+02, 4.4575e-06): lin 1 (0.0e+00)
	 #3 (7.4758e-02, 7.5188e-06): lin 1 (0.0e+00)
	 #4 (1.1927e-02, 7.5189e-06): lin 1 (0.0e+00)
	 #5 (1.1875e-02, 7.5189e-06): lin 1 (0.0e+00)
	 #6 (1.1915e-02, 7.5190e-06): lin 1 (0.0e+00)
	 #7 (1.1915e-02, 7.5190e-06): lin 1 (0.0e+00)
	 #8 (1.1896e-02, 7.5190e-06): lin 1 (0.0e+00)
FAILED TO CONVERGE WITH DT = 48.545 (newton residual reservoir) 
	 #1 (2.7124e-02, 1.2617e-05): lin 1 (0.0e+00)
	 #2 (5.6223e+01, 3.0928e-06): lin 1 (0.0e+00)
-------------------------------------------------------------------------------------------------------------
 T = 6941.92, DT = 24.2724, NI = 2, LI = 2, RES = 6.9e-03 (3.9e-06), CFL=0.000 (ELAPSED 00:51:36 )
-------------------------------------------------------------------------------------------------------------
	 #1 (5.4740e-02, 2.1477e-05): lin 1 (0.0e+00)
	 #2 (1.4082e+02, 4.6960e-06): lin 1 (0.0e+00)
	 #3 (1.5836e-02, 1.1736e-05): lin 1 (0.0e+00)
	 #4 (1.1274e-02, 1.1736e-05): lin 1 (0.0e+00)
	 #5 (1.1276e-02, 1.1736e-05): lin 1 (0.0e+00)
	 #6 (1.1274e-02, 1.1736e-05): lin 1 (0.0e+00)
FAILED TO CONVERGE WITH DT = 48.545 (newton residual reservoir) 
	 #1 (2.7370e-02, 1.0738e-05): lin 1 (0.0e+00)
	 #2 (3.1408e+01, 1.4653e-06): lin 1 (0.0e+00)
-------------------------------------------------------------------------------------------------------------
 T = 6966.19, DT = 24.2724, NI = 2, LI = 2, RES = 5.6e-03 (5.7e-06), CFL=0.000 (ELAPSED 00:51:44 )
-------------------------------------------------------------------------------------------------------------
	 #1 (5.4038e-02, 3.0294e-05): lin 1 (0.0e+00)
	 #2 (1.3830e+02, 3.2104e-06): lin 1 (0.0e+00)
	 #3 (1.4600e-02, 2.8831e-06): lin 1 (0.0e+00)
	 #4 (1.1200e-02, 2.4569e-06): lin 1 (0.0e+00)
	 #5 (1.1178e-02, 2.4569e-06): lin 1 (0.0e+00)
	 #6 (1.1171e-02, 2.4570e-06): lin 1 (0.0e+00)
	 #7 (1.1180e-02, 2.4571e-06): lin 1 (0.0e+00)
FAILED TO CONVERGE WITH DT = 48.545 (newton residual reservoir) 
	 #1 (2.7019e-02, 1.5147e-05): lin 1 (0.0e+00)
	 #2 (2.6708e+01, 5.7942e-06): lin 1 (0.0e+00)
-------------------------------------------------------------------------------------------------------------
 T = 6990.46, DT = 24.2724, NI = 2, LI = 2, RES = 5.5e-03 (5.1e-06), CFL=0.000 (ELAPSED 00:51:53 )
-------------------------------------------------------------------------------------------------------------
	 #1 (5.3930e-02, 2.9520e-05): lin 1 (0.0e+00)
	 #2 (1.7506e+02, 2.7293e-06): lin 1 (0.0e+00)
	 #3 (3.0536e-02, 3.0262e-06): lin 1 (0.0e+00)
	 #4 (1.1383e-02, 3.0262e-06): lin 1 (0.0e+00)
	 #5 (1.1350e-02, 3.0261e-06): lin 1 (0.0e+00)
	 #6 (1.1355e-02, 3.0261e-06): lin 1 (0.0e+00)
	 #7 (1.1372e-02, 3.0262e-06): lin 1 (0.0e+00)
	 #8 (1.1373e-02, 3.0262e-06): lin 1 (0.0e+00)
	 #9 (1.1370e-02, 3.0261e-06): lin 1 (0.0e+00)
FAILED TO CONVERGE WITH DT = 48.545 (newton residual reservoir) 
	 #1 (2.6965e-02, 1.4760e-05): lin 1 (0.0e+00)
	 #2 (2.5871e+01, 1.2408e-07): lin 1 (0.0e+00)
-------------------------------------------------------------------------------------------------------------
 T = 7014.73, DT = 24.2724, NI = 2, LI = 2, RES = 5.8e-03 (4.3e-06), CFL=0.000 (ELAPSED 00:52:05 )
-------------------------------------------------------------------------------------------------------------
	 #1 (5.3986e-02, 2.8642e-05): lin 1 (0.0e+00)
	 #2 (3.4418e+02, 1.0113e-05): lin 1 (0.0e+00)
	 #3 (6.3907e-02, 7.7170e-06): lin 1 (0.0e+00)
	 #4 (1.1086e-02, 7.7175e-06): lin 1 (0.0e+00)
	 #5 (1.1093e-02, 7.7173e-06): lin 1 (0.0e+00)
	 #6 (1.1065e-02, 7.7173e-06): lin 1 (0.0e+00)
	 #7 (1.1086e-02, 7.7173e-06): lin 1 (0.0e+00)
FAILED TO CONVERGE WITH DT = 48.545 (newton residual reservoir) 
	 #1 (2.6993e-02, 1.4321e-05): lin 1 (0.0e+00)
	 #2 (5.5700e+01, 5.9318e-06): lin 1 (0.0e+00)
-------------------------------------------------------------------------------------------------------------
 T = 7039.01, DT = 24.2724, NI = 2, LI = 2, RES = 6.3e-03 (1.5e-06), CFL=0.000 (ELAPSED 00:52:14 )
-------------------------------------------------------------------------------------------------------------
	 #1 (5.4136e-02, 2.1321e-05): lin 1 (0.0e+00)
	 #2 (2.4430e+02, 5.8568e-07): lin 1 (0.0e+00)
	 #3 (3.6707e-02, 6.7776e-06): lin 1 (0.0e+00)
	 #4 (1.0704e-02, 6.7773e-06): lin 1 (0.0e+00)
	 #5 (1.0707e-02, 6.7775e-06): lin 1 (0.0e+00)
	 #6 (1.0698e-02, 6.7775e-06): lin 1 (0.0e+00)
	 #7 (1.0690e-02, 6.7775e-06): lin 1 (0.0e+00)
	 #8 (1.0708e-02, 6.7774e-06): lin 1 (0.0e+00)
	 #9 (1.0690e-02, 6.7775e-06): lin 1 (0.0e+00)
FAILED TO CONVERGE WITH DT = 48.545 (newton residual reservoir) 
	 #1 (2.7068e-02, 1.0660e-05): lin 1 (0.0e+00)
	 #2 (5.0258e+01, 1.1560e-06): lin 1 (0.0e+00)
-------------------------------------------------------------------------------------------------------------
 T = 7063.28, DT = 24.2724, NI = 2, LI = 2, RES = 5.9e-03 (3.2e-06), CFL=0.000 (ELAPSED 00:52:25 )
-------------------------------------------------------------------------------------------------------------
	 #1 (5.3845e-02, 2.7415e-05): lin 1 (0.0e+00)
	 #2 (1.8030e+02, 1.5902e-06): lin 1 (0.0e+00)
	 #3 (3.3242e-02, 4.5959e-06): lin 1 (0.0e+00)
	 #4 (1.1316e-02, 4.7549e-06): lin 1 (0.0e+00)
	 #5 (1.1304e-02, 4.7549e-06): lin 1 (0.0e+00)
	 #6 (1.1304e-02, 4.7549e-06): lin 1 (0.0e+00)
FAILED TO CONVERGE WITH DT = 48.545 (newton residual reservoir) 
	 #1 (2.6923e-02, 1.3708e-05): lin 1 (0.0e+00)
	 #2 (1.9285e+01, 1.6582e-06): lin 1 (0.0e+00)
-------------------------------------------------------------------------------------------------------------
 T = 7087.55, DT = 24.2724, NI = 2, LI = 2, RES = 5.4e-03 (2.7e-06), CFL=0.000 (ELAPSED 00:52:33 )
-------------------------------------------------------------------------------------------------------------
	 #1 (5.3575e-02, 2.6817e-05): lin 1 (0.0e+00)
	 #2 (3.4370e+02, 3.1816e-06): lin 1 (0.0e+00)
	 #3 (1.3811e-01, 4.2842e-06): lin 1 (0.0e+00)
	 #4 (1.1045e-02, 5.8577e-06): lin 1 (0.0e+00)
	 #5 (1.1034e-02, 5.8581e-06): lin 1 (0.0e+00)
	 #6 (1.1068e-02, 5.8577e-06): lin 1 (0.0e+00)
	 #7 (1.1059e-02, 5.8579e-06): lin 1 (0.0e+00)
	 #8 (1.1030e-02, 5.8579e-06): lin 1 (0.0e+00)
	 #9 (1.1069e-02, 5.8577e-06): lin 1 (0.0e+00)
	 #10 (1.1045e-02, 5.8579e-06): lin 1 (0.0e+00)
FAILED TO CONVERGE WITH DT = 48.545 (newton residual reservoir) 
	 #1 (2.6787e-02, 1.3409e-05): lin 1 (0.0e+00)
	 #2 (7.5292e+01, 2.5289e-06): lin 1 (0.0e+00)
	 #3 (1.6067e-02, 3.0746e-06): lin 1 (0.0e+00)
-------------------------------------------------------------------------------------------------------------
 T = 7111.82, DT = 24.2724, NI = 3, LI = 3, RES = 5.5e-03 (3.1e-06), CFL=0.000 (ELAPSED 00:52:47 )
-------------------------------------------------------------------------------------------------------------
	 #1 (5.3530e-02, 2.0360e-05): lin 1 (0.0e+00)
	 #2 (3.4513e+02, 5.9555e-06): lin 1 (0.0e+00)
	 #3 (7.3695e-02, 6.9216e-06): lin 1 (0.0e+00)
	 #4 (1.1053e-02, 3.5464e-06): lin 1 (0.0e+00)
	 #5 (1.1054e-02, 3.5463e-06): lin 1 (0.0e+00)
	 #6 (1.1061e-02, 3.5464e-06): lin 1 (0.0e+00)
FAILED TO CONVERGE WITH DT = 48.545 (newton residual reservoir) 
	 #1 (2.6765e-02, 1.0180e-05): lin 1 (0.0e+00)
	 #2 (5.5300e+01, 2.1228e-06): lin 1 (0.0e+00)
-------------------------------------------------------------------------------------------------------------
 T = 7136.1, DT = 24.2724, NI = 2, LI = 2, RES = 7.7e-03 (1.4e-06), CFL=0.000 (ELAPSED 00:52:55 )
-------------------------------------------------------------------------------------------------------------
	 #1 (5.4508e-02, 2.5403e-05): lin 1 (0.0e+00)
	 #2 (3.0182e+02, 5.0187e-06): lin 1 (0.0e+00)
	 #3 (9.6684e-02, 3.2907e-06): lin 1 (0.0e+00)
	 #4 (1.1188e-02, 7.6841e-06): lin 1 (0.0e+00)
	 #5 (1.1183e-02, 7.6839e-06): lin 1 (0.0e+00)
	 #6 (1.1188e-02, 7.6839e-06): lin 1 (0.0e+00)
FAILED TO CONVERGE WITH DT = 48.545 (newton residual reservoir) 
	 #1 (2.7254e-02, 1.2701e-05): lin 1 (0.0e+00)
	 #2 (6.0875e+01, 3.5395e-06): lin 1 (0.0e+00)
-------------------------------------------------------------------------------------------------------------
 T = 7160.37, DT = 24.2724, NI = 2, LI = 2, RES = 1.0e-02 (9.4e-07), CFL=0.000 (ELAPSED 00:53:03 )
-------------------------------------------------------------------------------------------------------------
	 #1 (5.5892e-02, 2.4875e-05): lin 1 (0.0e+00)
	 #2 (1.9924e+02, 4.0477e-06): lin 1 (0.0e+00)
	 #3 (6.6664e-02, 3.1359e-06): lin 1 (0.0e+00)
	 #4 (1.1627e-02, 3.1359e-06): lin 1 (0.0e+00)
	 #5 (1.1655e-02, 3.1360e-06): lin 1 (0.0e+00)
	 #6 (1.1650e-02, 3.1359e-06): lin 1 (0.0e+00)
	 #7 (1.1624e-02, 3.1359e-06): lin 1 (0.0e+00)
	 #8 (1.1655e-02, 3.1359e-06): lin 1 (0.0e+00)
	 #9 (1.1638e-02, 3.1359e-06): lin 1 (0.0e+00)
	 #10 (1.1620e-02, 3.1359e-06): lin 1 (0.0e+00)
FAILED TO CONVERGE WITH DT = 48.545 (newton residual reservoir) 
	 #1 (2.7946e-02, 1.2437e-05): lin 1 (0.0e+00)
	 #2 (3.3292e+01, 1.4463e-06): lin 1 (0.0e+00)
-------------------------------------------------------------------------------------------------------------
 T = 7184.64, DT = 24.2724, NI = 2, LI = 2, RES = 8.4e-03 (4.5e-06), CFL=0.000 (ELAPSED 00:53:15 )
-------------------------------------------------------------------------------------------------------------
	 #1 (5.4766e-02, 2.3232e-05): lin 1 (0.0e+00)
	 #2 (2.7214e+02, 4.1242e-06): lin 1 (0.0e+00)
	 #3 (8.5074e-02, 2.5282e-06): lin 1 (0.0e+00)
	 #4 (1.1153e-02, 2.9501e-06): lin 1 (0.0e+00)
	 #5 (1.1160e-02, 2.9500e-06): lin 1 (0.0e+00)
	 #6 (1.1152e-02, 2.9500e-06): lin 1 (0.0e+00)
	 #7 (1.1116e-02, 2.9500e-06): lin 1 (0.0e+00)
FAILED TO CONVERGE WITH DT = 48.545 (newton residual reservoir) 
	 #1 (2.7383e-02, 1.1616e-05): lin 1 (0.0e+00)
	 #2 (4.4225e+01, 1.6081e-06): lin 1 (0.0e+00)
-------------------------------------------------------------------------------------------------------------
 T = 7208.91, DT = 24.2724, NI = 2, LI = 2, RES = 9.8e-03 (4.7e-06), CFL=0.000 (ELAPSED 00:53:24 )
-------------------------------------------------------------------------------------------------------------
	 #1 (5.5584e-02, 2.3843e-05): lin 1 (0.0e+00)
	 #2 (1.6725e+02, 2.7823e-06): lin 1 (0.0e+00)
	 #3 (1.7623e-02, 1.0506e-05): lin 1 (0.0e+00)
	 #4 (1.0818e-02, 9.9450e-06): lin 1 (0.0e+00)
	 #5 (1.0819e-02, 9.9452e-06): lin 1 (0.0e+00)
	 #6 (1.0825e-02, 9.9450e-06): lin 1 (0.0e+00)
FAILED TO CONVERGE WITH DT = 48.545 (newton residual reservoir) 
	 #1 (2.7792e-02, 1.1922e-05): lin 1 (0.0e+00)
	 #2 (3.0407e+01, 5.6570e-06): lin 1 (0.0e+00)
-------------------------------------------------------------------------------------------------------------
 T = 7233.19, DT = 24.2724, NI = 2, LI = 2, RES = 5.6e-03 (2.8e-07), CFL=0.000 (ELAPSED 00:53:32 )
-------------------------------------------------------------------------------------------------------------
	 #1 (5.3179e-02, 2.3612e-05): lin 1 (0.0e+00)
	 #2 (2.8413e+02, 2.6029e-06): lin 1 (0.0e+00)
	 #3 (3.4442e-02, 1.2905e-06): lin 1 (0.0e+00)
	 #4 (1.0709e-02, 8.8526e-06): lin 1 (0.0e+00)
	 #5 (1.0705e-02, 8.8529e-06): lin 1 (0.0e+00)
	 #6 (1.0717e-02, 8.8527e-06): lin 1 (0.0e+00)
	 #7 (1.0717e-02, 8.8530e-06): lin 1 (0.0e+00)
FAILED TO CONVERGE WITH DT = 48.545 (newton residual reservoir) 
	 #1 (2.6590e-02, 1.1806e-05): lin 1 (0.0e+00)
	 #2 (3.8320e+01, 1.2303e-06): lin 1 (0.0e+00)
-------------------------------------------------------------------------------------------------------------
 T = 7257.46, DT = 24.2724, NI = 2, LI = 2, RES = 5.8e-03 (4.3e-06), CFL=0.000 (ELAPSED 00:53:42 )
-------------------------------------------------------------------------------------------------------------
	 #1 (5.3182e-02, 2.9602e-05): lin 1 (0.0e+00)
	 #2 (1.8436e+02, 2.2975e-07): lin 1 (0.0e+00)
	 #3 (3.5925e-02, 3.2191e-06): lin 1 (0.0e+00)
	 #4 (1.1098e-02, 7.9122e-06): lin 1 (0.0e+00)
	 #5 (1.1042e-02, 7.9123e-06): lin 1 (0.0e+00)
	 #6 (1.1037e-02, 7.9123e-06): lin 1 (0.0e+00)
	 #7 (1.1138e-02, 7.9123e-06): lin 1 (0.0e+00)
	 #8 (1.1061e-02, 7.9123e-06): lin 1 (0.0e+00)
	 #9 (1.1042e-02, 7.9123e-06): lin 1 (0.0e+00)
	 #10 (1.1129e-02, 7.9123e-06): lin 1 (0.0e+00)
FAILED TO CONVERGE WITH DT = 48.545 (newton residual reservoir) 
	 #1 (2.6591e-02, 1.4801e-05): lin 1 (0.0e+00)
	 #2 (3.2283e+01, 4.3347e-06): lin 1 (0.0e+00)
-------------------------------------------------------------------------------------------------------------
 T = 7281.73, DT = 24.2724, NI = 2, LI = 2, RES = 6.0e-03 (3.8e-06), CFL=0.000 (ELAPSED 00:53:54 )
-------------------------------------------------------------------------------------------------------------
	 #1 (5.3203e-02, 2.9111e-05): lin 1 (0.0e+00)
	 #2 (1.4550e+02, 2.4705e-06): lin 1 (0.0e+00)
	 #3 (1.6652e-02, 6.9366e-06): lin 1 (0.0e+00)
	 #4 (1.0541e-02, 6.9365e-06): lin 1 (0.0e+00)
	 #5 (1.0476e-02, 6.9362e-06): lin 1 (0.0e+00)
	 #6 (1.0499e-02, 6.9366e-06): lin 1 (0.0e+00)
	 #7 (1.0528e-02, 6.9364e-06): lin 1 (0.0e+00)
	 #8 (1.0466e-02, 6.9366e-06): lin 1 (0.0e+00)
	 #9 (1.0473e-02, 6.9364e-06): lin 1 (0.0e+00)
	 #10 (1.0539e-02, 6.9365e-06): lin 1 (0.0e+00)
	 #11 (1.0496e-02, 6.9364e-06): lin 1 (0.0e+00)
	 #12 (1.0506e-02, 6.9366e-06): lin 1 (0.0e+00)
	 #13 (1.0542e-02, 6.9364e-06): lin 1 (0.0e+00)
FAILED TO CONVERGE WITH DT = 48.545 (newton residual reservoir) 
	 #1 (2.6601e-02, 1.4556e-05): lin 1 (0.0e+00)
	 #2 (1.7694e+01, 4.0633e-06): lin 1 (0.0e+00)
-------------------------------------------------------------------------------------------------------------
 T = 7306, DT = 24.2724, NI = 2, LI = 2, RES = 5.6e-03 (3.3e-06), CFL=0.000 (ELAPSED 00:54:09 )
-------------------------------------------------------------------------------------------------------------
	 #1 (5.2944e-02, 2.8491e-05): lin 1 (0.0e+00)
	 #2 (2.6174e+02, 8.8138e-06): lin 1 (0.0e+00)
	 #3 (7.8925e-02, 5.6538e-06): lin 1 (0.0e+00)
	 #4 (1.1191e-02, 5.6536e-06): lin 1 (0.0e+00)
	 #5 (1.1170e-02, 5.6536e-06): lin 1 (0.0e+00)
	 #6 (1.1148e-02, 5.6536e-06): lin 1 (0.0e+00)
	 #7 (1.1177e-02, 5.6536e-06): lin 1 (0.0e+00)
	 #8 (1.1170e-02, 5.6536e-06): lin 1 (0.0e+00)
FAILED TO CONVERGE WITH DT = 48.545 (newton residual reservoir) 
	 #1 (2.6472e-02, 1.4245e-05): lin 1 (0.0e+00)
	 #2 (4.5238e+01, 1.7426e-06): lin 1 (0.0e+00)
-------------------------------------------------------------------------------------------------------------
 T = 7330.28, DT = 24.2724, NI = 2, LI = 2, RES = 7.4e-03 (2.8e-06), CFL=0.000 (ELAPSED 00:54:19 )
-------------------------------------------------------------------------------------------------------------
	 #1 (5.3715e-02, 2.7927e-05): lin 1 (0.0e+00)
	 #2 (2.9497e+02, 7.1634e-06): lin 1 (0.0e+00)
	 #3 (5.4853e-02, 4.9221e-06): lin 1 (0.0e+00)
	 #4 (1.0758e-02, 4.8629e-06): lin 1 (0.0e+00)
	 #5 (1.0753e-02, 4.8632e-06): lin 1 (0.0e+00)
	 #6 (1.0757e-02, 4.8630e-06): lin 1 (0.0e+00)
	 #7 (1.0767e-02, 4.8632e-06): lin 1 (0.0e+00)
FAILED TO CONVERGE WITH DT = 48.545 (newton residual reservoir) 
	 #1 (2.6858e-02, 1.3963e-05): lin 1 (0.0e+00)
	 #2 (4.4224e+01, 2.7796e-06): lin 1 (0.0e+00)
-------------------------------------------------------------------------------------------------------------
 T = 7354.55, DT = 24.2724, NI = 2, LI = 2, RES = 6.4e-03 (3.0e-06), CFL=0.000 (ELAPSED 00:54:28 )
-------------------------------------------------------------------------------------------------------------
	 #1 (5.3173e-02, 2.0824e-05): lin 1 (0.0e+00)
	 #2 (2.5888e+02, 4.0016e-06): lin 1 (0.0e+00)
	 #3 (2.7695e-02, 4.2439e-06): lin 1 (0.0e+00)
	 #4 (1.1647e-02, 4.2438e-06): lin 1 (0.0e+00)
	 #5 (1.1619e-02, 4.2438e-06): lin 1 (0.0e+00)
	 #6 (1.1619e-02, 4.2437e-06): lin 1 (0.0e+00)
	 #7 (1.1619e-02, 4.2438e-06): lin 1 (0.0e+00)
FAILED TO CONVERGE WITH DT = 48.545 (newton residual reservoir) 
	 #1 (2.6587e-02, 1.0412e-05): lin 1 (0.0e+00)
	 #2 (3.8479e+01, 7.4196e-06): lin 1 (0.0e+00)
-------------------------------------------------------------------------------------------------------------
 T = 7378.82, DT = 24.2724, NI = 2, LI = 2, RES = 5.6e-03 (1.8e-06), CFL=0.000 (ELAPSED 00:54:37 )
-------------------------------------------------------------------------------------------------------------
	 #1 (5.2733e-02, 2.6804e-05): lin 1 (0.0e+00)
	 #2 (2.8544e+02, 4.6970e-06): lin 1 (0.0e+00)
	 #3 (4.8676e-02, 3.6236e-06): lin 1 (0.0e+00)
	 #4 (1.1084e-02, 3.6234e-06): lin 1 (0.0e+00)
	 #5 (1.1065e-02, 3.6235e-06): lin 1 (0.0e+00)
	 #6 (1.1071e-02, 3.6235e-06): lin 1 (0.0e+00)
	 #7 (1.1055e-02, 3.6233e-06): lin 1 (0.0e+00)
	 #8 (1.1071e-02, 3.6235e-06): lin 1 (0.0e+00)
	 #9 (1.1054e-02, 3.6233e-06): lin 1 (0.0e+00)
FAILED TO CONVERGE WITH DT = 48.545 (newton residual reservoir) 
	 #1 (2.6367e-02, 1.3402e-05): lin 1 (0.0e+00)
	 #2 (5.8171e+01, 1.9945e-06): lin 1 (0.0e+00)
-------------------------------------------------------------------------------------------------------------
 T = 7403.09, DT = 24.2724, NI = 2, LI = 2, RES = 7.1e-03 (1.4e-06), CFL=0.000 (ELAPSED 00:54:48 )
-------------------------------------------------------------------------------------------------------------
	 #1 (5.3343e-02, 2.6460e-05): lin 1 (0.0e+00)
	 #2 (7.3596e+01, 5.1691e-06): lin 1 (0.0e+00)
	 #3 (1.0960e-02, 3.2848e-06): lin 1 (0.0e+00)
	 #4 (1.0928e-02, 2.9033e-06): lin 1 (0.0e+00)
	 #5 (1.0949e-02, 2.9033e-06): lin 1 (0.0e+00)
	 #6 (1.0917e-02, 2.9033e-06): lin 1 (0.0e+00)
	 #7 (1.0949e-02, 2.9033e-06): lin 1 (0.0e+00)
FAILED TO CONVERGE WITH DT = 48.545 (newton residual reservoir) 
	 #1 (2.6672e-02, 1.3230e-05): lin 1 (0.0e+00)
	 #2 (1.2162e+01, 1.7893e-06): lin 1 (0.0e+00)
-------------------------------------------------------------------------------------------------------------
 T = 7427.37, DT = 24.2724, NI = 2, LI = 2, RES = 5.4e-03 (1.6e-06), CFL=0.000 (ELAPSED 00:54:57 )
-------------------------------------------------------------------------------------------------------------
	 #1 (5.2485e-02, 2.6413e-05): lin 1 (0.0e+00)
	 #2 (1.5058e+02, 5.9173e-06): lin 1 (0.0e+00)
	 #3 (2.3446e-02, 2.9850e-06): lin 1 (0.0e+00)
	 #4 (1.0988e-02, 2.9850e-06): lin 1 (0.0e+00)
	 #5 (1.1047e-02, 2.9850e-06): lin 1 (0.0e+00)
	 #6 (1.1051e-02, 2.9850e-06): lin 1 (0.0e+00)
	 #7 (1.1051e-02, 2.9850e-06): lin 1 (0.0e+00)
	 #8 (1.1024e-02, 2.9850e-06): lin 1 (0.0e+00)
FAILED TO CONVERGE WITH DT = 48.545 (newton residual reservoir) 
	 #1 (2.6242e-02, 1.3207e-05): lin 1 (0.0e+00)
	 #2 (1.6690e+01, 3.8080e-06): lin 1 (0.0e+00)
-------------------------------------------------------------------------------------------------------------
 T = 7451.64, DT = 24.2724, NI = 2, LI = 2, RES = 5.8e-03 (4.4e-07), CFL=0.000 (ELAPSED 00:55:07 )
-------------------------------------------------------------------------------------------------------------
	 #1 (5.2614e-02, 2.5404e-05): lin 1 (0.0e+00)
	 #2 (1.9891e+02, 2.8062e-06): lin 1 (0.0e+00)
	 #3 (4.3921e-02, 1.0092e-05): lin 1 (0.0e+00)
	 #4 (1.0811e-02, 1.0280e-05): lin 1 (0.0e+00)
	 #5 (1.0838e-02, 1.0280e-05): lin 1 (0.0e+00)
	 #6 (1.0808e-02, 1.0280e-05): lin 1 (0.0e+00)
	 #7 (1.0846e-02, 1.0280e-05): lin 1 (0.0e+00)
	 #8 (1.0838e-02, 1.0280e-05): lin 1 (0.0e+00)
FAILED TO CONVERGE WITH DT = 48.545 (newton residual reservoir) 
	 #1 (2.6307e-02, 1.2702e-05): lin 1 (0.0e+00)
	 #2 (4.0999e+01, 1.5018e-06): lin 1 (0.0e+00)
-------------------------------------------------------------------------------------------------------------
 T = 7475.91, DT = 24.2724, NI = 2, LI = 2, RES = 7.1e-03 (1.2e-06), CFL=0.000 (ELAPSED 00:55:18 )
-------------------------------------------------------------------------------------------------------------
	 #1 (5.3136e-02, 2.4965e-05): lin 1 (0.0e+00)
	 #2 (1.4228e+02, 1.1833e-05): lin 1 (0.0e+00)
	 #3 (7.7743e-02, 1.1588e-05): lin 1 (0.0e+00)
	 #4 (1.1294e-02, 1.4570e-06): lin 1 (0.0e+00)
	 #5 (1.1302e-02, 1.4570e-06): lin 1 (0.0e+00)
	 #6 (1.1309e-02, 1.4569e-06): lin 1 (0.0e+00)
	 #7 (1.1289e-02, 1.4569e-06): lin 1 (0.0e+00)
	 #8 (1.1314e-02, 1.4569e-06): lin 1 (0.0e+00)
FAILED TO CONVERGE WITH DT = 48.545 (newton residual reservoir) 
	 #1 (2.6568e-02, 1.2483e-05): lin 1 (0.0e+00)
	 #2 (2.1216e+01, 5.0431e-06): lin 1 (0.0e+00)
-------------------------------------------------------------------------------------------------------------
 T = 7500.18, DT = 24.2724, NI = 2, LI = 2, RES = 8.2e-03 (4.3e-06), CFL=0.000 (ELAPSED 00:55:28 )
-------------------------------------------------------------------------------------------------------------
	 #1 (5.3717e-02, 3.0644e-05): lin 1 (0.0e+00)
	 #2 (2.6669e+02, 2.8909e-06): lin 1 (0.0e+00)
	 #3 (5.2133e-02, 2.8074e-06): lin 1 (0.0e+00)
	 #4 (1.1612e-02, 2.8072e-06): lin 1 (0.0e+00)
	 #5 (1.1610e-02, 2.8073e-06): lin 1 (0.0e+00)
	 #6 (1.1612e-02, 2.8075e-06): lin 1 (0.0e+00)
	 #7 (1.1585e-02, 2.8073e-06): lin 1 (0.0e+00)
FAILED TO CONVERGE WITH DT = 48.545 (newton residual reservoir) 
	 #1 (2.6859e-02, 1.5322e-05): lin 1 (0.0e+00)
	 #2 (4.2663e+01, 5.8062e-06): lin 1 (0.0e+00)
-------------------------------------------------------------------------------------------------------------
 T = 7524.46, DT = 24.2724, NI = 2, LI = 2, RES = 6.1e-03 (3.7e-06), CFL=0.000 (ELAPSED 00:55:37 )
-------------------------------------------------------------------------------------------------------------
	 #1 (5.2510e-02, 2.9885e-05): lin 1 (0.0e+00)
	 #2 (3.3126e+02, 1.2175e-06): lin 1 (0.0e+00)
	 #3 (5.0268e-02, 4.3166e-06): lin 1 (0.0e+00)
	 #4 (1.0690e-02, 1.4347e-05): lin 1 (0.0e+00)
	 #5 (1.0690e-02, 1.4347e-05): lin 1 (0.0e+00)
	 #6 (1.0690e-02, 1.4347e-05): lin 1 (0.0e+00)
FAILED TO CONVERGE WITH DT = 48.545 (newton residual reservoir) 
	 #1 (2.6255e-02, 1.4943e-05): lin 1 (0.0e+00)
	 #2 (4.5638e+01, 6.4589e-06): lin 1 (0.0e+00)
-------------------------------------------------------------------------------------------------------------
 T = 7548.73, DT = 24.2724, NI = 2, LI = 2, RES = 6.1e-03 (2.1e-06), CFL=0.000 (ELAPSED 00:55:45 )
-------------------------------------------------------------------------------------------------------------
	 #1 (5.2442e-02, 2.2508e-05): lin 1 (0.0e+00)
	 #2 (4.1854e+02, 7.7126e-06): lin 1 (0.0e+00)
	 #3 (9.8921e-02, 4.6574e-06): lin 1 (0.0e+00)
	 #4 (1.1061e-02, 4.6580e-06): lin 1 (0.0e+00)
	 #5 (1.1082e-02, 4.6579e-06): lin 1 (0.0e+00)
	 #6 (1.1058e-02, 4.6579e-06): lin 1 (0.0e+00)
	 #7 (1.1067e-02, 4.6579e-06): lin 1 (0.0e+00)
	 #8 (1.1080e-02, 4.6578e-06): lin 1 (0.0e+00)
	 #9 (1.1049e-02, 4.6579e-06): lin 1 (0.0e+00)
FAILED TO CONVERGE WITH DT = 48.545 (newton residual reservoir) 
	 #1 (2.6221e-02, 1.1254e-05): lin 1 (0.0e+00)
	 #2 (9.2458e+01, 2.1293e-06): lin 1 (0.0e+00)
	 #3 (1.2114e-02, 2.8988e-06): lin 1 (0.0e+00)
-------------------------------------------------------------------------------------------------------------
 T = 7573, DT = 24.2724, NI = 3, LI = 3, RES = 5.6e-03 (2.9e-06), CFL=0.000 (ELAPSED 00:55:57 )
-------------------------------------------------------------------------------------------------------------
	 #1 (5.2147e-02, 2.1918e-05): lin 1 (0.0e+00)
	 #2 (1.8077e+02, 4.3899e-06): lin 1 (0.0e+00)
	 #3 (4.9476e-02, 3.0253e-06): lin 1 (0.0e+00)
	 #4 (1.1234e-02, 7.1108e-06): lin 1 (0.0e+00)
	 #5 (1.1350e-02, 7.1108e-06): lin 1 (0.0e+00)
	 #6 (1.1261e-02, 7.1108e-06): lin 1 (0.0e+00)
	 #7 (1.1267e-02, 7.1108e-06): lin 1 (0.0e+00)
	 #8 (1.1347e-02, 7.1108e-06): lin 1 (0.0e+00)
	 #9 (1.1347e-02, 7.1108e-06): lin 1 (0.0e+00)
	 #10 (1.1259e-02, 7.1108e-06): lin 1 (0.0e+00)
FAILED TO CONVERGE WITH DT = 48.545 (newton residual reservoir) 
	 #1 (2.6073e-02, 1.0960e-05): lin 1 (0.0e+00)
	 #2 (3.1973e+01, 2.9743e-06): lin 1 (0.0e+00)
	 #3 (1.0476e-02, 1.5714e-06): lin 1 (0.0e+00)
-------------------------------------------------------------------------------------------------------------
 T = 7597.27, DT = 24.2724, NI = 3, LI = 3, RES = 5.2e-03 (6.5e-06), CFL=0.000 (ELAPSED 00:56:10 )
-------------------------------------------------------------------------------------------------------------
	 #1 (5.1899e-02, 3.3792e-05): lin 1 (0.0e+00)
	 #2 (1.6721e+02, 4.7544e-06): lin 1 (0.0e+00)
	 #3 (1.4747e-02, 8.4471e-06): lin 1 (0.0e+00)
	 #4 (1.0427e-02, 8.4477e-06): lin 1 (0.0e+00)
	 #5 (1.0480e-02, 8.4477e-06): lin 1 (0.0e+00)
	 #6 (1.0485e-02, 8.4473e-06): lin 1 (0.0e+00)
	 #7 (1.0483e-02, 8.4476e-06): lin 1 (0.0e+00)
FAILED TO CONVERGE WITH DT = 48.545 (newton residual reservoir) 
	 #1 (2.5949e-02, 1.6896e-05): lin 1 (0.0e+00)
	 #2 (3.7305e+01, 3.5418e-06): lin 1 (0.0e+00)
-------------------------------------------------------------------------------------------------------------
 T = 7621.55, DT = 24.2724, NI = 2, LI = 2, RES = 5.8e-03 (8.0e-07), CFL=0.000 (ELAPSED 00:56:19 )
-------------------------------------------------------------------------------------------------------------
	 #1 (5.2053e-02, 2.6542e-05): lin 1 (0.0e+00)
	 #2 (1.4774e+02, 3.3506e-06): lin 1 (0.0e+00)
	 #3 (2.5113e-02, 9.9493e-06): lin 1 (0.0e+00)
	 #4 (1.1108e-02, 9.9494e-06): lin 1 (0.0e+00)
	 #5 (1.1102e-02, 9.9491e-06): lin 1 (0.0e+00)
	 #6 (1.1108e-02, 9.9492e-06): lin 1 (0.0e+00)
FAILED TO CONVERGE WITH DT = 48.545 (newton residual reservoir) 
	 #1 (2.6027e-02, 1.3271e-05): lin 1 (0.0e+00)
	 #2 (1.6732e+01, 1.5581e-06): lin 1 (0.0e+00)
-------------------------------------------------------------------------------------------------------------
 T = 7645.82, DT = 24.2724, NI = 2, LI = 2, RES = 5.6e-03 (1.5e-07), CFL=0.000 (ELAPSED 00:56:27 )
-------------------------------------------------------------------------------------------------------------
	 #1 (5.1915e-02, 2.5769e-05): lin 1 (0.0e+00)
	 #2 (3.2120e+02, 1.4748e-06): lin 1 (0.0e+00)
	 #3 (9.1546e-02, 9.0616e-06): lin 1 (0.0e+00)
	 #4 (1.1232e-02, 2.5563e-06): lin 1 (0.0e+00)
	 #5 (1.1232e-02, 2.5563e-06): lin 1 (0.0e+00)
	 #6 (1.1234e-02, 2.5563e-06): lin 1 (0.0e+00)
	 #7 (1.1249e-02, 2.5563e-06): lin 1 (0.0e+00)
	 #8 (1.1269e-02, 2.5563e-06): lin 1 (0.0e+00)
FAILED TO CONVERGE WITH DT = 48.545 (newton residual reservoir) 
	 #1 (2.5957e-02, 1.2884e-05): lin 1 (0.0e+00)
	 #2 (5.9725e+01, 1.2260e-06): lin 1 (0.0e+00)
	 #3 (1.1024e-02, 5.7136e-06): lin 1 (0.0e+00)
-------------------------------------------------------------------------------------------------------------
 T = 7670.09, DT = 24.2724, NI = 3, LI = 3, RES = 5.5e-03 (4.5e-06), CFL=0.000 (ELAPSED 00:56:39 )
-------------------------------------------------------------------------------------------------------------
	 #1 (5.1792e-02, 3.1450e-05): lin 1 (0.0e+00)
	 #2 (3.5242e+02, 6.0851e-07): lin 1 (0.0e+00)
	 #3 (9.0596e-02, 2.9945e-06): lin 1 (0.0e+00)
	 #4 (1.1253e-02, 1.2903e-05): lin 1 (0.0e+00)
	 #5 (1.1256e-02, 1.2903e-05): lin 1 (0.0e+00)
	 #6 (1.1252e-02, 1.2903e-05): lin 1 (0.0e+00)
	 #7 (1.1240e-02, 1.2903e-05): lin 1 (0.0e+00)
FAILED TO CONVERGE WITH DT = 48.545 (newton residual reservoir) 
	 #1 (2.5896e-02, 1.5725e-05): lin 1 (0.0e+00)
	 #2 (7.9527e+01, 1.4761e-06): lin 1 (0.0e+00)
	 #3 (1.1703e-02, 1.3239e-06): lin 1 (0.0e+00)
-------------------------------------------------------------------------------------------------------------
 T = 7694.36, DT = 24.2724, NI = 3, LI = 3, RES = 5.6e-03 (1.5e-06), CFL=0.000 (ELAPSED 00:56:49 )
-------------------------------------------------------------------------------------------------------------
	 #1 (5.1775e-02, 2.4242e-05): lin 1 (0.0e+00)
	 #2 (2.1658e+02, 8.8153e-06): lin 1 (0.0e+00)
	 #3 (4.3893e-02, 6.1288e-06): lin 1 (0.0e+00)
	 #4 (1.0956e-02, 6.1283e-06): lin 1 (0.0e+00)
	 #5 (1.0956e-02, 6.1282e-06): lin 1 (0.0e+00)
	 #6 (1.0929e-02, 6.1280e-06): lin 1 (0.0e+00)
	 #7 (1.0929e-02, 6.1283e-06): lin 1 (0.0e+00)
	 #8 (1.0956e-02, 6.1283e-06): lin 1 (0.0e+00)
	 #9 (1.0929e-02, 6.1281e-06): lin 1 (0.0e+00)
FAILED TO CONVERGE WITH DT = 48.545 (newton residual reservoir) 
	 #1 (2.5887e-02, 1.2121e-05): lin 1 (0.0e+00)
	 #2 (2.2926e+01, 1.4780e-06): lin 1 (0.0e+00)
-------------------------------------------------------------------------------------------------------------
 T = 7718.64, DT = 24.2724, NI = 2, LI = 2, RES = 6.0e-03 (2.9e-06), CFL=0.000 (ELAPSED 00:57:03 )
-------------------------------------------------------------------------------------------------------------
	 #1 (5.1859e-02, 2.9677e-05): lin 1 (0.0e+00)
	 #2 (3.7756e+02, 1.2424e-05): lin 1 (0.0e+00)
	 #3 (6.7618e-02, 5.0085e-06): lin 1 (0.0e+00)
	 #4 (1.1335e-02, 4.8588e-06): lin 1 (0.0e+00)
	 #5 (1.1325e-02, 4.8589e-06): lin 1 (0.0e+00)
	 #6 (1.1398e-02, 4.8591e-06): lin 1 (0.0e+00)
	 #7 (1.1355e-02, 4.8590e-06): lin 1 (0.0e+00)
	 #8 (1.1331e-02, 4.8588e-06): lin 1 (0.0e+00)
	 #9 (1.1391e-02, 4.8591e-06): lin 1 (0.0e+00)
	 #10 (1.1344e-02, 4.8588e-06): lin 1 (0.0e+00)
	 #11 (1.1379e-02, 4.8589e-06): lin 1 (0.0e+00)
	 #12 (1.1404e-02, 4.8591e-06): lin 1 (0.0e+00)
	 #13 (1.1355e-02, 4.8588e-06): lin 1 (0.0e+00)
FAILED TO CONVERGE WITH DT = 48.545 (newton residual reservoir) 
	 #1 (2.5929e-02, 1.4838e-05): lin 1 (0.0e+00)
	 #2 (7.8952e+01, 1.8968e-06): lin 1 (0.0e+00)
-------------------------------------------------------------------------------------------------------------
 T = 7742.91, DT = 24.2724, NI = 2, LI = 2, RES = 8.7e-03 (2.4e-06), CFL=0.000 (ELAPSED 00:57:20 )
-------------------------------------------------------------------------------------------------------------
	 #1 (5.3283e-02, 2.9129e-05): lin 1 (0.0e+00)
	 #2 (2.4925e+02, 6.3510e-06): lin 1 (0.0e+00)
	 #3 (4.4279e-02, 6.5585e-06): lin 1 (0.0e+00)
	 #4 (1.0754e-02, 6.7141e-06): lin 1 (0.0e+00)
	 #5 (1.0743e-02, 6.7141e-06): lin 1 (0.0e+00)
	 #6 (1.0748e-02, 6.7141e-06): lin 1 (0.0e+00)
FAILED TO CONVERGE WITH DT = 48.545 (newton residual reservoir) 
	 #1 (2.6641e-02, 1.4564e-05): lin 1 (0.0e+00)
	 #2 (4.7309e+01, 2.6995e-06): lin 1 (0.0e+00)
-------------------------------------------------------------------------------------------------------------
 T = 7767.18, DT = 24.2724, NI = 2, LI = 2, RES = 6.2e-03 (1.7e-06), CFL=0.000 (ELAPSED 00:57:31 )
-------------------------------------------------------------------------------------------------------------
	 #1 (5.1833e-02, 2.8237e-05): lin 1 (0.0e+00)
	 #2 (1.5758e+02, 5.0880e-06): lin 1 (0.0e+00)
	 #3 (1.6393e-02, 3.1037e-06): lin 1 (0.0e+00)
	 #4 (1.1116e-02, 2.8565e-06): lin 1 (0.0e+00)
	 #5 (1.1132e-02, 2.8565e-06): lin 1 (0.0e+00)
	 #6 (1.1109e-02, 2.8564e-06): lin 1 (0.0e+00)
	 #7 (1.1105e-02, 2.8564e-06): lin 1 (0.0e+00)
	 #8 (1.1120e-02, 2.8563e-06): lin 1 (0.0e+00)
FAILED TO CONVERGE WITH DT = 48.545 (newton residual reservoir) 
	 #1 (2.5917e-02, 1.4118e-05): lin 1 (0.0e+00)
	 #2 (2.1026e+01, 3.2877e-06): lin 1 (0.0e+00)
-------------------------------------------------------------------------------------------------------------
 T = 7791.45, DT = 24.2724, NI = 2, LI = 2, RES = 5.4e-03 (1.4e-06), CFL=0.000 (ELAPSED 00:57:45 )
-------------------------------------------------------------------------------------------------------------
	 #1 (5.1377e-02, 2.7787e-05): lin 1 (0.0e+00)
	 #2 (1.5502e+02, 5.9286e-06): lin 1 (0.0e+00)
	 #3 (2.4300e-02, 8.1888e-06): lin 1 (0.0e+00)
	 #4 (1.1442e-02, 8.0616e-06): lin 1 (0.0e+00)
	 #5 (1.1431e-02, 8.0617e-06): lin 1 (0.0e+00)
	 #6 (1.1434e-02, 8.0616e-06): lin 1 (0.0e+00)
	 #7 (1.1429e-02, 8.0617e-06): lin 1 (0.0e+00)
FAILED TO CONVERGE WITH DT = 48.545 (newton residual reservoir) 
	 #1 (2.5689e-02, 1.3894e-05): lin 1 (0.0e+00)
	 #2 (2.6335e+01, 1.4271e-06): lin 1 (0.0e+00)
-------------------------------------------------------------------------------------------------------------
 T = 7815.72, DT = 24.2724, NI = 2, LI = 2, RES = 5.6e-03 (9.5e-07), CFL=0.000 (ELAPSED 00:58:00 )
-------------------------------------------------------------------------------------------------------------
	 #1 (5.1389e-02, 2.7497e-05): lin 1 (0.0e+00)
	 #2 (1.2538e+02, 3.8340e-06): lin 1 (0.0e+00)
	 #3 (3.7029e-02, 1.0016e-06): lin 1 (0.0e+00)
	 #4 (1.1075e-02, 1.0018e-06): lin 1 (0.0e+00)
	 #5 (1.1086e-02, 1.0018e-06): lin 1 (0.0e+00)
	 #6 (1.1086e-02, 1.0018e-06): lin 1 (0.0e+00)
	 #7 (1.1075e-02, 1.0018e-06): lin 1 (0.0e+00)
FAILED TO CONVERGE WITH DT = 48.545 (newton residual reservoir) 
	 #1 (2.5695e-02, 1.3749e-05): lin 1 (0.0e+00)
	 #2 (2.8842e+01, 3.9317e-06): lin 1 (0.0e+00)
-------------------------------------------------------------------------------------------------------------
 T = 7840, DT = 24.2724, NI = 2, LI = 2, RES = 6.9e-03 (3.8e-07), CFL=0.000 (ELAPSED 00:58:12 )
-------------------------------------------------------------------------------------------------------------
	 #1 (5.1981e-02, 2.6864e-05): lin 1 (0.0e+00)
	 #2 (1.1101e+02, 1.2738e-05): lin 1 (0.0e+00)
	 #3 (2.3795e-02, 1.0103e-05): lin 1 (0.0e+00)
	 #4 (1.1662e-02, 1.0176e-05): lin 1 (0.0e+00)
	 #5 (1.1662e-02, 1.0176e-05): lin 1 (0.0e+00)
	 #6 (1.1662e-02, 1.0176e-05): lin 1 (0.0e+00)
FAILED TO CONVERGE WITH DT = 48.545 (newton residual reservoir) 
	 #1 (2.5991e-02, 1.3432e-05): lin 1 (0.0e+00)
	 #2 (1.2229e+01, 5.7476e-07): lin 1 (0.0e+00)
-------------------------------------------------------------------------------------------------------------
 T = 7864.27, DT = 24.2724, NI = 2, LI = 2, RES = 5.7e-03 (5.2e-06), CFL=0.000 (ELAPSED 00:58:20 )
-------------------------------------------------------------------------------------------------------------
	 #1 (5.1323e-02, 2.6404e-05): lin 1 (0.0e+00)
	 #2 (1.7027e+02, 1.3812e-06): lin 1 (0.0e+00)
	 #3 (2.3218e-02, 1.0831e-06): lin 1 (0.0e+00)
	 #4 (1.0866e-02, 2.9750e-06): lin 1 (0.0e+00)
	 #5 (1.0883e-02, 2.9750e-06): lin 1 (0.0e+00)
	 #6 (1.0883e-02, 2.9751e-06): lin 1 (0.0e+00)
	 #7 (1.0872e-02, 2.9750e-06): lin 1 (0.0e+00)
	 #8 (1.0883e-02, 2.9750e-06): lin 1 (0.0e+00)
FAILED TO CONVERGE WITH DT = 48.545 (newton residual reservoir) 
	 #1 (2.5661e-02, 1.3202e-05): lin 1 (0.0e+00)
	 #2 (3.3151e+01, 5.0589e-06): lin 1 (0.0e+00)
-------------------------------------------------------------------------------------------------------------
 T = 7888.54, DT = 24.2724, NI = 2, LI = 2, RES = 5.8e-03 (4.5e-06), CFL=0.000 (ELAPSED 00:58:31 )
-------------------------------------------------------------------------------------------------------------
	 #1 (5.1285e-02, 3.2404e-05): lin 1 (0.0e+00)
	 #2 (2.2046e+02, 9.6252e-06): lin 1 (0.0e+00)
	 #3 (2.6252e-02, 7.7615e-06): lin 1 (0.0e+00)
	 #4 (1.1200e-02, 2.3712e-06): lin 1 (0.0e+00)
	 #5 (1.1202e-02, 2.3711e-06): lin 1 (0.0e+00)
	 #6 (1.1199e-02, 2.3711e-06): lin 1 (0.0e+00)
	 #7 (1.1246e-02, 2.3710e-06): lin 1 (0.0e+00)
FAILED TO CONVERGE WITH DT = 48.545 (newton residual reservoir) 
	 #1 (2.5642e-02, 1.6202e-05): lin 1 (0.0e+00)
	 #2 (2.6894e+01, 1.2665e-06): lin 1 (0.0e+00)
-------------------------------------------------------------------------------------------------------------
 T = 7912.81, DT = 24.2724, NI = 2, LI = 2, RES = 5.4e-03 (1.5e-06), CFL=0.000 (ELAPSED 00:58:40 )
-------------------------------------------------------------------------------------------------------------
	 #1 (5.1069e-02, 2.5218e-05): lin 1 (0.0e+00)
	 #2 (2.4711e+02, 1.0220e-06): lin 1 (0.0e+00)
	 #3 (4.4385e-02, 3.5813e-06): lin 1 (0.0e+00)
	 #4 (1.1030e-02, 3.7813e-06): lin 1 (0.0e+00)
	 #5 (1.1040e-02, 3.7813e-06): lin 1 (0.0e+00)
	 #6 (1.1044e-02, 3.7814e-06): lin 1 (0.0e+00)
	 #7 (1.1028e-02, 3.7813e-06): lin 1 (0.0e+00)
FAILED TO CONVERGE WITH DT = 48.545 (newton residual reservoir) 
	 #1 (2.5535e-02, 1.2610e-05): lin 1 (0.0e+00)
	 #2 (4.1035e+01, 1.6514e-06): lin 1 (0.0e+00)
-------------------------------------------------------------------------------------------------------------
 T = 7937.09, DT = 24.2724, NI = 2, LI = 2, RES = 6.8e-03 (6.9e-06), CFL=0.000 (ELAPSED 00:58:49 )
-------------------------------------------------------------------------------------------------------------
	 #1 (5.1647e-02, 3.0095e-05): lin 1 (0.0e+00)
	 #2 (2.3163e+02, 1.8726e-06): lin 1 (0.0e+00)
	 #3 (2.4752e-02, 4.5959e-06): lin 1 (0.0e+00)
	 #4 (1.1598e-02, 4.5962e-06): lin 1 (0.0e+00)
	 #5 (1.1608e-02, 4.5961e-06): lin 1 (0.0e+00)
	 #6 (1.1618e-02, 4.5959e-06): lin 1 (0.0e+00)
	 #7 (1.1603e-02, 4.5962e-06): lin 1 (0.0e+00)
FAILED TO CONVERGE WITH DT = 48.545 (newton residual reservoir) 
	 #1 (2.5824e-02, 1.5048e-05): lin 1 (0.0e+00)
	 #2 (3.8547e+01, 3.4119e-06): lin 1 (0.0e+00)
-------------------------------------------------------------------------------------------------------------
 T = 7961.36, DT = 24.2724, NI = 2, LI = 2, RES = 5.7e-03 (2.5e-06), CFL=0.000 (ELAPSED 00:58:59 )
-------------------------------------------------------------------------------------------------------------
	 #1 (5.1055e-02, 2.3864e-05): lin 1 (0.0e+00)
	 #2 (1.3086e+02, 3.3808e-06): lin 1 (0.0e+00)
	 #3 (2.2180e-02, 5.7327e-06): lin 1 (0.0e+00)
	 #4 (1.1158e-02, 5.7327e-06): lin 1 (0.0e+00)
	 #5 (1.1147e-02, 5.7327e-06): lin 1 (0.0e+00)
	 #6 (1.1214e-02, 5.7327e-06): lin 1 (0.0e+00)
	 #7 (1.1211e-02, 5.7327e-06): lin 1 (0.0e+00)
	 #8 (1.1147e-02, 5.7327e-06): lin 1 (0.0e+00)
	 #9 (1.1214e-02, 5.7327e-06): lin 1 (0.0e+00)
FAILED TO CONVERGE WITH DT = 48.545 (newton residual reservoir) 
	 #1 (2.5527e-02, 1.1933e-05): lin 1 (0.0e+00)
	 #2 (1.7443e+01, 2.6572e-06): lin 1 (0.0e+00)
-------------------------------------------------------------------------------------------------------------
 T = 7985.63, DT = 24.2724, NI = 2, LI = 2, RES = 5.5e-03 (3.0e-06), CFL=0.000 (ELAPSED 00:59:10 )
-------------------------------------------------------------------------------------------------------------
	 #1 (5.0912e-02, 2.3419e-05): lin 1 (0.0e+00)
	 #2 (2.5069e+02, 4.1502e-06): lin 1 (0.0e+00)
	 #3 (6.0486e-02, 3.5619e-06): lin 1 (0.0e+00)
	 #4 (1.1594e-02, 3.5622e-06): lin 1 (0.0e+00)
	 #5 (1.1584e-02, 3.5621e-06): lin 1 (0.0e+00)
	 #6 (1.1567e-02, 3.5621e-06): lin 1 (0.0e+00)
	 #7 (1.1595e-02, 3.5621e-06): lin 1 (0.0e+00)
FAILED TO CONVERGE WITH DT = 48.545 (newton residual reservoir) 
	 #1 (2.5456e-02, 1.1710e-05): lin 1 (0.0e+00)
	 #2 (3.8751e+01, 2.4077e-06): lin 1 (0.0e+00)
-------------------------------------------------------------------------------------------------------------
 T = 8009.9, DT = 24.2724, NI = 2, LI = 2, RES = 7.2e-03 (3.4e-06), CFL=0.000 (ELAPSED 00:59:19 )
-------------------------------------------------------------------------------------------------------------
	 #1 (5.1680e-02, 2.3137e-05): lin 1 (0.0e+00)
	 #2 (2.1215e+02, 5.0658e-06): lin 1 (0.0e+00)
	 #3 (3.6687e-02, 1.2724e-05): lin 1 (0.0e+00)
	 #4 (1.1830e-02, 7.7477e-06): lin 1 (0.0e+00)
	 #5 (1.1833e-02, 7.7474e-06): lin 1 (0.0e+00)
	 #6 (1.1833e-02, 7.7476e-06): lin 1 (0.0e+00)
FAILED TO CONVERGE WITH DT = 48.545 (newton residual reservoir) 
	 #1 (2.5840e-02, 1.1568e-05): lin 1 (0.0e+00)
	 #2 (4.0866e+01, 3.2410e-06): lin 1 (0.0e+00)
-------------------------------------------------------------------------------------------------------------
 T = 8034.18, DT = 24.2724, NI = 2, LI = 2, RES = 6.6e-03 (1.2e-06), CFL=0.000 (ELAPSED 00:59:28 )
-------------------------------------------------------------------------------------------------------------
	 #1 (5.1279e-02, 2.8626e-05): lin 1 (0.0e+00)
	 #2 (1.6382e+02, 6.2258e-06): lin 1 (0.0e+00)
	 #3 (2.1529e-02, 8.7233e-06): lin 1 (0.0e+00)
	 #4 (1.0503e-02, 1.4091e-06): lin 1 (0.0e+00)
	 #5 (1.0444e-02, 1.4087e-06): lin 1 (0.0e+00)
	 #6 (1.0463e-02, 1.4087e-06): lin 1 (0.0e+00)
	 #7 (1.0469e-02, 1.4087e-06): lin 1 (0.0e+00)
	 #8 (1.0469e-02, 1.4087e-06): lin 1 (0.0e+00)
	 #9 (1.0442e-02, 1.4087e-06): lin 1 (0.0e+00)
	 #10 (1.0441e-02, 1.4087e-06): lin 1 (0.0e+00)
FAILED TO CONVERGE WITH DT = 48.545 (newton residual reservoir) 
	 #1 (2.5640e-02, 1.4313e-05): lin 1 (0.0e+00)
	 #2 (2.6982e+01, 1.6757e-06): lin 1 (0.0e+00)
-------------------------------------------------------------------------------------------------------------
 T = 8058.45, DT = 24.2724, NI = 2, LI = 2, RES = 5.8e-03 (5.7e-06), CFL=0.000 (ELAPSED 00:59:40 )
-------------------------------------------------------------------------------------------------------------
	 #1 (5.0855e-02, 3.4642e-05): lin 1 (0.0e+00)
	 #2 (2.1068e+02, 1.2771e-05): lin 1 (0.0e+00)
	 #3 (2.3352e-02, 2.4436e-06): lin 1 (0.0e+00)
	 #4 (1.0808e-02, 9.9242e-06): lin 1 (0.0e+00)
	 #5 (1.0817e-02, 9.9241e-06): lin 1 (0.0e+00)
	 #6 (1.0773e-02, 9.9239e-06): lin 1 (0.0e+00)
	 #7 (1.0774e-02, 9.9241e-06): lin 1 (0.0e+00)
	 #8 (1.0817e-02, 9.9238e-06): lin 1 (0.0e+00)
	 #9 (1.0774e-02, 9.9239e-06): lin 1 (0.0e+00)
FAILED TO CONVERGE WITH DT = 48.545 (newton residual reservoir) 
	 #1 (2.5427e-02, 1.7321e-05): lin 1 (0.0e+00)
	 #2 (3.5166e+01, 1.5091e-06): lin 1 (0.0e+00)
-------------------------------------------------------------------------------------------------------------
 T = 8082.72, DT = 24.2724, NI = 2, LI = 2, RES = 6.0e-03 (1.2e-07), CFL=0.000 (ELAPSED 00:59:52 )
-------------------------------------------------------------------------------------------------------------
	 #1 (5.0881e-02, 2.7393e-05): lin 1 (0.0e+00)
	 #2 (2.7499e+02, 1.1857e-05): lin 1 (0.0e+00)
	 #3 (6.9651e-02, 9.1433e-06): lin 1 (0.0e+00)
	 #4 (1.0591e-02, 9.1436e-06): lin 1 (0.0e+00)
	 #5 (1.0621e-02, 9.1432e-06): lin 1 (0.0e+00)
	 #6 (1.0615e-02, 9.1437e-06): lin 1 (0.0e+00)
	 #7 (1.0611e-02, 9.1433e-06): lin 1 (0.0e+00)
	 #8 (1.0623e-02, 9.1432e-06): lin 1 (0.0e+00)
	 #9 (1.0609e-02, 9.1437e-06): lin 1 (0.0e+00)
	 #10 (1.0591e-02, 9.1434e-06): lin 1 (0.0e+00)
FAILED TO CONVERGE WITH DT = 48.545 (newton residual reservoir) 
	 #1 (2.5440e-02, 1.3696e-05): lin 1 (0.0e+00)
	 #2 (4.6438e+01, 1.2229e-06): lin 1 (0.0e+00)
-------------------------------------------------------------------------------------------------------------
 T = 8106.99, DT = 24.2724, NI = 2, LI = 2, RES = 7.9e-03 (5.6e-07), CFL=0.000 (ELAPSED 01:00:04 )
-------------------------------------------------------------------------------------------------------------
	 #1 (5.1825e-02, 2.6708e-05): lin 1 (0.0e+00)
	 #2 (1.6046e+02, 4.9980e-07): lin 1 (0.0e+00)
	 #3 (4.2368e-02, 1.9082e-06): lin 1 (0.0e+00)
	 #4 (1.1079e-02, 1.9082e-06): lin 1 (0.0e+00)
	 #5 (1.1064e-02, 1.9083e-06): lin 1 (0.0e+00)
	 #6 (1.1077e-02, 1.9081e-06): lin 1 (0.0e+00)
	 #7 (1.1088e-02, 1.9081e-06): lin 1 (0.0e+00)
	 #8 (1.1064e-02, 1.9081e-06): lin 1 (0.0e+00)
FAILED TO CONVERGE WITH DT = 48.545 (newton residual reservoir) 
	 #1 (2.5912e-02, 1.3354e-05): lin 1 (0.0e+00)
	 #2 (2.0710e+01, 1.2647e-06): lin 1 (0.0e+00)
-------------------------------------------------------------------------------------------------------------
 T = 8131.27, DT = 24.2724, NI = 2, LI = 2, RES = 7.5e-03 (3.9e-06), CFL=0.000 (ELAPSED 01:00:14 )
-------------------------------------------------------------------------------------------------------------
	 #1 (5.1511e-02, 3.2560e-05): lin 1 (0.0e+00)
	 #2 (2.1043e+02, 2.9087e-06): lin 1 (0.0e+00)
	 #3 (5.8836e-02, 7.5394e-06): lin 1 (0.0e+00)
	 #4 (1.0954e-02, 2.5887e-06): lin 1 (0.0e+00)
	 #5 (1.0948e-02, 2.5889e-06): lin 1 (0.0e+00)
	 #6 (1.0963e-02, 2.5887e-06): lin 1 (0.0e+00)
	 #7 (1.0945e-02, 2.5889e-06): lin 1 (0.0e+00)
	 #8 (1.0965e-02, 2.5889e-06): lin 1 (0.0e+00)
FAILED TO CONVERGE WITH DT = 48.545 (newton residual reservoir) 
	 #1 (2.5756e-02, 1.6280e-05): lin 1 (0.0e+00)
	 #2 (2.7012e+01, 1.5690e-06): lin 1 (0.0e+00)
-------------------------------------------------------------------------------------------------------------
 T = 8155.54, DT = 24.2724, NI = 2, LI = 2, RES = 6.3e-03 (1.5e-06), CFL=0.000 (ELAPSED 01:00:24 )
-------------------------------------------------------------------------------------------------------------
	 #1 (5.0820e-02, 2.5710e-05): lin 1 (0.0e+00)
	 #2 (8.3202e+01, 2.5677e-06): lin 1 (0.0e+00)
	 #3 (1.3284e-02, 1.3455e-05): lin 1 (0.0e+00)
	 #4 (1.1177e-02, 1.3456e-05): lin 1 (0.0e+00)
	 #5 (1.1263e-02, 1.3455e-05): lin 1 (0.0e+00)
	 #6 (1.1269e-02, 1.3455e-05): lin 1 (0.0e+00)
	 #7 (1.1181e-02, 1.3455e-05): lin 1 (0.0e+00)
	 #8 (1.1260e-02, 1.3455e-05): lin 1 (0.0e+00)
FAILED TO CONVERGE WITH DT = 48.545 (newton residual reservoir) 
	 #1 (2.5410e-02, 1.2855e-05): lin 1 (0.0e+00)
	 #2 (8.2076e+00, 1.3123e-06): lin 1 (0.0e+00)
-------------------------------------------------------------------------------------------------------------
 T = 8179.81, DT = 24.2724, NI = 2, LI = 2, RES = 5.4e-03 (3.3e-06), CFL=0.000 (ELAPSED 01:00:34 )
-------------------------------------------------------------------------------------------------------------
	 #1 (5.0330e-02, 3.1961e-05): lin 1 (0.0e+00)
	 #2 (1.3152e+02, 8.3452e-06): lin 1 (0.0e+00)
	 #3 (1.2777e-02, 4.5030e-06): lin 1 (0.0e+00)
	 #4 (1.1133e-02, 5.9665e-06): lin 1 (0.0e+00)
	 #5 (1.1153e-02, 5.9665e-06): lin 1 (0.0e+00)
	 #6 (1.1161e-02, 5.9665e-06): lin 1 (0.0e+00)
	 #7 (1.1171e-02, 5.9665e-06): lin 1 (0.0e+00)
	 #8 (1.1147e-02, 5.9665e-06): lin 1 (0.0e+00)
FAILED TO CONVERGE WITH DT = 48.545 (newton residual reservoir) 
	 #1 (2.5165e-02, 1.5981e-05): lin 1 (0.0e+00)
	 #2 (1.3903e+01, 1.6202e-06): lin 1 (0.0e+00)
-------------------------------------------------------------------------------------------------------------
 T = 8204.08, DT = 24.2724, NI = 2, LI = 2, RES = 5.4e-03 (2.9e-06), CFL=0.000 (ELAPSED 01:00:44 )
-------------------------------------------------------------------------------------------------------------
	 #1 (5.0267e-02, 3.1576e-05): lin 1 (0.0e+00)
	 #2 (2.3925e+02, 3.1013e-06): lin 1 (0.0e+00)
	 #3 (2.7300e-02, 4.7548e-06): lin 1 (0.0e+00)
	 #4 (1.0996e-02, 5.7250e-06): lin 1 (0.0e+00)
	 #5 (1.1005e-02, 5.7251e-06): lin 1 (0.0e+00)
	 #6 (1.1017e-02, 5.7251e-06): lin 1 (0.0e+00)
	 #7 (1.1002e-02, 5.7252e-06): lin 1 (0.0e+00)
FAILED TO CONVERGE WITH DT = 48.545 (newton residual reservoir) 
	 #1 (2.5134e-02, 1.5788e-05): lin 1 (0.0e+00)
	 #2 (3.5022e+01, 2.2352e-06): lin 1 (0.0e+00)
-------------------------------------------------------------------------------------------------------------
 T = 8228.36, DT = 24.2724, NI = 2, LI = 2, RES = 6.0e-03 (2.2e-06), CFL=0.000 (ELAPSED 01:00:53 )
-------------------------------------------------------------------------------------------------------------
	 #1 (5.0458e-02, 3.0771e-05): lin 1 (0.0e+00)
	 #2 (2.9277e+02, 5.7952e-06): lin 1 (0.0e+00)
	 #3 (8.2738e-02, 6.6978e-06): lin 1 (0.0e+00)
	 #4 (1.1139e-02, 6.6979e-06): lin 1 (0.0e+00)
	 #5 (1.1128e-02, 6.6981e-06): lin 1 (0.0e+00)
	 #6 (1.1139e-02, 6.6979e-06): lin 1 (0.0e+00)
	 #7 (1.1120e-02, 6.6981e-06): lin 1 (0.0e+00)
	 #8 (1.1139e-02, 6.6979e-06): lin 1 (0.0e+00)
FAILED TO CONVERGE WITH DT = 48.545 (newton residual reservoir) 
	 #1 (2.5229e-02, 1.5386e-05): lin 1 (0.0e+00)
	 #2 (5.9306e+01, 2.8467e-06): lin 1 (0.0e+00)
-------------------------------------------------------------------------------------------------------------
 T = 8252.63, DT = 24.2724, NI = 2, LI = 2, RES = 9.3e-03 (1.6e-06), CFL=0.000 (ELAPSED 01:01:03 )
-------------------------------------------------------------------------------------------------------------
	 #1 (5.2366e-02, 3.0024e-05): lin 1 (0.0e+00)
	 #2 (2.1156e+02, 4.7445e-06): lin 1 (0.0e+00)
	 #3 (2.6572e-02, 2.5070e-06): lin 1 (0.0e+00)
	 #4 (1.1119e-02, 2.5069e-06): lin 1 (0.0e+00)
	 #5 (1.1134e-02, 2.5069e-06): lin 1 (0.0e+00)
	 #6 (1.1103e-02, 2.5069e-06): lin 1 (0.0e+00)
	 #7 (1.1094e-02, 2.5069e-06): lin 1 (0.0e+00)
	 #8 (1.1134e-02, 2.5069e-06): lin 1 (0.0e+00)
	 #9 (1.1119e-02, 2.5069e-06): lin 1 (0.0e+00)
	 #10 (1.1105e-02, 2.5069e-06): lin 1 (0.0e+00)
	 #11 (1.1134e-02, 2.5069e-06): lin 1 (0.0e+00)
	 #12 (1.1108e-02, 2.5069e-06): lin 1 (0.0e+00)
FAILED TO CONVERGE WITH DT = 48.545 (newton residual reservoir) 
	 #1 (2.6183e-02, 1.5012e-05): lin 1 (0.0e+00)
	 #2 (2.8302e+01, 6.7055e-06): lin 1 (0.0e+00)
-------------------------------------------------------------------------------------------------------------
 T = 8276.9, DT = 24.2724, NI = 2, LI = 2, RES = 5.5e-03 (1.6e-06), CFL=0.000 (ELAPSED 01:01:17 )
-------------------------------------------------------------------------------------------------------------
	 #1 (5.0096e-02, 2.9684e-05): lin 1 (0.0e+00)
	 #2 (1.8458e+02, 3.9813e-06): lin 1 (0.0e+00)
	 #3 (2.8111e-02, 8.8120e-06): lin 1 (0.0e+00)
	 #4 (1.1505e-02, 2.5976e-06): lin 1 (0.0e+00)
	 #5 (1.1511e-02, 2.5975e-06): lin 1 (0.0e+00)
	 #6 (1.1516e-02, 2.5974e-06): lin 1 (0.0e+00)
FAILED TO CONVERGE WITH DT = 48.545 (newton residual reservoir) 
	 #1 (2.5048e-02, 1.4842e-05): lin 1 (0.0e+00)
	 #2 (2.5687e+01, 3.7438e-06): lin 1 (0.0e+00)
-------------------------------------------------------------------------------------------------------------
 T = 8301.17, DT = 24.2724, NI = 2, LI = 2, RES = 5.9e-03 (1.5e-06), CFL=0.000 (ELAPSED 01:01:26 )
-------------------------------------------------------------------------------------------------------------
	 #1 (5.0216e-02, 2.9165e-05): lin 1 (0.0e+00)
	 #2 (2.1111e+02, 3.3144e-06): lin 1 (0.0e+00)
	 #3 (4.7453e-02, 1.0450e-05): lin 1 (0.0e+00)
	 #4 (1.1412e-02, 2.4460e-06): lin 1 (0.0e+00)
	 #5 (1.1408e-02, 2.4461e-06): lin 1 (0.0e+00)
	 #6 (1.1416e-02, 2.4460e-06): lin 1 (0.0e+00)
	 #7 (1.1399e-02, 2.4461e-06): lin 1 (0.0e+00)
FAILED TO CONVERGE WITH DT = 48.545 (newton residual reservoir) 
	 #1 (2.5108e-02, 1.4583e-05): lin 1 (0.0e+00)
	 #2 (2.6297e+01, 1.4982e-06): lin 1 (0.0e+00)
-------------------------------------------------------------------------------------------------------------
 T = 8325.45, DT = 24.2724, NI = 2, LI = 2, RES = 5.9e-03 (1.5e-06), CFL=0.000 (ELAPSED 01:01:35 )
-------------------------------------------------------------------------------------------------------------
	 #1 (5.0164e-02, 2.8459e-05): lin 1 (0.0e+00)
	 #2 (1.6415e+02, 8.3116e-06): lin 1 (0.0e+00)
	 #3 (3.6680e-02, 9.5331e-06): lin 1 (0.0e+00)
	 #4 (1.1066e-02, 9.5008e-06): lin 1 (0.0e+00)
	 #5 (1.1077e-02, 9.5007e-06): lin 1 (0.0e+00)
	 #6 (1.1090e-02, 9.5007e-06): lin 1 (0.0e+00)
	 #7 (1.1060e-02, 9.5007e-06): lin 1 (0.0e+00)
	 #8 (1.1077e-02, 9.5007e-06): lin 1 (0.0e+00)
	 #9 (1.1090e-02, 9.5007e-06): lin 1 (0.0e+00)
	 #10 (1.1055e-02, 9.5007e-06): lin 1 (0.0e+00)
FAILED TO CONVERGE WITH DT = 48.545 (newton residual reservoir) 
	 #1 (2.5082e-02, 1.4230e-05): lin 1 (0.0e+00)
	 #2 (2.5769e+01, 1.2373e-06): lin 1 (0.0e+00)
-------------------------------------------------------------------------------------------------------------
 T = 8349.72, DT = 24.2724, NI = 2, LI = 2, RES = 6.4e-03 (3.9e-07), CFL=0.000 (ELAPSED 01:01:47 )
-------------------------------------------------------------------------------------------------------------
	 #1 (5.0360e-02, 2.7843e-05): lin 1 (0.0e+00)
	 #2 (2.6065e+02, 2.5354e-06): lin 1 (0.0e+00)
	 #3 (5.2022e-02, 2.0990e-06): lin 1 (0.0e+00)
	 #4 (1.1443e-02, 3.1950e-06): lin 1 (0.0e+00)
	 #5 (1.1395e-02, 3.1951e-06): lin 1 (0.0e+00)
	 #6 (1.1393e-02, 3.1952e-06): lin 1 (0.0e+00)
	 #7 (1.1426e-02, 3.1952e-06): lin 1 (0.0e+00)
	 #8 (1.1398e-02, 3.1952e-06): lin 1 (0.0e+00)
FAILED TO CONVERGE WITH DT = 48.545 (newton residual reservoir) 
	 #1 (2.5180e-02, 1.3921e-05): lin 1 (0.0e+00)
	 #2 (4.7797e+01, 1.2206e-06): lin 1 (0.0e+00)
-------------------------------------------------------------------------------------------------------------
 T = 8373.99, DT = 24.2724, NI = 2, LI = 2, RES = 7.0e-03 (4.1e-06), CFL=0.000 (ELAPSED 01:01:57 )
-------------------------------------------------------------------------------------------------------------
	 #1 (5.0600e-02, 3.3765e-05): lin 1 (0.0e+00)
	 #2 (1.7536e+02, 7.5319e-07): lin 1 (0.0e+00)
	 #3 (3.5409e-02, 3.9693e-06): lin 1 (0.0e+00)
	 #4 (1.1255e-02, 3.9692e-06): lin 1 (0.0e+00)
	 #5 (1.1267e-02, 3.9694e-06): lin 1 (0.0e+00)
	 #6 (1.1274e-02, 3.9692e-06): lin 1 (0.0e+00)
	 #7 (1.1252e-02, 3.9691e-06): lin 1 (0.0e+00)
	 #8 (1.1267e-02, 3.9693e-06): lin 1 (0.0e+00)
FAILED TO CONVERGE WITH DT = 48.545 (newton residual reservoir) 
	 #1 (2.5300e-02, 1.6883e-05): lin 1 (0.0e+00)
	 #2 (3.5053e+01, 1.5947e-06): lin 1 (0.0e+00)
-------------------------------------------------------------------------------------------------------------
 T = 8398.26, DT = 24.2724, NI = 2, LI = 2, RES = 6.0e-03 (3.3e-06), CFL=0.000 (ELAPSED 01:02:08 )
-------------------------------------------------------------------------------------------------------------
	 #1 (5.0047e-02, 3.2835e-05): lin 1 (0.0e+00)
	 #2 (1.9047e+02, 7.7639e-06): lin 1 (0.0e+00)
	 #3 (3.2301e-02, 5.0789e-06): lin 1 (0.0e+00)
	 #4 (1.1782e-02, 5.2465e-06): lin 1 (0.0e+00)
	 #5 (1.1758e-02, 5.2466e-06): lin 1 (0.0e+00)
	 #6 (1.1772e-02, 5.2465e-06): lin 1 (0.0e+00)
	 #7 (1.1768e-02, 5.2466e-06): lin 1 (0.0e+00)
	 #8 (1.1755e-02, 5.2465e-06): lin 1 (0.0e+00)
	 #9 (1.1788e-02, 5.2467e-06): lin 1 (0.0e+00)
	 #10 (1.1709e-02, 5.2464e-06): lin 1 (0.0e+00)
FAILED TO CONVERGE WITH DT = 48.545 (newton residual reservoir) 
	 #1 (2.5024e-02, 1.6418e-05): lin 1 (0.0e+00)
	 #2 (2.9986e+01, 1.9345e-06): lin 1 (0.0e+00)
-------------------------------------------------------------------------------------------------------------
 T = 8422.54, DT = 24.2724, NI = 2, LI = 2, RES = 6.1e-03 (2.6e-06), CFL=0.000 (ELAPSED 01:02:20 )
-------------------------------------------------------------------------------------------------------------
	 #1 (5.0035e-02, 3.1951e-05): lin 1 (0.0e+00)
	 #2 (2.3958e+02, 1.3750e-05): lin 1 (0.0e+00)
	 #3 (1.5956e-01, 3.7535e-06): lin 1 (0.0e+00)
	 #4 (1.1686e-02, 6.3697e-06): lin 1 (0.0e+00)
	 #5 (1.1692e-02, 6.3698e-06): lin 1 (0.0e+00)
	 #6 (1.1692e-02, 6.3696e-06): lin 1 (0.0e+00)
	 #7 (1.1735e-02, 6.3697e-06): lin 1 (0.0e+00)
	 #8 (1.1715e-02, 6.3699e-06): lin 1 (0.0e+00)
	 #9 (1.1729e-02, 6.3696e-06): lin 1 (0.0e+00)
	 #10 (1.1739e-02, 6.3697e-06): lin 1 (0.0e+00)
FAILED TO CONVERGE WITH DT = 48.545 (newton residual reservoir) 
	 #1 (2.5017e-02, 1.5976e-05): lin 1 (0.0e+00)
	 #2 (4.3131e+01, 2.5403e-06): lin 1 (0.0e+00)
-------------------------------------------------------------------------------------------------------------
 T = 8446.81, DT = 24.2724, NI = 2, LI = 2, RES = 7.9e-03 (2.1e-06), CFL=0.000 (ELAPSED 01:02:33 )
-------------------------------------------------------------------------------------------------------------
	 #1 (5.0950e-02, 3.1336e-05): lin 1 (0.0e+00)
	 #2 (1.5575e+02, 5.1608e-06): lin 1 (0.0e+00)
	 #3 (1.9843e-02, 1.2516e-05): lin 1 (0.0e+00)
	 #4 (1.0586e-02, 1.2516e-05): lin 1 (0.0e+00)
	 #5 (1.0578e-02, 1.2516e-05): lin 1 (0.0e+00)
	 #6 (1.0579e-02, 1.2516e-05): lin 1 (0.0e+00)
	 #7 (1.0563e-02, 1.2516e-05): lin 1 (0.0e+00)
FAILED TO CONVERGE WITH DT = 48.545 (newton residual reservoir) 
	 #1 (2.5475e-02, 1.5668e-05): lin 1 (0.0e+00)
	 #2 (2.2224e+01, 1.8582e-06): lin 1 (0.0e+00)
-------------------------------------------------------------------------------------------------------------
 T = 8471.08, DT = 24.2724, NI = 2, LI = 2, RES = 5.5e-03 (1.2e-06), CFL=0.000 (ELAPSED 01:02:42 )
-------------------------------------------------------------------------------------------------------------
	 #1 (4.9589e-02, 3.0301e-05): lin 1 (0.0e+00)
	 #2 (3.2472e+02, 3.8887e-06): lin 1 (0.0e+00)
	 #3 (7.7674e-02, 3.0139e-06): lin 1 (0.0e+00)
	 #4 (1.0753e-02, 2.5700e-06): lin 1 (0.0e+00)
	 #5 (1.0757e-02, 2.5699e-06): lin 1 (0.0e+00)
	 #6 (1.0757e-02, 2.5700e-06): lin 1 (0.0e+00)
FAILED TO CONVERGE WITH DT = 48.545 (newton residual reservoir) 
	 #1 (2.4795e-02, 1.5151e-05): lin 1 (0.0e+00)
	 #2 (5.5400e+01, 3.8597e-06): lin 1 (0.0e+00)
-------------------------------------------------------------------------------------------------------------
 T = 8495.35, DT = 24.2724, NI = 2, LI = 2, RES = 7.4e-03 (5.9e-07), CFL=0.000 (ELAPSED 01:02:50 )
-------------------------------------------------------------------------------------------------------------
	 #1 (5.0531e-02, 2.9655e-05): lin 1 (0.0e+00)
	 #2 (1.0347e+02, 3.0150e-06): lin 1 (0.0e+00)
	 #3 (2.7772e-02, 2.4432e-06): lin 1 (0.0e+00)
	 #4 (1.1176e-02, 1.0514e-05): lin 1 (0.0e+00)
	 #5 (1.1158e-02, 1.0514e-05): lin 1 (0.0e+00)
	 #6 (1.1178e-02, 1.0514e-05): lin 1 (0.0e+00)
	 #7 (1.1160e-02, 1.0514e-05): lin 1 (0.0e+00)
	 #8 (1.1160e-02, 1.0514e-05): lin 1 (0.0e+00)
	 #9 (1.1178e-02, 1.0514e-05): lin 1 (0.0e+00)
	 #10 (1.1093e-02, 1.0514e-05): lin 1 (0.0e+00)
FAILED TO CONVERGE WITH DT = 48.545 (newton residual reservoir) 
	 #1 (2.5265e-02, 1.4828e-05): lin 1 (0.0e+00)
	 #2 (1.7227e+01, 4.3206e-06): lin 1 (0.0e+00)
-------------------------------------------------------------------------------------------------------------
 T = 8519.63, DT = 24.2724, NI = 2, LI = 2, RES = 6.4e-03 (1.2e-07), CFL=0.000 (ELAPSED 01:03:02 )
-------------------------------------------------------------------------------------------------------------
	 #1 (4.9917e-02, 2.9044e-05): lin 1 (0.0e+00)
	 #2 (9.1102e+01, 2.6550e-06): lin 1 (0.0e+00)
	 #3 (2.1147e-02, 9.5572e-06): lin 1 (0.0e+00)
	 #4 (1.1234e-02, 9.5573e-06): lin 1 (0.0e+00)
	 #5 (1.1212e-02, 9.5574e-06): lin 1 (0.0e+00)
	 #6 (1.1218e-02, 9.5574e-06): lin 1 (0.0e+00)
	 #7 (1.1246e-02, 9.5574e-06): lin 1 (0.0e+00)
	 #8 (1.1227e-02, 9.5574e-06): lin 1 (0.0e+00)
	 #9 (1.1216e-02, 9.5574e-06): lin 1 (0.0e+00)
	 #10 (1.1257e-02, 9.5574e-06): lin 1 (0.0e+00)
FAILED TO CONVERGE WITH DT = 48.545 (newton residual reservoir) 
	 #1 (2.4958e-02, 1.4522e-05): lin 1 (0.0e+00)
	 #2 (1.2330e+01, 5.2818e-06): lin 1 (0.0e+00)
-------------------------------------------------------------------------------------------------------------
 T = 8543.9, DT = 24.2724, NI = 2, LI = 2, RES = 5.6e-03 (3.9e-07), CFL=0.000 (ELAPSED 01:03:14 )
-------------------------------------------------------------------------------------------------------------
	 #1 (4.9460e-02, 2.8583e-05): lin 1 (0.0e+00)
	 #2 (2.2021e+02, 9.6077e-06): lin 1 (0.0e+00)
	 #3 (4.8440e-02, 2.6566e-06): lin 1 (0.0e+00)
	 #4 (1.1450e-02, 8.5566e-06): lin 1 (0.0e+00)
	 #5 (1.1402e-02, 8.5568e-06): lin 1 (0.0e+00)
	 #6 (1.1435e-02, 8.5568e-06): lin 1 (0.0e+00)
	 #7 (1.1443e-02, 8.5568e-06): lin 1 (0.0e+00)
	 #8 (1.1438e-02, 8.5568e-06): lin 1 (0.0e+00)
FAILED TO CONVERGE WITH DT = 48.545 (newton residual reservoir) 
	 #1 (2.4730e-02, 1.4292e-05): lin 1 (0.0e+00)
	 #2 (1.8323e+01, 5.4400e-06): lin 1 (0.0e+00)
-------------------------------------------------------------------------------------------------------------
 T = 8568.17, DT = 24.2724, NI = 2, LI = 2, RES = 5.7e-03 (4.2e-06), CFL=0.000 (ELAPSED 01:03:24 )
-------------------------------------------------------------------------------------------------------------
	 #1 (4.9491e-02, 3.4527e-05): lin 1 (0.0e+00)
	 #2 (3.5227e+02, 2.4491e-06): lin 1 (0.0e+00)
	 #3 (6.2203e-02, 2.5784e-06): lin 1 (0.0e+00)
	 #4 (1.1102e-02, 2.5786e-06): lin 1 (0.0e+00)
	 #5 (1.1104e-02, 2.5782e-06): lin 1 (0.0e+00)
	 #6 (1.1104e-02, 2.5786e-06): lin 1 (0.0e+00)
FAILED TO CONVERGE WITH DT = 48.545 (newton residual reservoir) 
	 #1 (2.4746e-02, 1.7264e-05): lin 1 (0.0e+00)
	 #2 (7.4097e+01, 1.5479e-06): lin 1 (0.0e+00)
-------------------------------------------------------------------------------------------------------------
 T = 8592.44, DT = 24.2724, NI = 2, LI = 2, RES = 8.2e-03 (1.4e-06), CFL=0.000 (ELAPSED 01:03:33 )
-------------------------------------------------------------------------------------------------------------
	 #1 (5.0780e-02, 2.7478e-05): lin 1 (0.0e+00)
	 #2 (1.6735e+02, 8.8339e-06): lin 1 (0.0e+00)
	 #3 (2.5045e-02, 6.8369e-06): lin 1 (0.0e+00)
	 #4 (1.0842e-02, 3.7285e-06): lin 1 (0.0e+00)
	 #5 (1.0871e-02, 3.7285e-06): lin 1 (0.0e+00)
	 #6 (1.0892e-02, 3.7285e-06): lin 1 (0.0e+00)
	 #7 (1.0850e-02, 3.7285e-06): lin 1 (0.0e+00)
	 #8 (1.0860e-02, 3.7285e-06): lin 1 (0.0e+00)
	 #9 (1.0892e-02, 3.7284e-06): lin 1 (0.0e+00)
FAILED TO CONVERGE WITH DT = 48.545 (newton residual reservoir) 
	 #1 (2.5390e-02, 1.3739e-05): lin 1 (0.0e+00)
	 #2 (2.7177e+01, 3.8373e-06): lin 1 (0.0e+00)
-------------------------------------------------------------------------------------------------------------
 T = 8616.72, DT = 24.2724, NI = 2, LI = 2, RES = 5.5e-03 (2.0e-06), CFL=0.000 (ELAPSED 01:03:45 )
-------------------------------------------------------------------------------------------------------------
	 #1 (4.9264e-02, 2.7178e-05): lin 1 (0.0e+00)
	 #2 (1.2351e+02, 3.2082e-06): lin 1 (0.0e+00)
	 #3 (1.3984e-02, 5.8864e-06): lin 1 (0.0e+00)
	 #4 (1.1191e-02, 5.8859e-06): lin 1 (0.0e+00)
	 #5 (1.1182e-02, 5.8862e-06): lin 1 (0.0e+00)
	 #6 (1.1196e-02, 5.8859e-06): lin 1 (0.0e+00)
	 #7 (1.1196e-02, 5.8861e-06): lin 1 (0.0e+00)
	 #8 (1.1202e-02, 5.8863e-06): lin 1 (0.0e+00)
FAILED TO CONVERGE WITH DT = 48.545 (newton residual reservoir) 
	 #1 (2.4632e-02, 1.3589e-05): lin 1 (0.0e+00)
	 #2 (1.6321e+01, 3.3710e-06): lin 1 (0.0e+00)
-------------------------------------------------------------------------------------------------------------
 T = 8640.99, DT = 24.2724, NI = 2, LI = 2, RES = 5.4e-03 (2.3e-06), CFL=0.000 (ELAPSED 01:03:55 )
-------------------------------------------------------------------------------------------------------------
	 #1 (4.9146e-02, 2.6555e-05): lin 1 (0.0e+00)
	 #2 (1.8310e+02, 3.3682e-06): lin 1 (0.0e+00)
	 #3 (2.5897e-02, 4.2534e-06): lin 1 (0.0e+00)
	 #4 (1.0796e-02, 4.2530e-06): lin 1 (0.0e+00)
	 #5 (1.0819e-02, 4.2532e-06): lin 1 (0.0e+00)
	 #6 (1.0839e-02, 4.2530e-06): lin 1 (0.0e+00)
	 #7 (1.0788e-02, 4.2532e-06): lin 1 (0.0e+00)
	 #8 (1.0818e-02, 4.2530e-06): lin 1 (0.0e+00)
	 #9 (1.0828e-02, 4.2532e-06): lin 1 (0.0e+00)
	 #10 (1.0771e-02, 4.2530e-06): lin 1 (0.0e+00)
FAILED TO CONVERGE WITH DT = 48.545 (newton residual reservoir) 
	 #1 (2.4573e-02, 1.3278e-05): lin 1 (0.0e+00)
	 #2 (3.8243e+01, 2.3096e-06): lin 1 (0.0e+00)
-------------------------------------------------------------------------------------------------------------
 T = 8665.26, DT = 24.2724, NI = 2, LI = 2, RES = 5.8e-03 (2.8e-06), CFL=0.000 (ELAPSED 01:04:07 )
-------------------------------------------------------------------------------------------------------------
	 #1 (4.9261e-02, 2.5957e-05): lin 1 (0.0e+00)
	 #2 (2.1371e+02, 4.3366e-06): lin 1 (0.0e+00)
	 #3 (3.6675e-02, 7.5137e-06): lin 1 (0.0e+00)
	 #4 (1.1711e-02, 2.7467e-06): lin 1 (0.0e+00)
	 #5 (1.1713e-02, 2.7467e-06): lin 1 (0.0e+00)
	 #6 (1.1728e-02, 2.7467e-06): lin 1 (0.0e+00)
	 #7 (1.1728e-02, 2.7467e-06): lin 1 (0.0e+00)
	 #8 (1.1713e-02, 2.7467e-06): lin 1 (0.0e+00)
FAILED TO CONVERGE WITH DT = 48.545 (newton residual reservoir) 
	 #1 (2.4630e-02, 1.2979e-05): lin 1 (0.0e+00)
	 #2 (3.3671e+01, 2.8535e-06): lin 1 (0.0e+00)
-------------------------------------------------------------------------------------------------------------
 T = 8689.53, DT = 24.2724, NI = 2, LI = 2, RES = 6.3e-03 (3.7e-06), CFL=0.000 (ELAPSED 01:04:17 )
-------------------------------------------------------------------------------------------------------------
	 #1 (4.9430e-02, 2.5380e-05): lin 1 (0.0e+00)
	 #2 (3.6705e+02, 4.0035e-06): lin 1 (0.0e+00)
	 #3 (1.1216e-01, 2.6662e-06): lin 1 (0.0e+00)
	 #4 (1.0543e-02, 1.7084e-06): lin 1 (0.0e+00)
	 #5 (1.0534e-02, 1.7084e-06): lin 1 (0.0e+00)
	 #6 (1.0535e-02, 1.7084e-06): lin 1 (0.0e+00)
	 #7 (1.0532e-02, 1.7084e-06): lin 1 (0.0e+00)
FAILED TO CONVERGE WITH DT = 48.545 (newton residual reservoir) 
	 #1 (2.4715e-02, 1.2690e-05): lin 1 (0.0e+00)
	 #2 (7.3930e+01, 1.2480e-06): lin 1 (0.0e+00)
	 #3 (1.1042e-02, 2.6039e-06): lin 1 (0.0e+00)
-------------------------------------------------------------------------------------------------------------
 T = 8713.8, DT = 24.2724, NI = 3, LI = 3, RES = 5.5e-03 (7.7e-07), CFL=0.000 (ELAPSED 01:04:27 )
-------------------------------------------------------------------------------------------------------------
	 #1 (4.9002e-02, 3.0710e-05): lin 1 (0.0e+00)
	 #2 (8.8777e+01, 7.3129e-06): lin 1 (0.0e+00)
	 #3 (4.1220e-02, 9.6390e-06): lin 1 (0.0e+00)
	 #4 (1.1474e-02, 4.9168e-07): lin 1 (0.0e+00)
	 #5 (1.1475e-02, 4.9168e-07): lin 1 (0.0e+00)
	 #6 (1.1475e-02, 4.9168e-07): lin 1 (0.0e+00)
	 #7 (1.1497e-02, 4.9168e-07): lin 1 (0.0e+00)
	 #8 (1.1462e-02, 4.9168e-07): lin 1 (0.0e+00)
FAILED TO CONVERGE WITH DT = 48.545 (newton residual reservoir) 
	 #1 (2.4501e-02, 1.5355e-05): lin 1 (0.0e+00)
	 #2 (2.0439e+01, 4.1972e-06): lin 1 (0.0e+00)
-------------------------------------------------------------------------------------------------------------
 T = 8738.08, DT = 24.2724, NI = 2, LI = 2, RES = 7.4e-03 (1.5e-06), CFL=0.000 (ELAPSED 01:04:38 )
-------------------------------------------------------------------------------------------------------------
	 #1 (4.9941e-02, 3.0351e-05): lin 1 (0.0e+00)
	 #2 (5.8931e+01, 2.6495e-06): lin 1 (0.0e+00)
	 #3 (1.1369e-02, 2.4720e-06): lin 1 (0.0e+00)
	 #4 (1.1936e-02, 1.0886e-05): lin 1 (0.0e+00)
	 #5 (1.1936e-02, 1.0886e-05): lin 1 (0.0e+00)
	 #6 (1.1935e-02, 1.0886e-05): lin 1 (0.0e+00)
FAILED TO CONVERGE WITH DT = 48.545 (newton residual reservoir) 
	 #1 (2.4971e-02, 1.5176e-05): lin 1 (0.0e+00)
	 #2 (4.3239e+00, 1.2367e-06): lin 1 (0.0e+00)
-------------------------------------------------------------------------------------------------------------
 T = 8762.35, DT = 24.2724, NI = 2, LI = 2, RES = 5.7e-03 (4.7e-07), CFL=0.000 (ELAPSED 01:04:46 )
-------------------------------------------------------------------------------------------------------------
	 #1 (4.8973e-02, 2.9318e-05): lin 1 (0.0e+00)
	 #2 (2.0513e+02, 1.0605e-05): lin 1 (0.0e+00)
	 #3 (3.0739e-02, 8.9773e-06): lin 1 (0.0e+00)
	 #4 (1.0883e-02, 3.0081e-06): lin 1 (0.0e+00)
	 #5 (1.0889e-02, 3.0082e-06): lin 1 (0.0e+00)
	 #6 (1.0908e-02, 3.0082e-06): lin 1 (0.0e+00)
	 #7 (1.0902e-02, 3.0082e-06): lin 1 (0.0e+00)
	 #8 (1.0883e-02, 3.0082e-06): lin 1 (0.0e+00)
	 #9 (1.0908e-02, 3.0082e-06): lin 1 (0.0e+00)
FAILED TO CONVERGE WITH DT = 48.545 (newton residual reservoir) 
	 #1 (2.4487e-02, 1.4659e-05): lin 1 (0.0e+00)
	 #2 (2.7235e+01, 5.4204e-06): lin 1 (0.0e+00)
-------------------------------------------------------------------------------------------------------------
 T = 8786.62, DT = 24.2724, NI = 2, LI = 2, RES = 5.6e-03 (1.3e-06), CFL=0.000 (ELAPSED 01:04:57 )
-------------------------------------------------------------------------------------------------------------
	 #1 (4.8871e-02, 2.9027e-05): lin 1 (0.0e+00)
	 #2 (1.6889e+02, 1.0185e-05): lin 1 (0.0e+00)
	 #3 (2.5695e-02, 2.6518e-06): lin 1 (0.0e+00)
	 #4 (1.0780e-02, 2.6518e-06): lin 1 (0.0e+00)
	 #5 (1.0792e-02, 2.6520e-06): lin 1 (0.0e+00)
	 #6 (1.0785e-02, 2.6520e-06): lin 1 (0.0e+00)
FAILED TO CONVERGE WITH DT = 48.545 (newton residual reservoir) 
	 #1 (2.4435e-02, 1.4513e-05): lin 1 (0.0e+00)
	 #2 (2.4116e+01, 4.4205e-06): lin 1 (0.0e+00)
-------------------------------------------------------------------------------------------------------------
 T = 8810.89, DT = 24.2724, NI = 2, LI = 2, RES = 5.5e-03 (4.1e-06), CFL=0.000 (ELAPSED 01:05:05 )
-------------------------------------------------------------------------------------------------------------
	 #1 (4.8787e-02, 3.5398e-05): lin 1 (0.0e+00)
	 #2 (2.2044e+02, 9.8360e-06): lin 1 (0.0e+00)
	 #3 (6.2525e-02, 7.9289e-06): lin 1 (0.0e+00)
	 #4 (1.1143e-02, 7.9289e-06): lin 1 (0.0e+00)
	 #5 (1.1153e-02, 7.9291e-06): lin 1 (0.0e+00)
	 #6 (1.1143e-02, 7.9289e-06): lin 1 (0.0e+00)
FAILED TO CONVERGE WITH DT = 48.545 (newton residual reservoir) 
	 #1 (2.4393e-02, 1.7699e-05): lin 1 (0.0e+00)
	 #2 (4.3870e+01, 4.3086e-06): lin 1 (0.0e+00)
-------------------------------------------------------------------------------------------------------------
 T = 8835.17, DT = 24.2724, NI = 2, LI = 2, RES = 7.3e-03 (1.2e-06), CFL=0.000 (ELAPSED 01:05:14 )
-------------------------------------------------------------------------------------------------------------
	 #1 (4.9676e-02, 2.8565e-05): lin 1 (0.0e+00)
	 #2 (1.5019e+02, 2.5107e-06): lin 1 (0.0e+00)
	 #3 (1.3113e-02, 3.1930e-06): lin 1 (0.0e+00)
	 #4 (1.0637e-02, 1.3305e-05): lin 1 (0.0e+00)
	 #5 (1.0628e-02, 1.3305e-05): lin 1 (0.0e+00)
	 #6 (1.0632e-02, 1.3305e-05): lin 1 (0.0e+00)
FAILED TO CONVERGE WITH DT = 48.545 (newton residual reservoir) 
	 #1 (2.4838e-02, 1.4283e-05): lin 1 (0.0e+00)
	 #2 (2.0587e+01, 4.0461e-06): lin 1 (0.0e+00)
-------------------------------------------------------------------------------------------------------------
 T = 8859.44, DT = 24.2724, NI = 2, LI = 2, RES = 5.8e-03 (6.8e-06), CFL=0.000 (ELAPSED 01:05:22 )
-------------------------------------------------------------------------------------------------------------
	 #1 (4.8773e-02, 3.1837e-05): lin 1 (0.0e+00)
	 #2 (1.1108e+02, 8.0622e-06): lin 1 (0.0e+00)
	 #3 (1.7326e-02, 4.4037e-06): lin 1 (0.0e+00)
	 #4 (1.1291e-02, 4.2348e-06): lin 1 (0.0e+00)
	 #5 (1.1322e-02, 4.2350e-06): lin 1 (0.0e+00)
	 #6 (1.1321e-02, 4.2348e-06): lin 1 (0.0e+00)
	 #7 (1.1316e-02, 4.2350e-06): lin 1 (0.0e+00)
	 #8 (1.1335e-02, 4.2348e-06): lin 1 (0.0e+00)
FAILED TO CONVERGE WITH DT = 48.545 (newton residual reservoir) 
	 #1 (2.4387e-02, 1.5919e-05): lin 1 (0.0e+00)
	 #2 (1.9185e+01, 1.6218e-06): lin 1 (0.0e+00)
-------------------------------------------------------------------------------------------------------------
 T = 8883.71, DT = 24.2724, NI = 2, LI = 2, RES = 5.6e-03 (3.0e-06), CFL=0.000 (ELAPSED 01:05:32 )
-------------------------------------------------------------------------------------------------------------
	 #1 (4.8619e-02, 3.4253e-05): lin 1 (0.0e+00)
	 #2 (1.9944e+02, 7.2726e-06): lin 1 (0.0e+00)
	 #3 (1.7186e-02, 4.8694e-06): lin 1 (0.0e+00)
	 #4 (1.1220e-02, 4.8692e-06): lin 1 (0.0e+00)
	 #5 (1.1248e-02, 4.8695e-06): lin 1 (0.0e+00)
	 #6 (1.1253e-02, 4.8692e-06): lin 1 (0.0e+00)
	 #7 (1.1243e-02, 4.8695e-06): lin 1 (0.0e+00)
FAILED TO CONVERGE WITH DT = 48.545 (newton residual reservoir) 
	 #1 (2.4310e-02, 1.7127e-05): lin 1 (0.0e+00)
	 #2 (2.3886e+01, 2.9712e-06): lin 1 (0.0e+00)
-------------------------------------------------------------------------------------------------------------
 T = 8907.98, DT = 24.2724, NI = 2, LI = 2, RES = 5.5e-03 (2.4e-06), CFL=0.000 (ELAPSED 01:05:41 )
-------------------------------------------------------------------------------------------------------------
	 #1 (4.8547e-02, 3.3561e-05): lin 1 (0.0e+00)
	 #2 (2.5276e+02, 4.3403e-06): lin 1 (0.0e+00)
	 #3 (6.6715e-02, 6.5430e-06): lin 1 (0.0e+00)
	 #4 (1.1143e-02, 3.9576e-06): lin 1 (0.0e+00)
	 #5 (1.1235e-02, 3.9581e-06): lin 1 (0.0e+00)
	 #6 (1.1143e-02, 3.9582e-06): lin 1 (0.0e+00)
	 #7 (1.1234e-02, 3.9580e-06): lin 1 (0.0e+00)
	 #8 (1.1239e-02, 3.9582e-06): lin 1 (0.0e+00)
	 #9 (1.1145e-02, 3.9580e-06): lin 1 (0.0e+00)
FAILED TO CONVERGE WITH DT = 48.545 (newton residual reservoir) 
	 #1 (2.4273e-02, 1.6780e-05): lin 1 (0.0e+00)
	 #2 (3.8524e+01, 2.3836e-06): lin 1 (0.0e+00)
-------------------------------------------------------------------------------------------------------------
 T = 8932.26, DT = 24.2724, NI = 2, LI = 2, RES = 6.4e-03 (3.4e-06), CFL=0.000 (ELAPSED 01:05:52 )
-------------------------------------------------------------------------------------------------------------
	 #1 (4.8918e-02, 2.6487e-05): lin 1 (0.0e+00)
	 #2 (2.6410e+02, 5.0119e-06): lin 1 (0.0e+00)
	 #3 (4.1138e-02, 7.4384e-06): lin 1 (0.0e+00)
	 #4 (1.0944e-02, 7.5777e-06): lin 1 (0.0e+00)
	 #5 (1.0961e-02, 7.5773e-06): lin 1 (0.0e+00)
	 #6 (1.0941e-02, 7.5774e-06): lin 1 (0.0e+00)
	 #7 (1.0964e-02, 7.5773e-06): lin 1 (0.0e+00)
	 #8 (1.0945e-02, 7.5774e-06): lin 1 (0.0e+00)
FAILED TO CONVERGE WITH DT = 48.545 (newton residual reservoir) 
	 #1 (2.4459e-02, 1.3244e-05): lin 1 (0.0e+00)
	 #2 (4.9474e+01, 1.9213e-06): lin 1 (0.0e+00)
-------------------------------------------------------------------------------------------------------------
 T = 8956.53, DT = 24.2724, NI = 2, LI = 2, RES = 6.4e-03 (3.8e-06), CFL=0.000 (ELAPSED 01:06:02 )
-------------------------------------------------------------------------------------------------------------
	 #1 (4.8829e-02, 2.6102e-05): lin 1 (0.0e+00)
	 #2 (2.0867e+02, 4.0760e-06): lin 1 (0.0e+00)
	 #3 (5.3022e-02, 2.6117e-06): lin 1 (0.0e+00)
	 #4 (1.1425e-02, 1.4876e-06): lin 1 (0.0e+00)
	 #5 (1.1407e-02, 1.4875e-06): lin 1 (0.0e+00)
	 #6 (1.1416e-02, 1.4875e-06): lin 1 (0.0e+00)
	 #7 (1.1419e-02, 1.4875e-06): lin 1 (0.0e+00)
	 #8 (1.1370e-02, 1.4875e-06): lin 1 (0.0e+00)
	 #9 (1.1448e-02, 1.4875e-06): lin 1 (0.0e+00)
FAILED TO CONVERGE WITH DT = 48.545 (newton residual reservoir) 
	 #1 (2.4415e-02, 1.3051e-05): lin 1 (0.0e+00)
	 #2 (3.3435e+01, 1.3639e-06): lin 1 (0.0e+00)
-------------------------------------------------------------------------------------------------------------
 T = 8980.8, DT = 24.2724, NI = 2, LI = 2, RES = 7.0e-03 (4.3e-06), CFL=0.000 (ELAPSED 01:06:14 )
-------------------------------------------------------------------------------------------------------------
	 #1 (4.9119e-02, 2.7159e-05): lin 1 (0.0e+00)
	 #2 (2.9322e+02, 2.8930e-06): lin 1 (0.0e+00)
	 #3 (4.4644e-02, 3.5865e-07): lin 1 (0.0e+00)
	 #4 (1.0950e-02, 2.4376e-06): lin 1 (0.0e+00)
	 #5 (1.0945e-02, 2.4376e-06): lin 1 (0.0e+00)
	 #6 (1.0941e-02, 2.4376e-06): lin 1 (0.0e+00)
FAILED TO CONVERGE WITH DT = 48.545 (newton residual reservoir) 
	 #1 (2.4559e-02, 1.3580e-05): lin 1 (0.0e+00)
	 #2 (5.9078e+01, 4.4182e-06): lin 1 (0.0e+00)
-------------------------------------------------------------------------------------------------------------
 T = 9005.07, DT = 24.2724, NI = 2, LI = 2, RES = 6.4e-03 (1.4e-07), CFL=0.000 (ELAPSED 01:06:22 )
-------------------------------------------------------------------------------------------------------------
	 #1 (4.8765e-02, 3.0944e-05): lin 1 (0.0e+00)
	 #2 (9.7989e+01, 8.7109e-06): lin 1 (0.0e+00)
	 #3 (2.2730e-02, 2.4544e-06): lin 1 (0.0e+00)
	 #4 (1.1164e-02, 5.7298e-07): lin 1 (0.0e+00)
	 #5 (1.1187e-02, 5.7290e-07): lin 1 (0.0e+00)
	 #6 (1.1158e-02, 5.7307e-07): lin 1 (0.0e+00)
	 #7 (1.1164e-02, 5.7280e-07): lin 1 (0.0e+00)
	 #8 (1.1187e-02, 5.7288e-07): lin 1 (0.0e+00)
FAILED TO CONVERGE WITH DT = 48.545 (newton residual reservoir) 
	 #1 (2.4382e-02, 1.5472e-05): lin 1 (0.0e+00)
	 #2 (1.6793e+01, 1.7649e-07): lin 1 (0.0e+00)
-------------------------------------------------------------------------------------------------------------
 T = 9029.35, DT = 24.2724, NI = 2, LI = 2, RES = 5.5e-03 (4.7e-06), CFL=0.000 (ELAPSED 01:06:33 )
-------------------------------------------------------------------------------------------------------------
	 #1 (4.8270e-02, 3.6916e-05): lin 1 (0.0e+00)
	 #2 (9.3819e+01, 2.9212e-06): lin 1 (0.0e+00)
	 #3 (1.5768e-02, 1.1745e-05): lin 1 (0.0e+00)
	 #4 (1.1039e-02, 1.6383e-06): lin 1 (0.0e+00)
	 #5 (1.1010e-02, 1.6382e-06): lin 1 (0.0e+00)
	 #6 (1.1025e-02, 1.6380e-06): lin 1 (0.0e+00)
	 #7 (1.1025e-02, 1.6383e-06): lin 1 (0.0e+00)
	 #8 (1.1036e-02, 1.6382e-06): lin 1 (0.0e+00)
FAILED TO CONVERGE WITH DT = 48.545 (newton residual reservoir) 
	 #1 (2.4135e-02, 1.8458e-05): lin 1 (0.0e+00)
	 #2 (1.9848e+01, 3.5862e-07): lin 1 (0.0e+00)
-------------------------------------------------------------------------------------------------------------
 T = 9053.62, DT = 24.2724, NI = 2, LI = 2, RES = 5.4e-03 (4.3e-06), CFL=0.000 (ELAPSED 01:06:43 )
-------------------------------------------------------------------------------------------------------------
	 #1 (4.8181e-02, 3.6455e-05): lin 1 (0.0e+00)
	 #2 (1.5196e+02, 3.3147e-07): lin 1 (0.0e+00)
	 #3 (2.3893e-02, 2.8858e-06): lin 1 (0.0e+00)
	 #4 (1.1112e-02, 3.1278e-06): lin 1 (0.0e+00)
	 #5 (1.1107e-02, 3.1277e-06): lin 1 (0.0e+00)
	 #6 (1.1132e-02, 3.1275e-06): lin 1 (0.0e+00)
	 #7 (1.1101e-02, 3.1276e-06): lin 1 (0.0e+00)
	 #8 (1.1132e-02, 3.1275e-06): lin 1 (0.0e+00)
	 #9 (1.1132e-02, 3.1276e-06): lin 1 (0.0e+00)
	 #10 (1.1064e-02, 3.1275e-06): lin 1 (0.0e+00)
FAILED TO CONVERGE WITH DT = 48.545 (newton residual reservoir) 
	 #1 (2.4090e-02, 1.8228e-05): lin 1 (0.0e+00)
	 #2 (1.0009e+01, 7.2736e-07): lin 1 (0.0e+00)
-------------------------------------------------------------------------------------------------------------
 T = 9077.89, DT = 24.2724, NI = 2, LI = 2, RES = 5.3e-03 (1.7e-06), CFL=0.000 (ELAPSED 01:06:55 )
-------------------------------------------------------------------------------------------------------------
	 #1 (4.8086e-02, 2.9368e-05): lin 1 (0.0e+00)
	 #2 (2.7320e+02, 1.7463e-06): lin 1 (0.0e+00)
	 #3 (8.5301e-02, 1.4053e-05): lin 1 (0.0e+00)
	 #4 (1.0919e-02, 6.2422e-06): lin 1 (0.0e+00)
	 #5 (1.0982e-02, 6.2422e-06): lin 1 (0.0e+00)
	 #6 (1.0924e-02, 6.2423e-06): lin 1 (0.0e+00)
	 #7 (1.0919e-02, 6.2421e-06): lin 1 (0.0e+00)
FAILED TO CONVERGE WITH DT = 48.545 (newton residual reservoir) 
	 #1 (2.4043e-02, 1.4684e-05): lin 1 (0.0e+00)
	 #2 (6.0973e+01, 1.5616e-06): lin 1 (0.0e+00)
	 #3 (1.0806e-02, 2.0296e-06): lin 1 (0.0e+00)
-------------------------------------------------------------------------------------------------------------
 T = 9102.16, DT = 24.2724, NI = 3, LI = 3, RES = 5.4e-03 (2.0e-06), CFL=0.000 (ELAPSED 01:07:05 )
-------------------------------------------------------------------------------------------------------------
	 #1 (4.8073e-02, 2.8547e-05): lin 1 (0.0e+00)
	 #2 (1.7076e+02, 7.7088e-06): lin 1 (0.0e+00)
	 #3 (3.7566e-02, 5.6906e-06): lin 1 (0.0e+00)
	 #4 (1.1240e-02, 5.6346e-06): lin 1 (0.0e+00)
	 #5 (1.1240e-02, 5.6346e-06): lin 1 (0.0e+00)
	 #6 (1.1263e-02, 5.6347e-06): lin 1 (0.0e+00)
	 #7 (1.1240e-02, 5.6346e-06): lin 1 (0.0e+00)
FAILED TO CONVERGE WITH DT = 48.545 (newton residual reservoir) 
	 #1 (2.4036e-02, 1.4273e-05): lin 1 (0.0e+00)
	 #2 (3.3807e+01, 1.8310e-06): lin 1 (0.0e+00)
-------------------------------------------------------------------------------------------------------------
 T = 9126.44, DT = 24.2724, NI = 2, LI = 2, RES = 6.1e-03 (2.5e-06), CFL=0.000 (ELAPSED 01:07:15 )
-------------------------------------------------------------------------------------------------------------
	 #1 (4.8347e-02, 2.8283e-05): lin 1 (0.0e+00)
	 #2 (1.6872e+02, 3.4988e-06): lin 1 (0.0e+00)
	 #3 (1.9739e-02, 5.4887e-06): lin 1 (0.0e+00)
	 #4 (1.1662e-02, 4.6226e-06): lin 1 (0.0e+00)
	 #5 (1.1588e-02, 4.6228e-06): lin 1 (0.0e+00)
	 #6 (1.1596e-02, 4.6226e-06): lin 1 (0.0e+00)
	 #7 (1.1633e-02, 4.6226e-06): lin 1 (0.0e+00)
	 #8 (1.1588e-02, 4.6228e-06): lin 1 (0.0e+00)
	 #9 (1.1626e-02, 4.6226e-06): lin 1 (0.0e+00)
FAILED TO CONVERGE WITH DT = 48.545 (newton residual reservoir) 
	 #1 (2.4174e-02, 1.4142e-05): lin 1 (0.0e+00)
	 #2 (3.0436e+01, 2.3086e-06): lin 1 (0.0e+00)
-------------------------------------------------------------------------------------------------------------
 T = 9150.71, DT = 24.2724, NI = 2, LI = 2, RES = 6.0e-03 (2.8e-06), CFL=0.000 (ELAPSED 01:07:26 )
-------------------------------------------------------------------------------------------------------------
	 #1 (4.8225e-02, 2.7874e-05): lin 1 (0.0e+00)
	 #2 (1.4550e+02, 4.2825e-06): lin 1 (0.0e+00)
	 #3 (1.3971e-02, 6.6809e-06): lin 1 (0.0e+00)
	 #4 (1.0445e-02, 6.6806e-06): lin 1 (0.0e+00)
	 #5 (1.0406e-02, 6.6805e-06): lin 1 (0.0e+00)
	 #6 (1.0432e-02, 6.6805e-06): lin 1 (0.0e+00)
	 #7 (1.0406e-02, 6.6806e-06): lin 1 (0.0e+00)
	 #8 (1.0427e-02, 6.6807e-06): lin 1 (0.0e+00)
	 #9 (1.0432e-02, 6.6805e-06): lin 1 (0.0e+00)
	 #10 (1.0450e-02, 6.6805e-06): lin 1 (0.0e+00)
	 #11 (1.0414e-02, 6.6806e-06): lin 1 (0.0e+00)
FAILED TO CONVERGE WITH DT = 48.545 (newton residual reservoir) 
	 #1 (2.4113e-02, 1.3937e-05): lin 1 (0.0e+00)
	 #2 (2.5687e+01, 2.3581e-06): lin 1 (0.0e+00)
-------------------------------------------------------------------------------------------------------------
 T = 9174.98, DT = 24.2724, NI = 2, LI = 2, RES = 5.4e-03 (1.9e-06), CFL=0.000 (ELAPSED 01:07:39 )
-------------------------------------------------------------------------------------------------------------
	 #1 (4.7889e-02, 3.3763e-05): lin 1 (0.0e+00)
	 #2 (2.1916e+02, 5.8281e-06): lin 1 (0.0e+00)
	 #3 (4.0961e-02, 2.2135e-06): lin 1 (0.0e+00)
	 #4 (1.1277e-02, 2.2135e-06): lin 1 (0.0e+00)
	 #5 (1.1293e-02, 2.2136e-06): lin 1 (0.0e+00)
	 #6 (1.1286e-02, 2.2136e-06): lin 1 (0.0e+00)
	 #7 (1.1277e-02, 2.2136e-06): lin 1 (0.0e+00)
	 #8 (1.1293e-02, 2.2136e-06): lin 1 (0.0e+00)
FAILED TO CONVERGE WITH DT = 48.545 (newton residual reservoir) 
	 #1 (2.3944e-02, 1.6882e-05): lin 1 (0.0e+00)
	 #2 (2.2653e+01, 6.6760e-06): lin 1 (0.0e+00)
-------------------------------------------------------------------------------------------------------------
 T = 9199.25, DT = 24.2724, NI = 2, LI = 2, RES = 5.9e-03 (1.6e-06), CFL=0.000 (ELAPSED 01:07:50 )
-------------------------------------------------------------------------------------------------------------
	 #1 (4.8068e-02, 3.3045e-05): lin 1 (0.0e+00)
	 #2 (3.7241e+02, 6.7202e-06): lin 1 (0.0e+00)
	 #3 (6.1131e-02, 9.1772e-06): lin 1 (0.0e+00)
	 #4 (1.0839e-02, 9.1771e-06): lin 1 (0.0e+00)
	 #5 (1.0868e-02, 9.1771e-06): lin 1 (0.0e+00)
	 #6 (1.0842e-02, 9.1772e-06): lin 1 (0.0e+00)
	 #7 (1.0847e-02, 9.1772e-06): lin 1 (0.0e+00)
	 #8 (1.0857e-02, 9.1772e-06): lin 1 (0.0e+00)
FAILED TO CONVERGE WITH DT = 48.545 (newton residual reservoir) 
	 #1 (2.4034e-02, 1.6523e-05): lin 1 (0.0e+00)
	 #2 (7.7251e+01, 3.9120e-06): lin 1 (0.0e+00)
-------------------------------------------------------------------------------------------------------------
 T = 9223.53, DT = 24.2724, NI = 2, LI = 2, RES = 8.0e-03 (5.6e-06), CFL=0.000 (ELAPSED 01:08:00 )
-------------------------------------------------------------------------------------------------------------
	 #1 (4.9211e-02, 3.8861e-05): lin 1 (0.0e+00)
	 #2 (9.4214e+01, 7.8664e-06): lin 1 (0.0e+00)
	 #3 (1.3520e-02, 9.8481e-06): lin 1 (0.0e+00)
	 #4 (1.0910e-02, 9.8482e-06): lin 1 (0.0e+00)
	 #5 (1.0883e-02, 9.8481e-06): lin 1 (0.0e+00)
	 #6 (1.0907e-02, 9.8481e-06): lin 1 (0.0e+00)
	 #7 (1.0910e-02, 9.8481e-06): lin 1 (0.0e+00)
	 #8 (1.0895e-02, 9.8481e-06): lin 1 (0.0e+00)
	 #9 (1.0921e-02, 9.8481e-06): lin 1 (0.0e+00)
FAILED TO CONVERGE WITH DT = 48.545 (newton residual reservoir) 
	 #1 (2.4606e-02, 1.9431e-05): lin 1 (0.0e+00)
	 #2 (1.6876e+01, 1.5082e-06): lin 1 (0.0e+00)
-------------------------------------------------------------------------------------------------------------
 T = 9247.8, DT = 24.2724, NI = 2, LI = 2, RES = 5.5e-03 (5.2e-06), CFL=0.000 (ELAPSED 01:08:11 )
-------------------------------------------------------------------------------------------------------------
	 #1 (4.7778e-02, 2.9670e-05): lin 1 (0.0e+00)
	 #2 (1.4578e+02, 7.5851e-07): lin 1 (0.0e+00)
	 #3 (2.4307e-02, 2.5681e-06): lin 1 (0.0e+00)
	 #4 (1.1624e-02, 1.1403e-05): lin 1 (0.0e+00)
	 #5 (1.1615e-02, 1.1403e-05): lin 1 (0.0e+00)
	 #6 (1.1593e-02, 1.1403e-05): lin 1 (0.0e+00)
	 #7 (1.1617e-02, 1.1403e-05): lin 1 (0.0e+00)
	 #8 (1.1603e-02, 1.1403e-05): lin 1 (0.0e+00)
FAILED TO CONVERGE WITH DT = 48.545 (newton residual reservoir) 
	 #1 (2.3889e-02, 1.4835e-05): lin 1 (0.0e+00)
	 #2 (2.4442e+01, 1.8247e-07): lin 1 (0.0e+00)
-------------------------------------------------------------------------------------------------------------
 T = 9272.07, DT = 24.2724, NI = 2, LI = 2, RES = 5.5e-03 (6.4e-07), CFL=0.000 (ELAPSED 01:08:21 )
-------------------------------------------------------------------------------------------------------------
	 #1 (4.7721e-02, 3.0946e-05): lin 1 (0.0e+00)
	 #2 (1.2759e+02, 1.0029e-05): lin 1 (0.0e+00)
	 #3 (5.1862e-02, 2.8915e-06): lin 1 (0.0e+00)
	 #4 (1.1066e-02, 1.2616e-05): lin 1 (0.0e+00)
	 #5 (1.1058e-02, 1.2616e-05): lin 1 (0.0e+00)
	 #6 (1.1065e-02, 1.2615e-05): lin 1 (0.0e+00)
FAILED TO CONVERGE WITH DT = 48.545 (newton residual reservoir) 
	 #1 (2.3860e-02, 1.5473e-05): lin 1 (0.0e+00)
	 #2 (2.5916e+01, 1.2503e-06): lin 1 (0.0e+00)
-------------------------------------------------------------------------------------------------------------
 T = 9296.34, DT = 24.2724, NI = 2, LI = 2, RES = 7.6e-03 (1.7e-06), CFL=0.000 (ELAPSED 01:08:29 )
-------------------------------------------------------------------------------------------------------------
	 #1 (4.8786e-02, 3.0427e-05): lin 1 (0.0e+00)
	 #2 (8.0456e+01, 2.5825e-06): lin 1 (0.0e+00)
	 #3 (1.1171e-02, 4.0259e-06): lin 1 (0.0e+00)
	 #4 (1.1486e-02, 3.9452e-06): lin 1 (0.0e+00)
	 #5 (1.1459e-02, 3.9452e-06): lin 1 (0.0e+00)
	 #6 (1.1454e-02, 3.9453e-06): lin 1 (0.0e+00)
	 #7 (1.1491e-02, 3.9451e-06): lin 1 (0.0e+00)
	 #8 (1.1469e-02, 3.9451e-06): lin 1 (0.0e+00)
	 #9 (1.1476e-02, 3.9452e-06): lin 1 (0.0e+00)
FAILED TO CONVERGE WITH DT = 48.545 (newton residual reservoir) 
	 #1 (2.4393e-02, 1.5214e-05): lin 1 (0.0e+00)
	 #2 (1.4353e+01, 3.8254e-06): lin 1 (0.0e+00)
-------------------------------------------------------------------------------------------------------------
 T = 9320.62, DT = 24.2724, NI = 2, LI = 2, RES = 5.5e-03 (1.8e-06), CFL=0.000 (ELAPSED 01:08:41 )
-------------------------------------------------------------------------------------------------------------
	 #1 (4.7577e-02, 2.9644e-05): lin 1 (0.0e+00)
	 #2 (1.8193e+02, 2.5895e-06): lin 1 (0.0e+00)
	 #3 (2.4378e-02, 4.9795e-06): lin 1 (0.0e+00)
	 #4 (1.0932e-02, 5.0434e-06): lin 1 (0.0e+00)
	 #5 (1.0912e-02, 5.0435e-06): lin 1 (0.0e+00)
	 #6 (1.0918e-02, 5.0435e-06): lin 1 (0.0e+00)
	 #7 (1.0932e-02, 5.0435e-06): lin 1 (0.0e+00)
FAILED TO CONVERGE WITH DT = 48.545 (newton residual reservoir) 
	 #1 (2.3789e-02, 1.4822e-05): lin 1 (0.0e+00)
	 #2 (1.3101e+01, 1.9709e-06): lin 1 (0.0e+00)
-------------------------------------------------------------------------------------------------------------
 T = 9344.89, DT = 24.2724, NI = 2, LI = 2, RES = 5.6e-03 (2.5e-06), CFL=0.000 (ELAPSED 01:08:50 )
-------------------------------------------------------------------------------------------------------------
	 #1 (4.7578e-02, 2.8795e-05): lin 1 (0.0e+00)
	 #2 (3.4157e+02, 4.2079e-06): lin 1 (0.0e+00)
	 #3 (8.5587e-02, 3.4062e-06): lin 1 (0.0e+00)
	 #4 (1.0849e-02, 3.4062e-06): lin 1 (0.0e+00)
	 #5 (1.0850e-02, 3.4060e-06): lin 1 (0.0e+00)
	 #6 (1.0812e-02, 3.4062e-06): lin 1 (0.0e+00)
	 #7 (1.0822e-02, 3.4060e-06): lin 1 (0.0e+00)
	 #8 (1.0851e-02, 3.4062e-06): lin 1 (0.0e+00)
	 #9 (1.0821e-02, 3.4060e-06): lin 1 (0.0e+00)
FAILED TO CONVERGE WITH DT = 48.545 (newton residual reservoir) 
	 #1 (2.3789e-02, 1.4398e-05): lin 1 (0.0e+00)
	 #2 (8.0331e+01, 2.5739e-06): lin 1 (0.0e+00)
	 #3 (1.1208e-02, 1.7484e-06): lin 1 (0.0e+00)
-------------------------------------------------------------------------------------------------------------
 T = 9369.16, DT = 24.2724, NI = 3, LI = 3, RES = 5.5e-03 (1.7e-06), CFL=0.000 (ELAPSED 01:09:02 )
-------------------------------------------------------------------------------------------------------------
	 #1 (4.7515e-02, 3.4368e-05): lin 1 (0.0e+00)
	 #2 (1.6082e+02, 5.8291e-06): lin 1 (0.0e+00)
	 #3 (3.4957e-02, 8.5238e-06): lin 1 (0.0e+00)
	 #4 (1.1829e-02, 8.4381e-06): lin 1 (0.0e+00)
	 #5 (1.1842e-02, 8.4380e-06): lin 1 (0.0e+00)
	 #6 (1.1844e-02, 8.4380e-06): lin 1 (0.0e+00)
FAILED TO CONVERGE WITH DT = 48.545 (newton residual reservoir) 
	 #1 (2.3758e-02, 1.7184e-05): lin 1 (0.0e+00)
	 #2 (2.8586e+01, 1.6043e-06): lin 1 (0.0e+00)
-------------------------------------------------------------------------------------------------------------
 T = 9393.43, DT = 24.2724, NI = 2, LI = 2, RES = 6.1e-03 (1.6e-06), CFL=0.000 (ELAPSED 01:09:10 )
-------------------------------------------------------------------------------------------------------------
	 #1 (4.7713e-02, 3.3480e-05): lin 1 (0.0e+00)
	 #2 (1.5755e+02, 1.2803e-05): lin 1 (0.0e+00)
	 #3 (2.2558e-02, 4.2336e-07): lin 1 (0.0e+00)
	 #4 (1.0639e-02, 9.6994e-06): lin 1 (0.0e+00)
	 #5 (1.0642e-02, 9.6990e-06): lin 1 (0.0e+00)
	 #6 (1.0653e-02, 9.6989e-06): lin 1 (0.0e+00)
	 #7 (1.0630e-02, 9.6991e-06): lin 1 (0.0e+00)
	 #8 (1.0630e-02, 9.6989e-06): lin 1 (0.0e+00)
	 #9 (1.0653e-02, 9.6991e-06): lin 1 (0.0e+00)
	 #10 (1.0609e-02, 9.6989e-06): lin 1 (0.0e+00)
FAILED TO CONVERGE WITH DT = 48.545 (newton residual reservoir) 
	 #1 (2.3857e-02, 1.6741e-05): lin 1 (0.0e+00)
	 #2 (2.6514e+01, 4.2638e-06): lin 1 (0.0e+00)
-------------------------------------------------------------------------------------------------------------
 T = 9417.71, DT = 24.2724, NI = 2, LI = 2, RES = 5.7e-03 (2.5e-07), CFL=0.000 (ELAPSED 01:09:23 )
-------------------------------------------------------------------------------------------------------------
	 #1 (4.7456e-02, 3.2600e-05): lin 1 (0.0e+00)
	 #2 (1.4431e+02, 3.0891e-06): lin 1 (0.0e+00)
	 #3 (5.6449e-02, 9.2387e-06): lin 1 (0.0e+00)
	 #4 (1.1149e-02, 8.7400e-07): lin 1 (0.0e+00)
	 #5 (1.1169e-02, 8.7422e-07): lin 1 (0.0e+00)
	 #6 (1.1146e-02, 8.7431e-07): lin 1 (0.0e+00)
	 #7 (1.1141e-02, 8.7410e-07): lin 1 (0.0e+00)
	 #8 (1.1169e-02, 8.7432e-07): lin 1 (0.0e+00)
	 #9 (1.1183e-02, 8.7401e-07): lin 1 (0.0e+00)
FAILED TO CONVERGE WITH DT = 48.545 (newton residual reservoir) 
	 #1 (2.3728e-02, 1.6300e-05): lin 1 (0.0e+00)
	 #2 (1.5349e+01, 4.8185e-06): lin 1 (0.0e+00)
-------------------------------------------------------------------------------------------------------------
 T = 9441.98, DT = 24.2724, NI = 2, LI = 2, RES = 7.8e-03 (3.8e-07), CFL=0.000 (ELAPSED 01:09:35 )
-------------------------------------------------------------------------------------------------------------
	 #1 (4.8615e-02, 3.1904e-05): lin 1 (0.0e+00)
	 #2 (2.6498e+02, 1.0245e-05): lin 1 (0.0e+00)
	 #3 (4.6866e-02, 8.2431e-06): lin 1 (0.0e+00)
	 #4 (1.1571e-02, 1.2053e-05): lin 1 (0.0e+00)
	 #5 (1.1578e-02, 1.2053e-05): lin 1 (0.0e+00)
	 #6 (1.1571e-02, 1.2053e-05): lin 1 (0.0e+00)
	 #7 (1.1608e-02, 1.2053e-05): lin 1 (0.0e+00)
FAILED TO CONVERGE WITH DT = 48.545 (newton residual reservoir) 
	 #1 (2.4308e-02, 1.5952e-05): lin 1 (0.0e+00)
	 #2 (5.4420e+01, 5.5901e-06): lin 1 (0.0e+00)
-------------------------------------------------------------------------------------------------------------
 T = 9466.25, DT = 24.2724, NI = 2, LI = 2, RES = 6.8e-03 (4.1e-06), CFL=0.000 (ELAPSED 01:09:44 )
-------------------------------------------------------------------------------------------------------------
	 #1 (4.7982e-02, 3.7712e-05): lin 1 (0.0e+00)
	 #2 (2.3699e+02, 1.1013e-05): lin 1 (0.0e+00)
	 #3 (5.4192e-02, 3.2602e-06): lin 1 (0.0e+00)
	 #4 (1.0603e-02, 3.5003e-06): lin 1 (0.0e+00)
	 #5 (1.0899e-02, 3.5002e-06): lin 1 (0.0e+00)
	 #6 (1.0888e-02, 3.5002e-06): lin 1 (0.0e+00)
	 #7 (1.0579e-02, 3.5003e-06): lin 1 (0.0e+00)
	 #8 (1.0888e-02, 3.5002e-06): lin 1 (0.0e+00)
	 #9 (1.0869e-02, 3.5002e-06): lin 1 (0.0e+00)
	 #10 (1.0598e-02, 3.5003e-06): lin 1 (0.0e+00)
FAILED TO CONVERGE WITH DT = 48.545 (newton residual reservoir) 
	 #1 (2.3991e-02, 1.8856e-05): lin 1 (0.0e+00)
	 #2 (4.5100e+01, 1.5790e-06): lin 1 (0.0e+00)
-------------------------------------------------------------------------------------------------------------
 T = 9490.52, DT = 24.2724, NI = 2, LI = 2, RES = 7.0e-03 (3.7e-06), CFL=0.000 (ELAPSED 01:09:56 )
-------------------------------------------------------------------------------------------------------------
	 #1 (4.8007e-02, 3.7291e-05): lin 1 (0.0e+00)
	 #2 (8.7617e+01, 8.3165e-06): lin 1 (0.0e+00)
	 #3 (1.1278e-02, 4.6410e-06): lin 1 (0.0e+00)
	 #4 (1.0886e-02, 4.4092e-06): lin 1 (0.0e+00)
	 #5 (1.0910e-02, 4.4094e-06): lin 1 (0.0e+00)
	 #6 (1.0910e-02, 4.4093e-06): lin 1 (0.0e+00)
	 #7 (1.0922e-02, 4.4093e-06): lin 1 (0.0e+00)
	 #8 (1.0910e-02, 4.4093e-06): lin 1 (0.0e+00)
FAILED TO CONVERGE WITH DT = 48.545 (newton residual reservoir) 
	 #1 (2.4004e-02, 1.8646e-05): lin 1 (0.0e+00)
	 #2 (1.2426e+01, 6.4624e-06): lin 1 (0.0e+00)
-------------------------------------------------------------------------------------------------------------
 T = 9514.8, DT = 24.2724, NI = 2, LI = 2, RES = 5.6e-03 (2.2e-06), CFL=0.000 (ELAPSED 01:10:07 )
-------------------------------------------------------------------------------------------------------------
	 #1 (4.7215e-02, 3.0025e-05): lin 1 (0.0e+00)
	 #2 (1.1392e+02, 3.7513e-06): lin 1 (0.0e+00)
	 #3 (2.2047e-02, 4.5542e-06): lin 1 (0.0e+00)
	 #4 (1.0917e-02, 5.9653e-06): lin 1 (0.0e+00)
	 #5 (1.0953e-02, 5.9653e-06): lin 1 (0.0e+00)
	 #6 (1.0948e-02, 5.9657e-06): lin 1 (0.0e+00)
	 #7 (1.0953e-02, 5.9654e-06): lin 1 (0.0e+00)
	 #8 (1.0932e-02, 5.9655e-06): lin 1 (0.0e+00)
FAILED TO CONVERGE WITH DT = 48.545 (newton residual reservoir) 
	 #1 (2.3608e-02, 1.5012e-05): lin 1 (0.0e+00)
	 #2 (2.2458e+01, 2.2490e-06): lin 1 (0.0e+00)
-------------------------------------------------------------------------------------------------------------
 T = 9539.07, DT = 24.2724, NI = 2, LI = 2, RES = 5.6e-03 (7.3e-06), CFL=0.000 (ELAPSED 01:10:17 )
-------------------------------------------------------------------------------------------------------------
	 #1 (4.7153e-02, 4.2150e-05): lin 1 (0.0e+00)
	 #2 (1.1350e+02, 4.8372e-06): lin 1 (0.0e+00)
	 #3 (1.5948e-02, 1.3191e-05): lin 1 (0.0e+00)
	 #4 (1.0979e-02, 1.3191e-05): lin 1 (0.0e+00)
	 #5 (1.0969e-02, 1.3191e-05): lin 1 (0.0e+00)
	 #6 (1.0959e-02, 1.3191e-05): lin 1 (0.0e+00)
	 #7 (1.0971e-02, 1.3191e-05): lin 1 (0.0e+00)
	 #8 (1.0987e-02, 1.3191e-05): lin 1 (0.0e+00)
	 #9 (1.0959e-02, 1.3191e-05): lin 1 (0.0e+00)
FAILED TO CONVERGE WITH DT = 48.545 (newton residual reservoir) 
	 #1 (2.3577e-02, 2.1076e-05): lin 1 (0.0e+00)
	 #2 (9.8573e+00, 2.3116e-06): lin 1 (0.0e+00)
-------------------------------------------------------------------------------------------------------------
 T = 9563.34, DT = 24.2724, NI = 2, LI = 2, RES = 5.7e-03 (1.6e-06), CFL=0.000 (ELAPSED 01:10:28 )
-------------------------------------------------------------------------------------------------------------
	 #1 (4.7171e-02, 3.4824e-05): lin 1 (0.0e+00)
	 #2 (2.3270e+02, 4.2933e-06): lin 1 (0.0e+00)
	 #3 (2.9370e-02, 8.4723e-06): lin 1 (0.0e+00)
	 #4 (1.1594e-02, 8.5572e-06): lin 1 (0.0e+00)
	 #5 (1.1490e-02, 8.5571e-06): lin 1 (0.0e+00)
	 #6 (1.1586e-02, 8.5571e-06): lin 1 (0.0e+00)
	 #7 (1.1497e-02, 8.5573e-06): lin 1 (0.0e+00)
	 #8 (1.1490e-02, 8.5571e-06): lin 1 (0.0e+00)
	 #9 (1.1584e-02, 8.5573e-06): lin 1 (0.0e+00)
	 #10 (1.1509e-02, 8.5571e-06): lin 1 (0.0e+00)
FAILED TO CONVERGE WITH DT = 48.545 (newton residual reservoir) 
	 #1 (2.3586e-02, 1.7412e-05): lin 1 (0.0e+00)
	 #2 (4.8666e+01, 1.5492e-06): lin 1 (0.0e+00)
-------------------------------------------------------------------------------------------------------------
 T = 9587.61, DT = 24.2724, NI = 2, LI = 2, RES = 6.1e-03 (4.1e-06), CFL=0.000 (ELAPSED 01:10:40 )
-------------------------------------------------------------------------------------------------------------
	 #1 (4.7279e-02, 2.8154e-05): lin 1 (0.0e+00)
	 #2 (1.2547e+02, 7.5052e-06): lin 1 (0.0e+00)
	 #3 (1.6819e-02, 3.0585e-07): lin 1 (0.0e+00)
	 #4 (1.0807e-02, 1.0381e-05): lin 1 (0.0e+00)
	 #5 (1.0807e-02, 1.0381e-05): lin 1 (0.0e+00)
	 #6 (1.0805e-02, 1.0381e-05): lin 1 (0.0e+00)
FAILED TO CONVERGE WITH DT = 48.545 (newton residual reservoir) 
	 #1 (2.3640e-02, 1.4077e-05): lin 1 (0.0e+00)
	 #2 (9.7952e+00, 4.2644e-06): lin 1 (0.0e+00)
-------------------------------------------------------------------------------------------------------------
 T = 9611.89, DT = 24.2724, NI = 2, LI = 2, RES = 5.5e-03 (5.2e-06), CFL=0.000 (ELAPSED 01:10:49 )
-------------------------------------------------------------------------------------------------------------
	 #1 (4.6961e-02, 3.9688e-05): lin 1 (0.0e+00)
	 #2 (2.1979e+02, 1.2129e-06): lin 1 (0.0e+00)
	 #3 (5.9944e-02, 7.9134e-07): lin 1 (0.0e+00)
	 #4 (1.1085e-02, 7.9116e-07): lin 1 (0.0e+00)
	 #5 (1.1107e-02, 7.9134e-07): lin 1 (0.0e+00)
	 #6 (1.1101e-02, 7.9124e-07): lin 1 (0.0e+00)
	 #7 (1.1101e-02, 7.9124e-07): lin 1 (0.0e+00)
FAILED TO CONVERGE WITH DT = 48.545 (newton residual reservoir) 
	 #1 (2.3480e-02, 1.9844e-05): lin 1 (0.0e+00)
	 #2 (4.3230e+01, 1.6501e-07): lin 1 (0.0e+00)
-------------------------------------------------------------------------------------------------------------
 T = 9636.16, DT = 24.2724, NI = 2, LI = 2, RES = 7.6e-03 (4.7e-06), CFL=0.000 (ELAPSED 01:10:58 )
-------------------------------------------------------------------------------------------------------------
	 #1 (4.8059e-02, 3.9161e-05): lin 1 (0.0e+00)
	 #2 (1.4091e+02, 2.6767e-07): lin 1 (0.0e+00)
	 #3 (2.3237e-02, 8.3291e-06): lin 1 (0.0e+00)
	 #4 (1.0895e-02, 8.2419e-06): lin 1 (0.0e+00)
	 #5 (1.0898e-02, 8.2418e-06): lin 1 (0.0e+00)
	 #6 (1.0898e-02, 8.2418e-06): lin 1 (0.0e+00)
FAILED TO CONVERGE WITH DT = 48.545 (newton residual reservoir) 
	 #1 (2.4029e-02, 1.9581e-05): lin 1 (0.0e+00)
	 #2 (1.4226e+01, 5.5043e-06): lin 1 (0.0e+00)
-------------------------------------------------------------------------------------------------------------
 T = 9660.43, DT = 24.2724, NI = 2, LI = 2, RES = 5.5e-03 (1.3e-06), CFL=0.000 (ELAPSED 01:11:06 )
-------------------------------------------------------------------------------------------------------------
	 #1 (4.6874e-02, 3.2088e-05): lin 1 (0.0e+00)
	 #2 (2.4297e+02, 9.3735e-06): lin 1 (0.0e+00)
	 #3 (4.2871e-02, 2.9038e-06): lin 1 (0.0e+00)
	 #4 (1.1052e-02, 7.1986e-06): lin 1 (0.0e+00)
	 #5 (1.1052e-02, 7.1986e-06): lin 1 (0.0e+00)
	 #6 (1.1050e-02, 7.1985e-06): lin 1 (0.0e+00)
FAILED TO CONVERGE WITH DT = 48.545 (newton residual reservoir) 
	 #1 (2.3437e-02, 1.6044e-05): lin 1 (0.0e+00)
	 #2 (5.3016e+01, 5.9517e-06): lin 1 (0.0e+00)
-------------------------------------------------------------------------------------------------------------
 T = 9684.7, DT = 24.2724, NI = 2, LI = 2, RES = 7.3e-03 (1.6e-06), CFL=0.000 (ELAPSED 01:11:14 )
-------------------------------------------------------------------------------------------------------------
	 #1 (4.7770e-02, 3.1445e-05): lin 1 (0.0e+00)
	 #2 (1.8145e+02, 1.7421e-06): lin 1 (0.0e+00)
	 #3 (2.9832e-02, 6.1706e-06): lin 1 (0.0e+00)
	 #4 (1.0855e-02, 6.1706e-06): lin 1 (0.0e+00)
	 #5 (1.0795e-02, 6.1704e-06): lin 1 (0.0e+00)
	 #6 (1.0795e-02, 6.1706e-06): lin 1 (0.0e+00)
	 #7 (1.0858e-02, 6.1706e-06): lin 1 (0.0e+00)
	 #8 (1.0796e-02, 6.1706e-06): lin 1 (0.0e+00)
	 #9 (1.0830e-02, 6.1706e-06): lin 1 (0.0e+00)
	 #10 (1.0843e-02, 6.1706e-06): lin 1 (0.0e+00)
FAILED TO CONVERGE WITH DT = 48.545 (newton residual reservoir) 
	 #1 (2.3885e-02, 1.5723e-05): lin 1 (0.0e+00)
	 #2 (3.4233e+01, 1.4939e-06): lin 1 (0.0e+00)
-------------------------------------------------------------------------------------------------------------
 T = 9708.97, DT = 24.2724, NI = 2, LI = 2, RES = 5.7e-03 (7.0e-06), CFL=0.000 (ELAPSED 01:11:27 )
-------------------------------------------------------------------------------------------------------------
	 #1 (4.6871e-02, 3.4179e-05): lin 1 (0.0e+00)
	 #2 (2.0529e+02, 2.8768e-06): lin 1 (0.0e+00)
	 #3 (3.6001e-02, 5.2382e-06): lin 1 (0.0e+00)
	 #4 (1.1674e-02, 5.2379e-06): lin 1 (0.0e+00)
	 #5 (1.1667e-02, 5.2377e-06): lin 1 (0.0e+00)
	 #6 (1.1673e-02, 5.2379e-06): lin 1 (0.0e+00)
FAILED TO CONVERGE WITH DT = 48.545 (newton residual reservoir) 
	 #1 (2.3436e-02, 1.7089e-05): lin 1 (0.0e+00)
	 #2 (3.5854e+01, 2.0228e-06): lin 1 (0.0e+00)
-------------------------------------------------------------------------------------------------------------
 T = 9733.25, DT = 24.2724, NI = 2, LI = 2, RES = 6.0e-03 (2.6e-06), CFL=0.000 (ELAPSED 01:11:35 )
-------------------------------------------------------------------------------------------------------------
	 #1 (4.6951e-02, 3.6694e-05): lin 1 (0.0e+00)
	 #2 (1.8307e+02, 4.0701e-06): lin 1 (0.0e+00)
	 #3 (1.5977e-02, 3.8697e-06): lin 1 (0.0e+00)
	 #4 (1.1356e-02, 4.0521e-06): lin 1 (0.0e+00)
	 #5 (1.1351e-02, 4.0519e-06): lin 1 (0.0e+00)
	 #6 (1.1360e-02, 4.0520e-06): lin 1 (0.0e+00)
	 #7 (1.1343e-02, 4.0522e-06): lin 1 (0.0e+00)
FAILED TO CONVERGE WITH DT = 48.545 (newton residual reservoir) 
	 #1 (2.3475e-02, 1.8347e-05): lin 1 (0.0e+00)
	 #2 (3.9594e+01, 2.5978e-06): lin 1 (0.0e+00)
-------------------------------------------------------------------------------------------------------------
 T = 9757.52, DT = 24.2724, NI = 2, LI = 2, RES = 5.8e-03 (3.1e-06), CFL=0.000 (ELAPSED 01:11:44 )
-------------------------------------------------------------------------------------------------------------
	 #1 (4.6804e-02, 2.9553e-05): lin 1 (0.0e+00)
	 #2 (1.5671e+02, 5.1305e-06): lin 1 (0.0e+00)
	 #3 (2.1360e-02, 7.5974e-06): lin 1 (0.0e+00)
	 #4 (1.0876e-02, 2.5988e-06): lin 1 (0.0e+00)
	 #5 (1.0867e-02, 2.5992e-06): lin 1 (0.0e+00)
	 #6 (1.0902e-02, 2.5991e-06): lin 1 (0.0e+00)
	 #7 (1.0892e-02, 2.5991e-06): lin 1 (0.0e+00)
	 #8 (1.0909e-02, 2.5991e-06): lin 1 (0.0e+00)
	 #9 (1.0905e-02, 2.5991e-06): lin 1 (0.0e+00)
	 #10 (1.0891e-02, 2.5991e-06): lin 1 (0.0e+00)
	 #11 (1.0888e-02, 2.5991e-06): lin 1 (0.0e+00)
FAILED TO CONVERGE WITH DT = 48.545 (newton residual reservoir) 
	 #1 (2.3402e-02, 1.4776e-05): lin 1 (0.0e+00)
	 #2 (2.0191e+01, 3.1121e-06): lin 1 (0.0e+00)
-------------------------------------------------------------------------------------------------------------
 T = 9781.79, DT = 24.2724, NI = 2, LI = 2, RES = 5.6e-03 (1.5e-06), CFL=0.000 (ELAPSED 01:11:58 )
-------------------------------------------------------------------------------------------------------------
	 #1 (4.6630e-02, 3.5455e-05): lin 1 (0.0e+00)
	 #2 (2.1332e+02, 6.5901e-06): lin 1 (0.0e+00)
	 #3 (8.1377e-02, 8.8274e-06): lin 1 (0.0e+00)
	 #4 (1.0759e-02, 8.9087e-06): lin 1 (0.0e+00)
	 #5 (1.0761e-02, 8.9089e-06): lin 1 (0.0e+00)
	 #6 (1.0757e-02, 8.9088e-06): lin 1 (0.0e+00)
FAILED TO CONVERGE WITH DT = 48.545 (newton residual reservoir) 
	 #1 (2.3315e-02, 1.7728e-05): lin 1 (0.0e+00)
	 #2 (4.5921e+01, 1.3230e-06): lin 1 (0.0e+00)
	 #3 (1.0071e-02, 5.7551e-06): lin 1 (0.0e+00)
-------------------------------------------------------------------------------------------------------------
 T = 9806.06, DT = 24.2724, NI = 3, LI = 3, RES = 5.2e-03 (5.8e-06), CFL=0.000 (ELAPSED 01:12:07 )
-------------------------------------------------------------------------------------------------------------
	 #1 (4.6415e-02, 4.1072e-05): lin 1 (0.0e+00)
	 #2 (1.6083e+02, 8.0422e-06): lin 1 (0.0e+00)
	 #3 (4.8551e-02, 2.5035e-07): lin 1 (0.0e+00)
	 #4 (1.0666e-02, 2.4243e-06): lin 1 (0.0e+00)
	 #5 (1.0635e-02, 2.4243e-06): lin 1 (0.0e+00)
	 #6 (1.0635e-02, 2.4243e-06): lin 1 (0.0e+00)
	 #7 (1.0634e-02, 2.4243e-06): lin 1 (0.0e+00)
	 #8 (1.0671e-02, 2.4243e-06): lin 1 (0.0e+00)
FAILED TO CONVERGE WITH DT = 48.545 (newton residual reservoir) 
	 #1 (2.3208e-02, 2.0536e-05): lin 1 (0.0e+00)
	 #2 (2.5825e+01, 1.5096e-06): lin 1 (0.0e+00)
-------------------------------------------------------------------------------------------------------------
 T = 9830.34, DT = 24.2724, NI = 2, LI = 2, RES = 7.6e-03 (1.2e-06), CFL=0.000 (ELAPSED 01:12:18 )
-------------------------------------------------------------------------------------------------------------
	 #1 (4.7650e-02, 3.3931e-05): lin 1 (0.0e+00)
	 #2 (1.2709e+02, 1.0112e-06): lin 1 (0.0e+00)
	 #3 (1.6234e-02, 8.8246e-06): lin 1 (0.0e+00)
	 #4 (1.1064e-02, 8.9435e-06): lin 1 (0.0e+00)
	 #5 (1.1064e-02, 8.9432e-06): lin 1 (0.0e+00)
	 #6 (1.1079e-02, 8.9432e-06): lin 1 (0.0e+00)
	 #7 (1.1067e-02, 8.9432e-06): lin 1 (0.0e+00)
	 #8 (1.1050e-02, 8.9433e-06): lin 1 (0.0e+00)
FAILED TO CONVERGE WITH DT = 48.545 (newton residual reservoir) 
	 #1 (2.3825e-02, 1.6965e-05): lin 1 (0.0e+00)
	 #2 (1.3589e+01, 5.0687e-06): lin 1 (0.0e+00)
-------------------------------------------------------------------------------------------------------------
 T = 9854.61, DT = 24.2724, NI = 2, LI = 2, RES = 5.5e-03 (5.7e-06), CFL=0.000 (ELAPSED 01:12:28 )
-------------------------------------------------------------------------------------------------------------
	 #1 (4.6430e-02, 3.1807e-05): lin 1 (0.0e+00)
	 #2 (2.1583e+02, 9.7575e-06): lin 1 (0.0e+00)
	 #3 (3.7196e-02, 1.2679e-05): lin 1 (0.0e+00)
	 #4 (1.1129e-02, 3.3553e-06): lin 1 (0.0e+00)
	 #5 (1.1117e-02, 3.3553e-06): lin 1 (0.0e+00)
	 #6 (1.1105e-02, 3.3553e-06): lin 1 (0.0e+00)
	 #7 (1.1131e-02, 3.3553e-06): lin 1 (0.0e+00)
	 #8 (1.1131e-02, 3.3553e-06): lin 1 (0.0e+00)
	 #9 (1.1147e-02, 3.3553e-06): lin 1 (0.0e+00)
	 #10 (1.1114e-02, 3.3553e-06): lin 1 (0.0e+00)
	 #11 (1.1105e-02, 3.3553e-06): lin 1 (0.0e+00)
FAILED TO CONVERGE WITH DT = 48.545 (newton residual reservoir) 
	 #1 (2.3215e-02, 1.5904e-05): lin 1 (0.0e+00)
	 #2 (2.8494e+01, 6.5257e-07): lin 1 (0.0e+00)
-------------------------------------------------------------------------------------------------------------
 T = 9878.88, DT = 24.2724, NI = 2, LI = 2, RES = 5.6e-03 (1.2e-06), CFL=0.000 (ELAPSED 01:12:41 )
-------------------------------------------------------------------------------------------------------------
	 #1 (4.6444e-02, 3.2406e-05): lin 1 (0.0e+00)
	 #2 (1.3519e+02, 3.1116e-06): lin 1 (0.0e+00)
	 #3 (1.6389e-02, 3.8900e-06): lin 1 (0.0e+00)
	 #4 (1.1402e-02, 1.3984e-05): lin 1 (0.0e+00)
	 #5 (1.1422e-02, 1.3984e-05): lin 1 (0.0e+00)
	 #6 (1.1403e-02, 1.3984e-05): lin 1 (0.0e+00)
	 #7 (1.1406e-02, 1.3984e-05): lin 1 (0.0e+00)
	 #8 (1.1422e-02, 1.3984e-05): lin 1 (0.0e+00)
FAILED TO CONVERGE WITH DT = 48.545 (newton residual reservoir) 
	 #1 (2.3222e-02, 1.6203e-05): lin 1 (0.0e+00)
	 #2 (1.5219e+01, 1.6965e-06): lin 1 (0.0e+00)
-------------------------------------------------------------------------------------------------------------
 T = 9903.15, DT = 24.2724, NI = 2, LI = 2, RES = 5.4e-03 (1.9e-06), CFL=0.000 (ELAPSED 01:12:51 )
-------------------------------------------------------------------------------------------------------------
	 #1 (4.6294e-02, 3.1580e-05): lin 1 (0.0e+00)
	 #2 (1.4113e+02, 7.1966e-06): lin 1 (0.0e+00)
	 #3 (2.3874e-02, 5.2424e-06): lin 1 (0.0e+00)
	 #4 (1.0692e-02, 5.2424e-06): lin 1 (0.0e+00)
	 #5 (1.0705e-02, 5.2421e-06): lin 1 (0.0e+00)
	 #6 (1.0684e-02, 5.2423e-06): lin 1 (0.0e+00)
	 #7 (1.0713e-02, 5.2421e-06): lin 1 (0.0e+00)
	 #8 (1.0701e-02, 5.2423e-06): lin 1 (0.0e+00)
FAILED TO CONVERGE WITH DT = 48.545 (newton residual reservoir) 
	 #1 (2.3147e-02, 1.5790e-05): lin 1 (0.0e+00)
	 #2 (3.1449e+01, 3.1822e-06): lin 1 (0.0e+00)
-------------------------------------------------------------------------------------------------------------
 T = 9927.43, DT = 24.2724, NI = 2, LI = 2, RES = 5.7e-03 (2.6e-06), CFL=0.000 (ELAPSED 01:13:02 )
-------------------------------------------------------------------------------------------------------------
	 #1 (4.6374e-02, 3.7471e-05): lin 1 (0.0e+00)
	 #2 (1.3178e+02, 4.2892e-06): lin 1 (0.0e+00)
	 #3 (1.7746e-02, 6.3759e-06): lin 1 (0.0e+00)
	 #4 (1.1943e-02, 6.3757e-06): lin 1 (0.0e+00)
	 #5 (1.1944e-02, 6.3759e-06): lin 1 (0.0e+00)
	 #6 (1.1949e-02, 6.3759e-06): lin 1 (0.0e+00)
FAILED TO CONVERGE WITH DT = 48.545 (newton residual reservoir) 
	 #1 (2.3187e-02, 1.8735e-05): lin 1 (0.0e+00)
	 #2 (1.9365e+01, 2.6005e-06): lin 1 (0.0e+00)
-------------------------------------------------------------------------------------------------------------
 T = 9951.7, DT = 24.2724, NI = 2, LI = 2, RES = 5.6e-03 (3.1e-06), CFL=0.000 (ELAPSED 01:13:10 )
-------------------------------------------------------------------------------------------------------------
	 #1 (4.6304e-02, 3.0409e-05): lin 1 (0.0e+00)
	 #2 (2.2338e+02, 4.8314e-06): lin 1 (0.0e+00)
	 #3 (4.6405e-02, 7.6084e-06): lin 1 (0.0e+00)
	 #4 (1.1046e-02, 7.6084e-06): lin 1 (0.0e+00)
	 #5 (1.1046e-02, 7.6084e-06): lin 1 (0.0e+00)
	 #6 (1.1042e-02, 7.6084e-06): lin 1 (0.0e+00)
FAILED TO CONVERGE WITH DT = 48.545 (newton residual reservoir) 
	 #1 (2.3152e-02, 1.5205e-05): lin 1 (0.0e+00)
	 #2 (4.1249e+01, 1.8333e-06): lin 1 (0.0e+00)
-------------------------------------------------------------------------------------------------------------
 T = 9975.97, DT = 24.2724, NI = 2, LI = 2, RES = 6.7e-03 (3.9e-06), CFL=0.000 (ELAPSED 01:13:18 )
-------------------------------------------------------------------------------------------------------------
	 #1 (4.6837e-02, 2.9453e-05): lin 1 (0.0e+00)
	 #2 (2.1871e+02, 3.7599e-06): lin 1 (0.0e+00)
	 #3 (4.0874e-02, 8.5029e-06): lin 1 (0.0e+00)
	 #4 (1.0994e-02, 8.3784e-06): lin 1 (0.0e+00)
	 #5 (1.1001e-02, 8.3785e-06): lin 1 (0.0e+00)
	 #6 (1.1001e-02, 8.3785e-06): lin 1 (0.0e+00)
	 #7 (1.0981e-02, 8.3786e-06): lin 1 (0.0e+00)
	 #8 (1.1012e-02, 8.3783e-06): lin 1 (0.0e+00)
	 #9 (1.0981e-02, 8.3784e-06): lin 1 (0.0e+00)
FAILED TO CONVERGE WITH DT = 48.545 (newton residual reservoir) 
	 #1 (2.3419e-02, 1.4727e-05): lin 1 (0.0e+00)
	 #2 (3.3323e+01, 3.7999e-06): lin 1 (0.0e+00)
-------------------------------------------------------------------------------------------------------------
 T = 10000.2, DT = 24.2724, NI = 2, LI = 2, RES = 6.5e-03 (4.2e-06), CFL=0.000 (ELAPSED 01:13:29 )
-------------------------------------------------------------------------------------------------------------
	 #1 (4.6687e-02, 2.9146e-05): lin 1 (0.0e+00)
	 #2 (1.3321e+02, 2.6217e-06): lin 1 (0.0e+00)
	 #3 (5.0686e-02, 9.5318e-06): lin 1 (0.0e+00)
	 #4 (1.1371e-02, 9.5318e-06): lin 1 (0.0e+00)
	 #5 (1.1408e-02, 9.5320e-06): lin 1 (0.0e+00)
	 #6 (1.1384e-02, 9.5320e-06): lin 1 (0.0e+00)
	 #7 (1.1371e-02, 9.5320e-06): lin 1 (0.0e+00)
	 #8 (1.1401e-02, 9.5318e-06): lin 1 (0.0e+00)
	 #9 (1.1384e-02, 9.5320e-06): lin 1 (0.0e+00)
FAILED TO CONVERGE WITH DT = 48.545 (newton residual reservoir) 
	 #1 (2.3343e-02, 1.4573e-05): lin 1 (0.0e+00)
	 #2 (1.4650e+01, 4.1999e-06): lin 1 (0.0e+00)
-------------------------------------------------------------------------------------------------------------
 T = 10024.5, DT = 24.2724, NI = 2, LI = 2, RES = 7.1e-03 (4.7e-06), CFL=0.000 (ELAPSED 01:13:41 )
-------------------------------------------------------------------------------------------------------------
	 #1 (4.6970e-02, 3.0247e-05): lin 1 (0.0e+00)
	 #2 (1.6021e+02, 8.5907e-06): lin 1 (0.0e+00)
	 #3 (3.2127e-02, 1.0414e-05): lin 1 (0.0e+00)
	 #4 (1.0921e-02, 1.0312e-05): lin 1 (0.0e+00)
	 #5 (1.0914e-02, 1.0312e-05): lin 1 (0.0e+00)
	 #6 (1.0929e-02, 1.0312e-05): lin 1 (0.0e+00)
	 #7 (1.0958e-02, 1.0312e-05): lin 1 (0.0e+00)
	 #8 (1.0931e-02, 1.0312e-05): lin 1 (0.0e+00)
	 #9 (1.0934e-02, 1.0312e-05): lin 1 (0.0e+00)
FAILED TO CONVERGE WITH DT = 48.545 (newton residual reservoir) 
	 #1 (2.3485e-02, 1.5123e-05): lin 1 (0.0e+00)
	 #2 (2.4645e+01, 4.6932e-06): lin 1 (0.0e+00)
-------------------------------------------------------------------------------------------------------------
 T = 10048.8, DT = 24.2724, NI = 2, LI = 2, RES = 5.5e-03 (1.5e-06), CFL=0.000 (ELAPSED 01:13:52 )
-------------------------------------------------------------------------------------------------------------
	 #1 (4.6074e-02, 3.4423e-05): lin 1 (0.0e+00)
	 #2 (1.3440e+02, 1.0945e-05): lin 1 (0.0e+00)
	 #3 (1.8394e-02, 1.0724e-06): lin 1 (0.0e+00)
	 #4 (1.1872e-02, 1.0724e-06): lin 1 (0.0e+00)
	 #5 (1.1899e-02, 1.0723e-06): lin 1 (0.0e+00)
	 #6 (1.1888e-02, 1.0723e-06): lin 1 (0.0e+00)
	 #7 (1.1888e-02, 1.0723e-06): lin 1 (0.0e+00)
FAILED TO CONVERGE WITH DT = 48.545 (newton residual reservoir) 
	 #1 (2.3037e-02, 1.7212e-05): lin 1 (0.0e+00)
	 #2 (1.2682e+01, 1.2091e-06): lin 1 (0.0e+00)
-------------------------------------------------------------------------------------------------------------
 T = 10073.1, DT = 24.2724, NI = 2, LI = 2, RES = 5.5e-03 (4.5e-06), CFL=0.000 (ELAPSED 01:14:01 )
-------------------------------------------------------------------------------------------------------------
	 #1 (4.6004e-02, 4.0390e-05): lin 1 (0.0e+00)
	 #2 (1.2517e+02, 1.0352e-05): lin 1 (0.0e+00)
	 #3 (1.3518e-02, 3.2466e-06): lin 1 (0.0e+00)
	 #4 (1.1095e-02, 2.2130e-06): lin 1 (0.0e+00)
	 #5 (1.1098e-02, 2.2127e-06): lin 1 (0.0e+00)
	 #6 (1.1130e-02, 2.2128e-06): lin 1 (0.0e+00)
	 #7 (1.1093e-02, 2.2128e-06): lin 1 (0.0e+00)
FAILED TO CONVERGE WITH DT = 48.545 (newton residual reservoir) 
	 #1 (2.3002e-02, 2.0195e-05): lin 1 (0.0e+00)
	 #2 (1.2626e+01, 4.5126e-06): lin 1 (0.0e+00)
-------------------------------------------------------------------------------------------------------------
 T = 10097.3, DT = 24.2724, NI = 2, LI = 2, RES = 5.3e-03 (6.1e-06), CFL=0.000 (ELAPSED 01:14:10 )
-------------------------------------------------------------------------------------------------------------
	 #1 (4.5853e-02, 3.3123e-05): lin 1 (0.0e+00)
	 #2 (2.6529e+02, 2.5306e-06): lin 1 (0.0e+00)
	 #3 (4.2571e-02, 3.6685e-06): lin 1 (0.0e+00)
	 #4 (1.0657e-02, 3.4666e-06): lin 1 (0.0e+00)
	 #5 (1.0664e-02, 3.4665e-06): lin 1 (0.0e+00)
	 #6 (1.0656e-02, 3.4665e-06): lin 1 (0.0e+00)
	 #7 (1.0652e-02, 3.4665e-06): lin 1 (0.0e+00)
FAILED TO CONVERGE WITH DT = 48.545 (newton residual reservoir) 
	 #1 (2.2926e-02, 1.6561e-05): lin 1 (0.0e+00)
	 #2 (5.2673e+01, 1.3840e-06): lin 1 (0.0e+00)
-------------------------------------------------------------------------------------------------------------
 T = 10121.6, DT = 24.2724, NI = 2, LI = 2, RES = 6.5e-03 (6.7e-06), CFL=0.000 (ELAPSED 01:14:20 )
-------------------------------------------------------------------------------------------------------------
	 #1 (4.6415e-02, 3.4514e-05): lin 1 (0.0e+00)
	 #2 (6.7873e+01, 7.4530e-06): lin 1 (0.0e+00)
	 #3 (1.5881e-02, 4.5113e-06): lin 1 (0.0e+00)
	 #4 (1.1317e-02, 4.5111e-06): lin 1 (0.0e+00)
	 #5 (1.1318e-02, 4.5111e-06): lin 1 (0.0e+00)
	 #6 (1.1318e-02, 4.5109e-06): lin 1 (0.0e+00)
FAILED TO CONVERGE WITH DT = 48.545 (newton residual reservoir) 
	 #1 (2.3207e-02, 1.7257e-05): lin 1 (0.0e+00)
	 #2 (7.1716e+00, 3.2745e-06): lin 1 (0.0e+00)
-------------------------------------------------------------------------------------------------------------
 T = 10145.9, DT = 24.2724, NI = 2, LI = 2, RES = 5.5e-03 (2.3e-06), CFL=0.000 (ELAPSED 01:14:28 )
-------------------------------------------------------------------------------------------------------------
	 #1 (4.5855e-02, 3.1934e-05): lin 1 (0.0e+00)
	 #2 (1.1467e+02, 3.5765e-06): lin 1 (0.0e+00)
	 #3 (3.8602e-02, 4.7499e-06): lin 1 (0.0e+00)
	 #4 (1.0937e-02, 4.5962e-06): lin 1 (0.0e+00)
	 #5 (1.0935e-02, 4.5959e-06): lin 1 (0.0e+00)
	 #6 (1.0940e-02, 4.5960e-06): lin 1 (0.0e+00)
FAILED TO CONVERGE WITH DT = 48.545 (newton residual reservoir) 
	 #1 (2.2927e-02, 1.5967e-05): lin 1 (0.0e+00)
	 #2 (1.8794e+01, 2.9040e-06): lin 1 (0.0e+00)
-------------------------------------------------------------------------------------------------------------
 T = 10170.2, DT = 24.2724, NI = 2, LI = 2, RES = 6.6e-03 (2.7e-06), CFL=0.000 (ELAPSED 01:14:36 )
-------------------------------------------------------------------------------------------------------------
	 #1 (4.6370e-02, 3.1425e-05): lin 1 (0.0e+00)
	 #2 (9.4973e+01, 5.6721e-06): lin 1 (0.0e+00)
	 #3 (1.3844e-02, 3.9566e-06): lin 1 (0.0e+00)
	 #4 (1.1364e-02, 3.9566e-06): lin 1 (0.0e+00)
	 #5 (1.1362e-02, 3.9562e-06): lin 1 (0.0e+00)
	 #6 (1.1375e-02, 3.9568e-06): lin 1 (0.0e+00)
	 #7 (1.1362e-02, 3.9566e-06): lin 1 (0.0e+00)
	 #8 (1.1285e-02, 3.9564e-06): lin 1 (0.0e+00)
	 #9 (1.1375e-02, 3.9565e-06): lin 1 (0.0e+00)
FAILED TO CONVERGE WITH DT = 48.545 (newton residual reservoir) 
	 #1 (2.3185e-02, 1.5712e-05): lin 1 (0.0e+00)
	 #2 (1.6236e+01, 2.7198e-06): lin 1 (0.0e+00)
-------------------------------------------------------------------------------------------------------------
 T = 10194.4, DT = 24.2724, NI = 2, LI = 2, RES = 5.8e-03 (1.9e-06), CFL=0.000 (ELAPSED 01:14:48 )
-------------------------------------------------------------------------------------------------------------
	 #1 (4.5903e-02, 3.7391e-05): lin 1 (0.0e+00)
	 #2 (1.7091e+02, 5.6178e-06): lin 1 (0.0e+00)
	 #3 (3.4867e-02, 7.2524e-06): lin 1 (0.0e+00)
	 #4 (1.0865e-02, 7.3966e-06): lin 1 (0.0e+00)
	 #5 (1.0871e-02, 7.3966e-06): lin 1 (0.0e+00)
	 #6 (1.0865e-02, 7.3964e-06): lin 1 (0.0e+00)
FAILED TO CONVERGE WITH DT = 48.545 (newton residual reservoir) 
	 #1 (2.2952e-02, 1.8696e-05): lin 1 (0.0e+00)
	 #2 (1.9863e+01, 1.9847e-06): lin 1 (0.0e+00)
-------------------------------------------------------------------------------------------------------------
 T = 10218.7, DT = 24.2724, NI = 2, LI = 2, RES = 5.3e-03 (6.5e-06), CFL=0.000 (ELAPSED 01:14:56 )
-------------------------------------------------------------------------------------------------------------
	 #1 (4.5628e-02, 4.3449e-05): lin 1 (0.0e+00)
	 #2 (2.4193e+02, 4.0050e-06): lin 1 (0.0e+00)
	 #3 (3.9623e-02, 3.1342e-06): lin 1 (0.0e+00)
	 #4 (1.1699e-02, 1.7833e-06): lin 1 (0.0e+00)
	 #5 (1.1711e-02, 1.7834e-06): lin 1 (0.0e+00)
	 #6 (1.1684e-02, 1.7834e-06): lin 1 (0.0e+00)
	 #7 (1.1702e-02, 1.7834e-06): lin 1 (0.0e+00)
FAILED TO CONVERGE WITH DT = 48.545 (newton residual reservoir) 
	 #1 (2.2814e-02, 2.1725e-05): lin 1 (0.0e+00)
	 #2 (4.5382e+01, 1.5470e-06): lin 1 (0.0e+00)
-------------------------------------------------------------------------------------------------------------
 T = 10243, DT = 24.2724, NI = 2, LI = 2, RES = 6.4e-03 (4.1e-06), CFL=0.000 (ELAPSED 01:15:05 )
-------------------------------------------------------------------------------------------------------------
	 #1 (4.6162e-02, 3.0047e-05): lin 1 (0.0e+00)
	 #2 (7.6973e+01, 7.5137e-06): lin 1 (0.0e+00)
	 #3 (1.6653e-02, 9.4111e-06): lin 1 (0.0e+00)
	 #4 (1.1479e-02, 9.4465e-06): lin 1 (0.0e+00)
	 #5 (1.1479e-02, 9.4463e-06): lin 1 (0.0e+00)
	 #6 (1.1474e-02, 9.4464e-06): lin 1 (0.0e+00)
FAILED TO CONVERGE WITH DT = 48.545 (newton residual reservoir) 
	 #1 (2.3081e-02, 1.5024e-05): lin 1 (0.0e+00)
	 #2 (1.2291e+01, 1.5731e-06): lin 1 (0.0e+00)
-------------------------------------------------------------------------------------------------------------
 T = 10267.2, DT = 24.2724, NI = 2, LI = 2, RES = 5.6e-03 (5.5e-06), CFL=0.000 (ELAPSED 01:15:13 )
-------------------------------------------------------------------------------------------------------------
	 #1 (4.5692e-02, 4.2296e-05): lin 1 (0.0e+00)
	 #2 (6.1300e+01, 2.6132e-06): lin 1 (0.0e+00)
	 #3 (1.1517e-02, 1.0012e-05): lin 1 (0.0e+00)
	 #4 (1.2595e-02, 1.0164e-05): lin 1 (0.0e+00)
	 #5 (1.2593e-02, 1.0164e-05): lin 1 (0.0e+00)
	 #6 (1.2595e-02, 1.0164e-05): lin 1 (0.0e+00)
FAILED TO CONVERGE WITH DT = 48.545 (newton residual reservoir) 
	 #1 (2.2846e-02, 2.1148e-05): lin 1 (0.0e+00)
	 #2 (4.6435e+00, 1.4819e-06): lin 1 (0.0e+00)
-------------------------------------------------------------------------------------------------------------
 T = 10291.5, DT = 24.2724, NI = 2, LI = 2, RES = 5.8e-03 (5.1e-06), CFL=0.000 (ELAPSED 01:15:22 )
-------------------------------------------------------------------------------------------------------------
	 #1 (4.5737e-02, 3.1619e-05): lin 1 (0.0e+00)
	 #2 (1.5472e+02, 1.0854e-05): lin 1 (0.0e+00)
	 #3 (1.6723e-02, 9.2699e-06): lin 1 (0.0e+00)
	 #4 (1.1158e-02, 9.2338e-06): lin 1 (0.0e+00)
	 #5 (1.1139e-02, 9.2334e-06): lin 1 (0.0e+00)
	 #6 (1.1135e-02, 9.2337e-06): lin 1 (0.0e+00)
	 #7 (1.1117e-02, 9.2334e-06): lin 1 (0.0e+00)
	 #8 (1.1135e-02, 9.2337e-06): lin 1 (0.0e+00)
	 #9 (1.1147e-02, 9.2334e-06): lin 1 (0.0e+00)
	 #10 (1.1117e-02, 9.2337e-06): lin 1 (0.0e+00)
	 #11 (1.1105e-02, 9.2336e-06): lin 1 (0.0e+00)
	 #12 (1.1158e-02, 9.2335e-06): lin 1 (0.0e+00)
FAILED TO CONVERGE WITH DT = 48.545 (newton residual reservoir) 
	 #1 (2.2868e-02, 1.5809e-05): lin 1 (0.0e+00)
	 #2 (2.7628e+01, 1.3604e-07): lin 1 (0.0e+00)
-------------------------------------------------------------------------------------------------------------
 T = 10315.8, DT = 24.2724, NI = 2, LI = 2, RES = 5.5e-03 (4.7e-07), CFL=0.000 (ELAPSED 01:15:36 )
-------------------------------------------------------------------------------------------------------------
	 #1 (4.5542e-02, 3.4796e-05): lin 1 (0.0e+00)
	 #2 (1.4426e+02, 2.5826e-07): lin 1 (0.0e+00)
	 #3 (1.6691e-02, 8.5391e-06): lin 1 (0.0e+00)
	 #4 (1.0796e-02, 8.5786e-06): lin 1 (0.0e+00)
	 #5 (1.0798e-02, 8.5784e-06): lin 1 (0.0e+00)
	 #6 (1.0792e-02, 8.5786e-06): lin 1 (0.0e+00)
	 #7 (1.0816e-02, 8.5784e-06): lin 1 (0.0e+00)
FAILED TO CONVERGE WITH DT = 48.545 (newton residual reservoir) 
	 #1 (2.2771e-02, 1.7398e-05): lin 1 (0.0e+00)
	 #2 (1.5012e+01, 4.7102e-06): lin 1 (0.0e+00)
-------------------------------------------------------------------------------------------------------------
 T = 10340.1, DT = 24.2724, NI = 2, LI = 2, RES = 5.5e-03 (9.1e-07), CFL=0.000 (ELAPSED 01:15:45 )
-------------------------------------------------------------------------------------------------------------
	 #1 (4.5504e-02, 3.4308e-05): lin 1 (0.0e+00)
	 #2 (2.1369e+02, 9.9167e-07): lin 1 (0.0e+00)
	 #3 (3.3771e-02, 2.2938e-06): lin 1 (0.0e+00)
	 #4 (1.0703e-02, 2.8277e-06): lin 1 (0.0e+00)
	 #5 (1.0755e-02, 2.8277e-06): lin 1 (0.0e+00)
	 #6 (1.0794e-02, 2.8278e-06): lin 1 (0.0e+00)
	 #7 (1.0757e-02, 2.8278e-06): lin 1 (0.0e+00)
	 #8 (1.0771e-02, 2.8277e-06): lin 1 (0.0e+00)
FAILED TO CONVERGE WITH DT = 48.545 (newton residual reservoir) 
	 #1 (2.2752e-02, 1.7154e-05): lin 1 (0.0e+00)
	 #2 (4.2349e+01, 9.2158e-07): lin 1 (0.0e+00)
-------------------------------------------------------------------------------------------------------------
 T = 10364.3, DT = 24.2724, NI = 2, LI = 2, RES = 6.0e-03 (3.9e-06), CFL=0.000 (ELAPSED 01:15:55 )
-------------------------------------------------------------------------------------------------------------
	 #1 (4.5673e-02, 4.0545e-05): lin 1 (0.0e+00)
	 #2 (8.8865e+01, 2.5162e-06): lin 1 (0.0e+00)
	 #3 (1.7093e-02, 1.3509e-05): lin 1 (0.0e+00)
	 #4 (1.0737e-02, 6.8479e-06): lin 1 (0.0e+00)
	 #5 (1.0698e-02, 6.8477e-06): lin 1 (0.0e+00)
	 #6 (1.0698e-02, 6.8480e-06): lin 1 (0.0e+00)
	 #7 (1.0683e-02, 6.8479e-06): lin 1 (0.0e+00)
	 #8 (1.0710e-02, 6.8477e-06): lin 1 (0.0e+00)
	 #9 (1.0712e-02, 6.8479e-06): lin 1 (0.0e+00)
	 #10 (1.0683e-02, 6.8477e-06): lin 1 (0.0e+00)
	 #11 (1.0709e-02, 6.8479e-06): lin 1 (0.0e+00)
FAILED TO CONVERGE WITH DT = 48.545 (newton residual reservoir) 
	 #1 (2.2837e-02, 2.0273e-05): lin 1 (0.0e+00)
	 #2 (1.7909e+01, 4.0689e-06): lin 1 (0.0e+00)
-------------------------------------------------------------------------------------------------------------
 T = 10388.6, DT = 24.2724, NI = 2, LI = 2, RES = 5.6e-03 (3.5e-06), CFL=0.000 (ELAPSED 01:16:09 )
-------------------------------------------------------------------------------------------------------------
	 #1 (4.5474e-02, 4.0099e-05): lin 1 (0.0e+00)
	 #2 (8.7246e+01, 2.5341e-06): lin 1 (0.0e+00)
	 #3 (1.4954e-02, 5.5455e-06): lin 1 (0.0e+00)
	 #4 (1.0896e-02, 5.6737e-06): lin 1 (0.0e+00)
	 #5 (1.0897e-02, 5.6736e-06): lin 1 (0.0e+00)
	 #6 (1.0953e-02, 5.6735e-06): lin 1 (0.0e+00)
	 #7 (1.0885e-02, 5.6733e-06): lin 1 (0.0e+00)
	 #8 (1.0899e-02, 5.6736e-06): lin 1 (0.0e+00)
	 #9 (1.0908e-02, 5.6735e-06): lin 1 (0.0e+00)
FAILED TO CONVERGE WITH DT = 48.545 (newton residual reservoir) 
	 #1 (2.2737e-02, 2.0050e-05): lin 1 (0.0e+00)
	 #2 (1.5619e+01, 1.8422e-06): lin 1 (0.0e+00)
-------------------------------------------------------------------------------------------------------------
 T = 10412.9, DT = 24.2724, NI = 2, LI = 2, RES = 5.6e-03 (2.9e-06), CFL=0.000 (ELAPSED 01:16:20 )
-------------------------------------------------------------------------------------------------------------
	 #1 (4.5420e-02, 3.9433e-05): lin 1 (0.0e+00)
	 #2 (1.5390e+02, 3.9377e-06): lin 1 (0.0e+00)
	 #3 (4.2195e-02, 1.4503e-05): lin 1 (0.0e+00)
	 #4 (1.1023e-02, 4.4191e-06): lin 1 (0.0e+00)
	 #5 (1.1017e-02, 4.4192e-06): lin 1 (0.0e+00)
	 #6 (1.1028e-02, 4.4194e-06): lin 1 (0.0e+00)
	 #7 (1.1031e-02, 4.4193e-06): lin 1 (0.0e+00)
	 #8 (1.1017e-02, 4.4193e-06): lin 1 (0.0e+00)
FAILED TO CONVERGE WITH DT = 48.545 (newton residual reservoir) 
	 #1 (2.2710e-02, 1.9717e-05): lin 1 (0.0e+00)
	 #2 (2.1892e+01, 2.7930e-06): lin 1 (0.0e+00)
-------------------------------------------------------------------------------------------------------------
 T = 10437.1, DT = 24.2724, NI = 2, LI = 2, RES = 6.3e-03 (2.3e-06), CFL=0.000 (ELAPSED 01:16:30 )
-------------------------------------------------------------------------------------------------------------
	 #1 (4.5742e-02, 3.8736e-05): lin 1 (0.0e+00)
	 #2 (1.9843e+02, 5.0400e-06): lin 1 (0.0e+00)
	 #3 (3.7310e-02, 3.3882e-06): lin 1 (0.0e+00)
	 #4 (1.0734e-02, 3.3883e-06): lin 1 (0.0e+00)
	 #5 (1.0729e-02, 3.3883e-06): lin 1 (0.0e+00)
	 #6 (1.0741e-02, 3.3883e-06): lin 1 (0.0e+00)
	 #7 (1.0744e-02, 3.3882e-06): lin 1 (0.0e+00)
FAILED TO CONVERGE WITH DT = 48.545 (newton residual reservoir) 
	 #1 (2.2871e-02, 1.9368e-05): lin 1 (0.0e+00)
	 #2 (3.6833e+01, 7.2176e-06): lin 1 (0.0e+00)
-------------------------------------------------------------------------------------------------------------
 T = 10461.4, DT = 24.2724, NI = 2, LI = 2, RES = 5.8e-03 (3.4e-06), CFL=0.000 (ELAPSED 01:16:39 )
-------------------------------------------------------------------------------------------------------------
	 #1 (4.5423e-02, 3.1682e-05): lin 1 (0.0e+00)
	 #2 (6.0627e+01, 5.8561e-06): lin 1 (0.0e+00)
	 #3 (1.6807e-02, 1.2531e-05): lin 1 (0.0e+00)
	 #4 (1.0612e-02, 1.2473e-05): lin 1 (0.0e+00)
	 #5 (1.0613e-02, 1.2474e-05): lin 1 (0.0e+00)
	 #6 (1.0613e-02, 1.2473e-05): lin 1 (0.0e+00)
FAILED TO CONVERGE WITH DT = 48.545 (newton residual reservoir) 
	 #1 (2.2712e-02, 1.5841e-05): lin 1 (0.0e+00)
	 #2 (1.8280e+00, 1.7007e-06): lin 1 (0.0e+00)
-------------------------------------------------------------------------------------------------------------
 T = 10485.7, DT = 24.2724, NI = 2, LI = 2, RES = 5.4e-03 (1.3e-06), CFL=0.000 (ELAPSED 01:16:48 )
-------------------------------------------------------------------------------------------------------------
	 #1 (4.5187e-02, 3.7571e-05): lin 1 (0.0e+00)
	 #2 (1.4516e+02, 3.6036e-06): lin 1 (0.0e+00)
	 #3 (2.5564e-02, 3.0537e-06): lin 1 (0.0e+00)
	 #4 (1.1068e-02, 2.5681e-06): lin 1 (0.0e+00)
	 #5 (1.1019e-02, 2.5680e-06): lin 1 (0.0e+00)
	 #6 (1.1048e-02, 2.5681e-06): lin 1 (0.0e+00)
	 #7 (1.1041e-02, 2.5680e-06): lin 1 (0.0e+00)
	 #8 (1.1019e-02, 2.5681e-06): lin 1 (0.0e+00)
	 #9 (1.1048e-02, 2.5680e-06): lin 1 (0.0e+00)
	 #10 (1.1034e-02, 2.5681e-06): lin 1 (0.0e+00)
FAILED TO CONVERGE WITH DT = 48.545 (newton residual reservoir) 
	 #1 (2.2594e-02, 1.8786e-05): lin 1 (0.0e+00)
	 #2 (1.8282e+01, 3.8636e-06): lin 1 (0.0e+00)
-------------------------------------------------------------------------------------------------------------
 T = 10510, DT = 24.2724, NI = 2, LI = 2, RES = 5.5e-03 (4.4e-06), CFL=0.000 (ELAPSED 01:17:00 )
-------------------------------------------------------------------------------------------------------------
	 #1 (4.5154e-02, 3.0556e-05): lin 1 (0.0e+00)
	 #2 (9.6930e+01, 1.9003e-06): lin 1 (0.0e+00)
	 #3 (1.6470e-02, 2.4277e-06): lin 1 (0.0e+00)
	 #4 (1.1330e-02, 2.4277e-06): lin 1 (0.0e+00)
	 #5 (1.1296e-02, 2.4277e-06): lin 1 (0.0e+00)
	 #6 (1.1300e-02, 2.4277e-06): lin 1 (0.0e+00)
	 #7 (1.1291e-02, 2.4277e-06): lin 1 (0.0e+00)
	 #8 (1.1284e-02, 2.4277e-06): lin 1 (0.0e+00)
FAILED TO CONVERGE WITH DT = 48.545 (newton residual reservoir) 
	 #1 (2.2577e-02, 1.5278e-05): lin 1 (0.0e+00)
	 #2 (1.6966e+01, 5.3741e-07): lin 1 (0.0e+00)
-------------------------------------------------------------------------------------------------------------
 T = 10534.2, DT = 24.2724, NI = 2, LI = 2, RES = 5.5e-03 (1.2e-06), CFL=0.000 (ELAPSED 01:17:10 )
-------------------------------------------------------------------------------------------------------------
	 #1 (4.5125e-02, 3.6510e-05): lin 1 (0.0e+00)
	 #2 (1.4778e+02, 2.5749e-06): lin 1 (0.0e+00)
	 #3 (3.1777e-02, 2.4326e-06): lin 1 (0.0e+00)
	 #4 (1.0902e-02, 2.4325e-06): lin 1 (0.0e+00)
	 #5 (1.0908e-02, 2.4326e-06): lin 1 (0.0e+00)
	 #6 (1.0904e-02, 2.4326e-06): lin 1 (0.0e+00)
	 #7 (1.0916e-02, 2.4326e-06): lin 1 (0.0e+00)
FAILED TO CONVERGE WITH DT = 48.545 (newton residual reservoir) 
	 #1 (2.2563e-02, 1.8255e-05): lin 1 (0.0e+00)
	 #2 (1.9280e+01, 1.2237e-06): lin 1 (0.0e+00)
-------------------------------------------------------------------------------------------------------------
 T = 10558.5, DT = 24.2724, NI = 2, LI = 2, RES = 6.2e-03 (1.2e-06), CFL=0.000 (ELAPSED 01:17:19 )
-------------------------------------------------------------------------------------------------------------
	 #1 (4.5464e-02, 3.5992e-05): lin 1 (0.0e+00)
	 #2 (1.2672e+02, 1.0410e-05): lin 1 (0.0e+00)
	 #3 (1.7159e-02, 1.1678e-05): lin 1 (0.0e+00)
	 #4 (1.0893e-02, 1.1678e-05): lin 1 (0.0e+00)
	 #5 (1.0868e-02, 1.1677e-05): lin 1 (0.0e+00)
	 #6 (1.0876e-02, 1.1678e-05): lin 1 (0.0e+00)
	 #7 (1.0891e-02, 1.1678e-05): lin 1 (0.0e+00)
	 #8 (1.0868e-02, 1.1678e-05): lin 1 (0.0e+00)
FAILED TO CONVERGE WITH DT = 48.545 (newton residual reservoir) 
	 #1 (2.2732e-02, 1.7996e-05): lin 1 (0.0e+00)
	 #2 (1.4317e+01, 2.5101e-07): lin 1 (0.0e+00)
-------------------------------------------------------------------------------------------------------------
 T = 10582.8, DT = 24.2724, NI = 2, LI = 2, RES = 5.5e-03 (1.3e-06), CFL=0.000 (ELAPSED 01:17:30 )
-------------------------------------------------------------------------------------------------------------
	 #1 (4.5038e-02, 3.5429e-05): lin 1 (0.0e+00)
	 #2 (1.6418e+02, 1.0952e-05): lin 1 (0.0e+00)
	 #3 (1.6983e-02, 7.5971e-06): lin 1 (0.0e+00)
	 #4 (1.0866e-02, 7.5522e-06): lin 1 (0.0e+00)
	 #5 (1.0847e-02, 7.5523e-06): lin 1 (0.0e+00)
	 #6 (1.0878e-02, 7.5520e-06): lin 1 (0.0e+00)
	 #7 (1.0836e-02, 7.5521e-06): lin 1 (0.0e+00)
	 #8 (1.0851e-02, 7.5521e-06): lin 1 (0.0e+00)
	 #9 (1.0875e-02, 7.5523e-06): lin 1 (0.0e+00)
	 #10 (1.0866e-02, 7.5520e-06): lin 1 (0.0e+00)
FAILED TO CONVERGE WITH DT = 48.545 (newton residual reservoir) 
	 #1 (2.2519e-02, 1.7715e-05): lin 1 (0.0e+00)
	 #2 (3.5342e+01, 1.3326e-06): lin 1 (0.0e+00)
-------------------------------------------------------------------------------------------------------------
 T = 10607.1, DT = 24.2724, NI = 2, LI = 2, RES = 5.7e-03 (1.2e-06), CFL=0.000 (ELAPSED 01:17:42 )
-------------------------------------------------------------------------------------------------------------
	 #1 (4.5092e-02, 3.4765e-05): lin 1 (0.0e+00)
	 #2 (1.0412e+02, 3.0965e-06): lin 1 (0.0e+00)
	 #3 (1.3114e-02, 6.2419e-06): lin 1 (0.0e+00)
	 #4 (1.1092e-02, 6.3557e-06): lin 1 (0.0e+00)
	 #5 (1.1094e-02, 6.3554e-06): lin 1 (0.0e+00)
	 #6 (1.1097e-02, 6.3556e-06): lin 1 (0.0e+00)
FAILED TO CONVERGE WITH DT = 48.545 (newton residual reservoir) 
	 #1 (2.2546e-02, 1.7383e-05): lin 1 (0.0e+00)
	 #2 (1.1812e+01, 1.4359e-06): lin 1 (0.0e+00)
-------------------------------------------------------------------------------------------------------------
 T = 10631.3, DT = 24.2724, NI = 2, LI = 2, RES = 5.3e-03 (3.3e-06), CFL=0.000 (ELAPSED 01:17:51 )
-------------------------------------------------------------------------------------------------------------
	 #1 (4.4843e-02, 4.0692e-05): lin 1 (0.0e+00)
	 #2 (1.6631e+02, 1.3244e-05): lin 1 (0.0e+00)
	 #3 (2.8302e-02, 5.0165e-06): lin 1 (0.0e+00)
	 #4 (1.0680e-02, 5.0842e-06): lin 1 (0.0e+00)
	 #5 (1.0693e-02, 5.0841e-06): lin 1 (0.0e+00)
	 #6 (1.0692e-02, 5.0841e-06): lin 1 (0.0e+00)
FAILED TO CONVERGE WITH DT = 48.545 (newton residual reservoir) 
	 #1 (2.2422e-02, 2.0346e-05): lin 1 (0.0e+00)
	 #2 (3.4830e+01, 2.0754e-06): lin 1 (0.0e+00)
-------------------------------------------------------------------------------------------------------------
 T = 10655.6, DT = 24.2724, NI = 2, LI = 2, RES = 6.2e-03 (2.6e-06), CFL=0.000 (ELAPSED 01:17:59 )
-------------------------------------------------------------------------------------------------------------
	 #1 (4.5305e-02, 3.9848e-05): lin 1 (0.0e+00)
	 #2 (1.8505e+02, 4.2418e-06): lin 1 (0.0e+00)
	 #3 (1.8490e-02, 6.6129e-06): lin 1 (0.0e+00)
	 #4 (1.0876e-02, 6.6127e-06): lin 1 (0.0e+00)
	 #5 (1.0884e-02, 6.6130e-06): lin 1 (0.0e+00)
	 #6 (1.0900e-02, 6.6128e-06): lin 1 (0.0e+00)
	 #7 (1.0878e-02, 6.6131e-06): lin 1 (0.0e+00)
FAILED TO CONVERGE WITH DT = 48.545 (newton residual reservoir) 
	 #1 (2.2652e-02, 1.9924e-05): lin 1 (0.0e+00)
	 #2 (3.3811e+01, 2.5204e-06): lin 1 (0.0e+00)
-------------------------------------------------------------------------------------------------------------
 T = 10679.9, DT = 24.2724, NI = 2, LI = 2, RES = 5.5e-03 (3.2e-06), CFL=0.000 (ELAPSED 01:18:08 )
-------------------------------------------------------------------------------------------------------------
	 #1 (4.4891e-02, 3.2507e-05): lin 1 (0.0e+00)
	 #2 (2.0237e+01, 4.6548e-06): lin 1 (0.0e+00)
	 #3 (1.0652e-02, 7.6684e-06): lin 1 (0.0e+00)
	 #4 (1.1329e-02, 1.2714e-05): lin 1 (0.0e+00)
	 #5 (1.1337e-02, 1.2714e-05): lin 1 (0.0e+00)
	 #6 (1.1325e-02, 1.2714e-05): lin 1 (0.0e+00)
	 #7 (1.1325e-02, 1.2714e-05): lin 1 (0.0e+00)
FAILED TO CONVERGE WITH DT = 48.545 (newton residual reservoir) 
	 #1 (2.2446e-02, 1.6254e-05): lin 1 (0.0e+00)
	 #2 (2.1814e+00, 3.1065e-06): lin 1 (0.0e+00)
-------------------------------------------------------------------------------------------------------------
 T = 10704.1, DT = 24.2724, NI = 2, LI = 2, RES = 5.6e-03 (1.7e-06), CFL=0.000 (ELAPSED 01:18:17 )
-------------------------------------------------------------------------------------------------------------
	 #1 (4.4860e-02, 3.8525e-05): lin 1 (0.0e+00)
	 #2 (5.7919e+01, 6.7367e-06): lin 1 (0.0e+00)
	 #3 (1.3184e-02, 1.3973e-06): lin 1 (0.0e+00)
	 #4 (1.1419e-02, 8.6881e-06): lin 1 (0.0e+00)
	 #5 (1.1429e-02, 8.6881e-06): lin 1 (0.0e+00)
	 #6 (1.1433e-02, 8.6881e-06): lin 1 (0.0e+00)
	 #7 (1.1432e-02, 8.6881e-06): lin 1 (0.0e+00)
FAILED TO CONVERGE WITH DT = 48.545 (newton residual reservoir) 
	 #1 (2.2430e-02, 1.9263e-05): lin 1 (0.0e+00)
	 #2 (7.6103e+00, 1.3335e-06): lin 1 (0.0e+00)
-------------------------------------------------------------------------------------------------------------
 T = 10728.4, DT = 24.2724, NI = 2, LI = 2, RES = 5.4e-03 (7.8e-07), CFL=0.000 (ELAPSED 01:18:27 )
-------------------------------------------------------------------------------------------------------------
	 #1 (4.4737e-02, 3.7747e-05): lin 1 (0.0e+00)
	 #2 (2.1010e+02, 7.9985e-06): lin 1 (0.0e+00)
	 #3 (2.7462e-02, 1.0420e-05): lin 1 (0.0e+00)
	 #4 (1.0772e-02, 1.0421e-05): lin 1 (0.0e+00)
	 #5 (1.0779e-02, 1.0420e-05): lin 1 (0.0e+00)
	 #6 (1.0768e-02, 1.0420e-05): lin 1 (0.0e+00)
FAILED TO CONVERGE WITH DT = 48.545 (newton residual reservoir) 
	 #1 (2.2368e-02, 1.8874e-05): lin 1 (0.0e+00)
	 #2 (2.0608e+01, 4.4538e-06): lin 1 (0.0e+00)
-------------------------------------------------------------------------------------------------------------
 T = 10752.7, DT = 24.2724, NI = 2, LI = 2, RES = 6.2e-03 (2.1e-07), CFL=0.000 (ELAPSED 01:18:35 )
-------------------------------------------------------------------------------------------------------------
	 #1 (4.5114e-02, 3.7084e-05): lin 1 (0.0e+00)
	 #2 (1.7394e+02, 1.1297e-05): lin 1 (0.0e+00)
	 #3 (2.9456e-02, 9.2481e-06): lin 1 (0.0e+00)
	 #4 (1.0833e-02, 9.2483e-06): lin 1 (0.0e+00)
	 #5 (1.0839e-02, 9.2481e-06): lin 1 (0.0e+00)
	 #6 (1.0832e-02, 9.2481e-06): lin 1 (0.0e+00)
	 #7 (1.0858e-02, 9.2479e-06): lin 1 (0.0e+00)
FAILED TO CONVERGE WITH DT = 48.545 (newton residual reservoir) 
	 #1 (2.2557e-02, 1.8542e-05): lin 1 (0.0e+00)
	 #2 (2.4482e+01, 1.9938e-07): lin 1 (0.0e+00)
-------------------------------------------------------------------------------------------------------------
 T = 10777, DT = 24.2724, NI = 2, LI = 2, RES = 5.6e-03 (4.7e-06), CFL=0.000 (ELAPSED 01:18:44 )
-------------------------------------------------------------------------------------------------------------
	 #1 (4.4713e-02, 4.3017e-05): lin 1 (0.0e+00)
	 #2 (1.6381e+02, 2.5890e-07): lin 1 (0.0e+00)
	 #3 (6.4222e-02, 1.9538e-06): lin 1 (0.0e+00)
	 #4 (1.0847e-02, 1.9539e-06): lin 1 (0.0e+00)
	 #5 (1.0855e-02, 1.9540e-06): lin 1 (0.0e+00)
	 #6 (1.0823e-02, 1.9541e-06): lin 1 (0.0e+00)
	 #7 (1.0817e-02, 1.9541e-06): lin 1 (0.0e+00)
	 #8 (1.0834e-02, 1.9541e-06): lin 1 (0.0e+00)
	 #9 (1.0805e-02, 1.9541e-06): lin 1 (0.0e+00)
	 #10 (1.0835e-02, 1.9541e-06): lin 1 (0.0e+00)
FAILED TO CONVERGE WITH DT = 48.545 (newton residual reservoir) 
	 #1 (2.2357e-02, 2.1509e-05): lin 1 (0.0e+00)
	 #2 (3.9797e+01, 5.4939e-06): lin 1 (0.0e+00)
-------------------------------------------------------------------------------------------------------------
 T = 10801.2, DT = 24.2724, NI = 2, LI = 2, RES = 9.1e-03 (4.1e-06), CFL=0.000 (ELAPSED 01:18:57 )
-------------------------------------------------------------------------------------------------------------
	 #1 (4.6949e-02, 4.2207e-05): lin 1 (0.0e+00)
	 #2 (7.4712e+01, 1.1302e-05): lin 1 (0.0e+00)
	 #3 (1.6391e-02, 7.2145e-06): lin 1 (0.0e+00)
	 #4 (1.0486e-02, 7.0665e-06): lin 1 (0.0e+00)
	 #5 (1.0484e-02, 7.0665e-06): lin 1 (0.0e+00)
	 #6 (1.0484e-02, 7.0665e-06): lin 1 (0.0e+00)
FAILED TO CONVERGE WITH DT = 48.545 (newton residual reservoir) 
	 #1 (2.3475e-02, 2.1104e-05): lin 1 (0.0e+00)
	 #2 (1.1507e+01, 9.6700e-07): lin 1 (0.0e+00)
-------------------------------------------------------------------------------------------------------------
 T = 10825.5, DT = 24.2724, NI = 2, LI = 2, RES = 5.8e-03 (3.7e-06), CFL=0.000 (ELAPSED 01:19:05 )
-------------------------------------------------------------------------------------------------------------
	 #1 (4.4796e-02, 4.1773e-05): lin 1 (0.0e+00)
	 #2 (1.2814e+02, 2.7244e-06): lin 1 (0.0e+00)
	 #3 (1.5172e-02, 4.5606e-06): lin 1 (0.0e+00)
	 #4 (1.1049e-02, 1.4397e-05): lin 1 (0.0e+00)
	 #5 (1.1036e-02, 1.4397e-05): lin 1 (0.0e+00)
	 #6 (1.1006e-02, 1.4397e-05): lin 1 (0.0e+00)
	 #7 (1.1004e-02, 1.4397e-05): lin 1 (0.0e+00)
	 #8 (1.1049e-02, 1.4397e-05): lin 1 (0.0e+00)
	 #9 (1.1006e-02, 1.4397e-05): lin 1 (0.0e+00)
FAILED TO CONVERGE WITH DT = 48.545 (newton residual reservoir) 
	 #1 (2.2398e-02, 2.0887e-05): lin 1 (0.0e+00)
	 #2 (2.3662e+01, 3.6698e-06): lin 1 (0.0e+00)
-------------------------------------------------------------------------------------------------------------
 T = 10849.8, DT = 24.2724, NI = 2, LI = 2, RES = 5.5e-03 (2.0e-06), CFL=0.000 (ELAPSED 01:19:16 )
-------------------------------------------------------------------------------------------------------------
	 #1 (4.4562e-02, 3.4511e-05): lin 1 (0.0e+00)
	 #2 (1.5497e+02, 6.5862e-06): lin 1 (0.0e+00)
	 #3 (1.3908e-02, 4.7359e-06): lin 1 (0.0e+00)
	 #4 (1.0697e-02, 4.7363e-06): lin 1 (0.0e+00)
	 #5 (1.0678e-02, 4.7359e-06): lin 1 (0.0e+00)
	 #6 (1.0680e-02, 4.7360e-06): lin 1 (0.0e+00)
	 #7 (1.0698e-02, 4.7362e-06): lin 1 (0.0e+00)
	 #8 (1.0676e-02, 4.7359e-06): lin 1 (0.0e+00)
	 #9 (1.0724e-02, 4.7360e-06): lin 1 (0.0e+00)
FAILED TO CONVERGE WITH DT = 48.545 (newton residual reservoir) 
	 #1 (2.2281e-02, 1.7256e-05): lin 1 (0.0e+00)
	 #2 (2.8546e+01, 2.3038e-06): lin 1 (0.0e+00)
-------------------------------------------------------------------------------------------------------------
 T = 10874.1, DT = 24.2724, NI = 2, LI = 2, RES = 5.4e-03 (2.4e-06), CFL=0.000 (ELAPSED 01:19:27 )
-------------------------------------------------------------------------------------------------------------
	 #1 (4.4491e-02, 4.0245e-05): lin 1 (0.0e+00)
	 #2 (1.3363e+02, 4.8519e-06): lin 1 (0.0e+00)
	 #3 (3.0049e-02, 3.7976e-06): lin 1 (0.0e+00)
	 #4 (1.0802e-02, 3.7058e-06): lin 1 (0.0e+00)
	 #5 (1.0815e-02, 3.7058e-06): lin 1 (0.0e+00)
	 #6 (1.0815e-02, 3.7058e-06): lin 1 (0.0e+00)
	 #7 (1.0815e-02, 3.7058e-06): lin 1 (0.0e+00)
FAILED TO CONVERGE WITH DT = 48.545 (newton residual reservoir) 
	 #1 (2.2245e-02, 2.0123e-05): lin 1 (0.0e+00)
	 #2 (2.2783e+01, 2.3087e-06): lin 1 (0.0e+00)
-------------------------------------------------------------------------------------------------------------
 T = 10898.3, DT = 24.2724, NI = 2, LI = 2, RES = 6.0e-03 (1.8e-06), CFL=0.000 (ELAPSED 01:19:37 )
-------------------------------------------------------------------------------------------------------------
	 #1 (4.4718e-02, 3.9626e-05): lin 1 (0.0e+00)
	 #2 (1.9769e+02, 5.7755e-06): lin 1 (0.0e+00)
	 #3 (2.0039e-02, 1.2510e-05): lin 1 (0.0e+00)
	 #4 (1.0354e-02, 1.2594e-05): lin 1 (0.0e+00)
	 #5 (1.0345e-02, 1.2594e-05): lin 1 (0.0e+00)
	 #6 (1.0353e-02, 1.2594e-05): lin 1 (0.0e+00)
FAILED TO CONVERGE WITH DT = 48.545 (newton residual reservoir) 
	 #1 (2.2359e-02, 1.9813e-05): lin 1 (0.0e+00)
	 #2 (3.3198e+01, 3.3438e-06): lin 1 (0.0e+00)
-------------------------------------------------------------------------------------------------------------
 T = 10922.6, DT = 24.2724, NI = 2, LI = 2, RES = 5.6e-03 (3.8e-06), CFL=0.000 (ELAPSED 01:19:45 )
-------------------------------------------------------------------------------------------------------------
	 #1 (2.5108e-02, 1.8416e-05): lin 1 (0.0e+00)
	 #2 (7.9452e+01, 4.3410e-06): lin 1 (0.0e+00)
-------------------------------------------------------------------------------------------------------------
 T = 10950, DT = 27.4032, NI = 2, LI = 2, RES = 7.6e-03 (4.9e-06), CFL=0.000 (ELAPSED 01:19:47 )
-------------------------------------------------------------------------------------------------------------

Total steps 471 (448) newton 1166 (3206) linear 1166 (3654)
---OBL Statistics---
Number of operators: 10
Number of points: 64
Number of interpolations: 2470668200 
Number of points generated: 88 (2.148%)
Total elapsed 4787.790000 sec
	jacobian assembly 137.879000 sec
		interpolation 45.023000 sec
			property 0 interpolation 0.277000 sec
				body generation 0.263000 sec
					point generation 0.263000 sec
			reservoir 0 interpolation 44.881000 sec
				body generation 0.544000 sec
					point generation 0.544000 sec
			well controls interpolation 0.168000 sec
				body generation 0.131000 sec
					point generation 0.131000 sec
			well initialization 0.002000 sec
				body generation 0.002000 sec
					point generation 0.002000 sec
			well interpolation 0.135000 sec
				body generation 0.121000 sec
					point generation 0.121000 sec
	linear solver setup 0.003000 sec
		SUPERLU 0.000000 sec
	linear solver solve 4645.214000 sec
		SUPERLU 4582.044000 sec
	newton update 0.000000 sec
		composition correction 0.000000 sec
