$MeshFormat
4.1 0 8
$EndMeshFormat
$PhysicalNames
1
3 9991 "matrix"
$EndPhysicalNames
$Entities
36 44 15 1
1 1500 500 0 0 
2 1500 1000 0 0 
3 1500 1800 0 0 
4 1500 2200 0 0 
5 1500 2800 0 0 
6 1500 3000 0 0 
7 2000 1000 0 0 
8 2000 2000 0 0 
9 2500 600 0 0 
10 2500 1300 0 0 
11 2500 2900 0 0 
12 2500 3000 0 0 
13 2666.66667 1966.66667 0 0 
14 3000 2100 0 0 
15 0 0 0 0 
16 4000 0 0 0 
17 4000 4000 0 0 
18 0 4000 0 0 
19 0 0 50 0 
20 4000 0 50 0 
24 4000 4000 50 0 
28 0 4000 50 0 
29 1500 2800 50 0 
30 2500 2900 50 0 
31 1500 3000 50 0 
32 2500 3000 50 0 
33 2000 1000 50 0 
34 2500 1300 50 0 
35 1500 1800 50 0 
36 2000 2000 50 0 
37 1500 2200 50 0 
38 2666.66667 1966.66667 50 0 
39 3000 2100 50 0 
40 1500 1000 50 0 
41 1500 500 50 0 
42 2500 600 50 0 
1 1500 2800 0 2500 2900 0 0 2 5 -11 
2 1500 3000 0 2500 3000 0 0 2 6 -12 
3 2000 1000 0 2500 1300 0 0 2 7 -10 
4 1500 1800 0 2000 2000 0 0 2 3 -8 
5 1500 2000 0 2000 2200 0 0 2 4 -8 
6 2666.66667 1966.66667 0 3000 2100 0 0 2 13 -14 
7 1500 1000 0 2000 1000 0 0 2 2 -7 
8 1500 500 0 2500 600 0 0 2 1 -9 
9 2000 1966.66667 0 2666.66667 2000 0 0 2 8 -13 
10 0 0 0 4000 0 0 0 2 15 -16 
11 4000 0 0 4000 4000 0 0 2 16 -17 
12 0 4000 0 4000 4000 0 0 2 17 -18 
13 0 0 0 0 4000 0 0 2 18 -15 
15 0 0 50 4000 0 50 0 2 19 -20 
16 4000 0 50 4000 4000 50 0 2 20 -24 
17 0 4000 50 4000 4000 50 0 2 24 -28 
18 0 0 50 0 4000 50 0 2 28 -19 
20 0 0 0 0 0 50 0 2 15 -19 
21 4000 0 0 4000 0 50 0 2 16 -20 
25 4000 4000 0 4000 4000 50 0 2 17 -24 
29 0 4000 0 0 4000 50 0 2 18 -28 
36 1500 2800 50 2500 2900 50 0 2 29 -30 
37 1500 2800 0 1500 2800 50 0 2 5 -29 
38 2500 2900 0 2500 2900 50 0 2 11 -30 
90001 1500 3000 50 2500 3000 50 0 2 31 -32 
90002 1500 3000 0 1500 3000 50 0 2 6 -31 
90003 2500 3000 0 2500 3000 50 0 2 12 -32 
90005 2000 1000 50 2500 1300 50 0 2 33 -34 
90006 2000 1000 0 2000 1000 50 0 2 7 -33 
90007 2500 1300 0 2500 1300 50 0 2 10 -34 
90009 1500 1800 50 2000 2000 50 0 2 35 -36 
90010 1500 1800 0 1500 1800 50 0 2 3 -35 
90011 2000 2000 0 2000 2000 50 0 2 8 -36 
90013 1500 2000 50 2000 2200 50 0 2 37 -36 
90014 1500 2200 0 1500 2200 50 0 2 4 -37 
90017 2666.66667 1966.66667 50 3000 2100 50 0 2 38 -39 
90018 2666.66667 1966.66667 0 2666.66667 1966.66667 50 0 2 13 -38 
90019 3000 2100 0 3000 2100 50 0 2 14 -39 
90021 1500 1000 50 2000 1000 50 0 2 40 -33 
90022 1500 1000 0 1500 1000 50 0 2 2 -40 
90025 1500 500 50 2500 600 50 0 2 41 -42 
90026 1500 500 0 1500 500 50 0 2 1 -41 
90027 2500 600 0 2500 600 50 0 2 9 -42 
90029 2000 1966.66667 50 2666.66667 2000 50 0 2 36 -38 
1 0 0 0 4000 4000 0 1 2 4 10 11 12 13 
22 0 0 0 4000 0 50 1 3 4 10 21 -15 -20 
26 4000 0 0 4000 4000 50 1 4 4 11 25 -16 -21 
30 0 4000 0 4000 4000 50 1 5 4 12 29 -17 -25 
34 0 0 0 0 4000 50 1 6 4 13 20 -18 -29 
35 0 0 50 4000 4000 50 1 1 4 15 16 17 18 
39 1500 2800 0 2500 2900 50 1 90000 4 1 38 -36 -37 
90004 1500 3000 0 2500 3000 50 1 90001 4 2 90003 -90001 -90002 
90008 2000 1000 0 2500 1300 50 1 90002 4 3 90007 -90005 -90006 
90012 1500 1800 0 2000 2000 50 1 90003 4 4 90011 -90009 -90010 
90016 1500 2000 0 2000 2200 50 1 90004 4 5 90011 -90013 -90014 
90020 2666.66667 1966.66667 0 3000 2100 50 1 90005 4 6 90019 -90017 -90018 
90024 1500 1000 0 2000 1000 50 1 90006 4 7 90006 -90021 -90022 
90028 1500 500 0 2500 600 50 1 90007 4 8 90027 -90025 -90026 
90032 2000 1966.66667 0 2666.66667 2000 50 1 90008 4 9 90018 -90029 -90011 
1 0 0 0 4000 4000 50 1 9991 6 -1 35 22 26 30 34 
$EndEntities
$Nodes
78 1274 1 1274
0 1 0 1
1
1500 500 0
0 2 0 1
2
1500 1000 0
0 3 0 1
3
1500 1800 0
0 4 0 1
4
1500 2200 0
0 5 0 1
5
1500 2800 0
0 6 0 1
6
1500 3000 0
0 7 0 1
7
2000 1000 0
0 8 0 1
8
2000 2000 0
0 9 0 1
9
2500 600 0
0 10 0 1
10
2500 1300 0
0 11 0 1
11
2500 2900 0
0 12 0 1
12
2500 3000 0
0 13 0 1
13
2666.66667 1966.66667 0
0 14 0 1
14
3000 2100 0
0 15 0 1
15
0 0 0
0 16 0 1
16
4000 0 0
0 17 0 1
17
4000 4000 0
0 18 0 1
18
0 4000 0
0 19 0 1
19
0 0 50
0 20 0 1
20
4000 0 50
0 24 0 1
21
4000 4000 50
0 28 0 1
22
0 4000 50
0 29 0 1
23
1500 2800 50
0 30 0 1
24
2500 2900 50
0 31 0 1
25
1500 3000 50
0 32 0 1
26
2500 3000 50
0 33 0 1
27
2000 1000 50
0 34 0 1
28
2500 1300 50
0 35 0 1
29
1500 1800 50
0 36 0 1
30
2000 2000 50
0 37 0 1
31
1500 2200 50
0 38 0 1
32
2666.66667 1966.66667 50
0 39 0 1
33
3000 2100 50
0 40 0 1
34
1500 1000 50
0 41 0 1
35
1500 500 50
0 42 0 1
36
2500 600 50
1 1 0 5
37
38
39
40
41
1666.666666668352 2816.666666666835 0
1833.333333336704 2833.33333333367 0
2000.000000005057 2850.000000000506 0
2166.666666670799 2866.66666666708 0
2333.333333335399 2883.33333333354 0
1 2 0 4
42
43
44
45
1700.000000002043 3000 0
1900.000000004085 3000 0
2100.000000005009 3000 0
2300.000000002505 3000 0
1 3 0 2
46
47
2166.666666666392 1099.999999999835 0
2333.333333333195 1199.999999999917 0
1 4 0 2
48
49
1666.66666666659 1866.666666666636 0
1833.33333333341 1933.333333333364 0
1 5 0 2
50
51
1666.66666666659 2133.333333333364 0
1833.33333333341 2066.666666666636 0
1 6 0 1
52
2833.333334999817 2033.333334999927 0
1 7 0 2
53
54
1666.666666666578 1000 0
1833.333333333422 1000 0
1 8 0 5
55
56
57
58
59
1666.666666668352 516.6666666668352 0
1833.333333336705 533.3333333336705 0
2000.000000005058 550.0000000005058 0
2166.666666670801 566.6666666670801 0
2333.3333333354 583.3333333335401 0
1 9 0 3
60
61
62
2166.666667499798 1991.66666750001 0
2333.333334999069 1983.333335000047 0
2500.000002499315 1975.000002500034 0
1 10 0 19
63
64
65
66
67
68
69
70
71
72
73
74
75
76
77
78
79
80
81
199.9999999998691 0 0
399.9999999998601 0 0
599.9999999996712 0 0
799.9999999991759 0 0
999.9999999986808 0 0
1199.999999998709 0 0
1399.999999998782 0 0
1599.999999998856 0 0
1799.999999998929 0 0
1999.999999999047 0 0
2199.999999999342 0 0
2399.999999999415 0 0
2599.999999999487 0 0
2799.999999999561 0 0
2999.999999999634 0 0
3199.999999999707 0 0
3399.99999999978 0 0
3599.999999999854 0 0
3799.999999999927 0 0
1 11 0 19
82
83
84
85
86
87
88
89
90
91
92
93
94
95
96
97
98
99
100
4000 199.9999999998691 0
4000 399.9999999998601 0
4000 599.9999999996712 0
4000 799.9999999991759 0
4000 999.9999999986808 0
4000 1199.999999998709 0
4000 1399.999999998782 0
4000 1599.999999998856 0
4000 1799.999999998929 0
4000 1999.999999999047 0
4000 2199.999999999342 0
4000 2399.999999999415 0
4000 2599.999999999487 0
4000 2799.999999999561 0
4000 2999.999999999634 0
4000 3199.999999999707 0
4000 3399.99999999978 0
4000 3599.999999999854 0
4000 3799.999999999927 0
1 12 0 19
101
102
103
104
105
106
107
108
109
110
111
112
113
114
115
116
117
118
119
3800.000000000013 4000 0
3600.000000000027 4000 0
3400.00000000004 4000 0
3200.000000000053 4000 0
3000.000000000066 4000 0
2800.00000000008 4000 0
2600.000000000094 4000 0
2400.000000000106 4000 0
2200.00000000012 4000 0
2000.000000000089 4000 0
1799.99999999988 4000 0
1599.999999999894 4000 0
1399.999999999907 4000 0
1199.99999999992 4000 0
999.9999999999336 4000 0
799.9999999999468 4000 0
599.99999999996 4000 0
399.9999999999736 4000 0
199.9999999999864 4000 0
1 13 0 19
120
121
122
123
124
125
126
127
128
129
130
131
132
133
134
135
136
137
138
0 3800.000000000013 0
0 3600.000000000027 0
0 3400.00000000004 0
0 3200.000000000053 0
0 3000.000000000066 0
0 2800.00000000008 0
0 2600.000000000094 0
0 2400.000000000106 0
0 2200.00000000012 0
0 2000.000000000089 0
0 1799.99999999988 0
0 1599.999999999894 0
0 1399.999999999907 0
0 1199.99999999992 0
0 999.9999999999336 0
0 799.9999999999468 0
0 599.99999999996 0
0 399.9999999999736 0
0 199.9999999999864 0
1 15 0 19
139
140
141
142
143
144
145
146
147
148
149
150
151
152
153
154
155
156
157
199.9999999998691 0 50
399.9999999998601 0 50
599.9999999996712 0 50
799.9999999991759 0 50
999.9999999986808 0 50
1199.999999998709 0 50
1399.999999998782 0 50
1599.999999998856 0 50
1799.999999998929 0 50
1999.999999999047 0 50
2199.999999999342 0 50
2399.999999999415 0 50
2599.999999999487 0 50
2799.999999999561 0 50
2999.999999999634 0 50
3199.999999999707 0 50
3399.99999999978 0 50
3599.999999999854 0 50
3799.999999999927 0 50
1 16 0 19
158
159
160
161
162
163
164
165
166
167
168
169
170
171
172
173
174
175
176
4000 199.9999999998691 50
4000 399.9999999998601 50
4000 599.9999999996712 50
4000 799.9999999991759 50
4000 999.9999999986808 50
4000 1199.999999998709 50
4000 1399.999999998782 50
4000 1599.999999998856 50
4000 1799.999999998929 50
4000 1999.999999999047 50
4000 2199.999999999342 50
4000 2399.999999999415 50
4000 2599.999999999487 50
4000 2799.999999999561 50
4000 2999.999999999634 50
4000 3199.999999999707 50
4000 3399.99999999978 50
4000 3599.999999999854 50
4000 3799.999999999927 50
1 17 0 19
177
178
179
180
181
182
183
184
185
186
187
188
189
190
191
192
193
194
195
3800.000000000013 4000 50
3600.000000000027 4000 50
3400.00000000004 4000 50
3200.000000000053 4000 50
3000.000000000066 4000 50
2800.00000000008 4000 50
2600.000000000094 4000 50
2400.000000000106 4000 50
2200.00000000012 4000 50
2000.000000000089 4000 50
1799.99999999988 4000 50
1599.999999999894 4000 50
1399.999999999907 4000 50
1199.99999999992 4000 50
999.9999999999336 4000 50
799.9999999999468 4000 50
599.99999999996 4000 50
399.9999999999736 4000 50
199.9999999999864 4000 50
1 18 0 19
196
197
198
199
200
201
202
203
204
205
206
207
208
209
210
211
212
213
214
0 3800.000000000013 50
0 3600.000000000027 50
0 3400.00000000004 50
0 3200.000000000053 50
0 3000.000000000066 50
0 2800.00000000008 50
0 2600.000000000094 50
0 2400.000000000106 50
0 2200.00000000012 50
0 2000.000000000089 50
0 1799.99999999988 50
0 1599.999999999894 50
0 1399.999999999907 50
0 1199.99999999992 50
0 999.9999999999336 50
0 799.9999999999468 50
0 599.99999999996 50
0 399.9999999999736 50
0 199.9999999999864 50
1 36 0 5
215
216
217
218
219
1666.666666668352 2816.666666666835 50
1833.333333336704 2833.33333333367 50
2000.000000005057 2850.000000000506 50
2166.666666670799 2866.66666666708 50
2333.333333335399 2883.33333333354 50
1 90001 0 4
220
221
222
223
1700.000000002043 3000 50
1900.000000004085 3000 50
2100.000000005009 3000 50
2300.000000002505 3000 50
1 90005 0 2
224
225
2166.666666666392 1099.999999999835 50
2333.333333333195 1199.999999999917 50
1 90009 0 2
226
227
1666.66666666659 1866.666666666636 50
1833.33333333341 1933.333333333364 50
1 90013 0 2
228
229
1666.66666666659 2133.333333333364 50
1833.33333333341 2066.666666666636 50
1 90017 0 1
230
2833.333334999817 2033.333334999927 50
1 90021 0 2
231
232
1666.666666666578 1000 50
1833.333333333422 1000 50
1 90025 0 5
233
234
235
236
237
1666.666666668352 516.6666666668352 50
1833.333333336705 533.3333333336705 50
2000.000000005058 550.0000000005058 50
2166.666666670801 566.6666666670801 50
2333.3333333354 583.3333333335401 50
1 90029 0 3
238
239
240
2166.666667499798 1991.66666750001 50
2333.333334999069 1983.333335000047 50
2500.000002499315 1975.000002500034 50
2 1 0 517
241
242
243
244
245
246
247
248
249
250
251
252
253
254
255
256
257
258
259
260
261
262
263
264
265
266
267
268
269
270
271
272
273
274
275
276
277
278
279
280
281
282
283
284
285
286
287
288
289
290
291
292
293
294
295
296
297
298
299
300
301
302
303
304
305
306
307
308
309
310
311
312
313
314
315
316
317
318
319
320
321
322
323
324
325
326
327
328
329
330
331
332
333
334
335
336
337
338
339
340
341
342
343
344
345
346
347
348
349
350
351
352
353
354
355
356
357
358
359
360
361
362
363
364
365
366
367
368
369
370
371
372
373
374
375
376
377
378
379
380
381
382
383
384
385
386
387
388
389
390
391
392
393
394
395
396
397
398
399
400
401
402
403
404
405
406
407
408
409
410
411
412
413
414
415
416
417
418
419
420
421
422
423
424
425
426
427
428
429
430
431
432
433
434
435
436
437
438
439
440
441
442
443
444
445
446
447
448
449
450
451
452
453
454
455
456
457
458
459
460
461
462
463
464
465
466
467
468
469
470
471
472
473
474
475
476
477
478
479
480
481
482
483
484
485
486
487
488
489
490
491
492
493
494
495
496
497
498
499
500
501
502
503
504
505
506
507
508
509
510
511
512
513
514
515
516
517
518
519
520
521
522
523
524
525
526
527
528
529
530
531
532
533
534
535
536
537
538
539
540
541
542
543
544
545
546
547
548
549
550
551
552
553
554
555
556
557
558
559
560
561
562
563
564
565
566
567
568
569
570
571
572
573
574
575
576
577
578
579
580
581
582
583
584
585
586
587
588
589
590
591
592
593
594
595
596
597
598
599
600
601
602
603
604
605
606
607
608
609
610
611
612
613
614
615
616
617
618
619
620
621
622
623
624
625
626
627
628
629
630
631
632
633
634
635
636
637
638
639
640
641
642
643
644
645
646
647
648
649
650
651
652
653
654
655
656
657
658
659
660
661
662
663
664
665
666
667
668
669
670
671
672
673
674
675
676
677
678
679
680
681
682
683
684
685
686
687
688
689
690
691
692
693
694
695
696
697
698
699
700
701
702
703
704
705
706
707
708
709
710
711
712
713
714
715
716
717
718
719
720
721
722
723
724
725
726
727
728
729
730
731
732
733
734
735
736
737
738
739
740
741
742
743
744
745
746
747
748
749
750
751
752
753
754
755
756
757
3848.648484413187 3097.001708290169 0
172.7503551338019 1301.608412957914 0
3823.893829323792 882.5998508649483 0
171.550992903019 2499.988412920963 0
3086.188434212585 3838.034139810941 0
176.1457913216524 1895.507319553842 0
1343.210851827802 2890.148804413295 0
709.4824739896412 159.9846018870221 0
699.999999999954 3826.794919243124 0
3814.807772560152 1467.441021896786 0
168.6234649368768 3113.531259575926 0
3099.999999999671 173.2050807569509 0
2720.277387378698 3838.448267810229 0
3847.01226002666 2498.397992801148 0
1331.950773882493 3090.620792105503 0
1168.596817830105 2985.322863562682 0
1186.567845074377 2785.720915403772 0
2284.769839848559 3832.421672274437 0
1986.259533155921 2180.416281602762 0
173.2050807568761 699.9999999999534 0
1997.195495564161 3146.997022184751 0
1007.848877058042 2879.812851394677 0
1020.744277004942 2687.648819618719 0
3821.573177851657 1879.577526141989 0
1964.945213464667 1845.970299671776 0
3489.898805871487 164.2837482695077 0
3806.876586570279 3482.781603693601 0
997.3027096608099 3076.343292761114 0
1706.904694979531 3841.193082557511 0
845.4134337279124 2775.99556601628 0
856.7359317906312 2584.104305018332 0
1119.569231245563 3803.648321019062 0
2097.501090154391 2724.846786962029 0
1095.852716257346 164.2644844280624 0
167.1745516030081 3499.896348605999 0
1768.676094813538 2676.867337775787 0
1029.774892036769 2497.69547315884 0
867.3981368543871 2393.104133686628 0
1492.568295377789 3202.243288501445 0
1324.47213257875 3287.883857887512 0
1037.194648700623 2307.539707037619 0
878.4200392687104 2203.0248420237 0
708.2004231407196 2288.66132005554 0
722.7575590213773 2104.963360569614 0
889.8476300610992 2014.46759223195 0
710.5336951526997 1910.550063123431 0
892.9585714731209 1825.101819158987 0
746.3148502398736 1719.114675416421 0
903.0349496453582 1636.621541175704 0
755.4472797045283 1536.491816717142 0
913.1793447134282 1451.139310366727 0
773.2804341617759 1352.521227169819 0
931.4355730975017 1266.317841213109 0
785.652304652078 1166.351423830755 0
943.2954806357909 1082.268850486727 0
790.5613619557028 982.3114524721201 0
953.3723621605756 900.144490382929 0
1063.525507802142 1390.444403133405 0
800.3921890133294 799.4568524192227 0
964.4291271930638 717.4883327243197 0
613.5379065385546 1620.957705074205 0
642.5445945933186 1065.056623593719 0
683.7140556185969 2670.876644484159 0
672.7681178380834 2864.081861900569 0
3499.315115697489 3836.146415727693 0
3832.555790929372 499.9601693121376 0
2703.435216418613 176.9415582734233 0
548.9340029366466 2184.062100756482 0
1049.453846670025 1936.746355330325 0
1115.636138988881 817.0864459544985 0
1491.290899292394 3390.472893026154 0
1127.359063866201 637.8204875872242 0
810.0214513324426 614.4867359238166 0
641.878403672235 697.8735792435915 0
507.8863790954837 2749.480837171713 0
2283.783999630651 182.3147960409459 0
178.0134423391083 313.3335192530684 0
1198.68639297837 2406.656318782888 0
1275.215199366458 737.4277825621012 0
1661.782094111536 3299.071389217691 0
1319.690304893471 3482.908772002509 0
1153.688145469843 3379.3316653923 0
521.3500553090985 2563.593307548533 0
1895.838581189993 171.1239585063966 0
501.8757682900855 2951.532916327859 0
663.0027156172838 3059.108321667697 0
490.5621398228521 3148.513993924887 0
653.1007678623528 3255.725169940007 0
649.5612170494796 511.6004901983957 0
1204.209793367415 2213.445354377869 0
1652.595647966957 3487.939784871513 0
1810.179253276011 3373.603062887443 0
485.1595366472785 3341.387405478916 0
643.7192177824634 3452.389784489539 0
307.6418858745664 3808.703225276494 0
1512.691687956717 171.2824247665015 0
2168.720574102384 3169.464578737159 0
2074.147767001173 3289.279657354756 0
2239.524013351105 3302.706662695287 0
2147.778107824132 3431.859928901245 0
2308.613156148267 3435.670895774513 0
2395.910186159564 3311.24044752495 0
2462.840419386464 3439.204213910267 0
2540.494082121833 3318.717100340444 0
2609.346471501334 3447.060346875389 0
2685.438512081476 3324.11528345327 0
2756.138112348174 3453.863527952607 0
2833.221879762506 3327.657845222383 0
2762.653481476064 3197.855119817983 0
2909.024374169141 3201.884122617544 0
2836.950572077402 3076.178673204598 0
2983.613720912319 3077.335469044521 0
2912.93426988325 2948.245130922131 0
3061.615202669012 2950.474024392276 0
3058.826301335494 3202.627746620251 0
2988.17858646776 2817.040950959138 0
3143.482191185785 2819.526413243292 0
3211.227253406902 2966.352334786979 0
3066.022382449838 2680.049530127281 0
2907.13038103147 2683.293062142845 0
3228.637783872937 2682.586962000185 0
3147.484834183954 2536.696717931018 0
3317.515960045363 2539.284947952337 0
3396.486827481179 2687.370480485669 0
2908.263893870515 3460.767035524766 0
3230.836434488014 2385.983576900387 0
3409.440899998801 2389.336659129306 0
3319.319322640367 2230.237155135253 0
3505.058788535775 2234.544580030927 0
3413.647790544061 2072.465976926399 0
2766.668224977949 2959.115742385957 0
2523.702193680417 3566.880519627601 0
3059.227542650365 2389.677615534503 0
335.616417149908 2840.045298541377 0
817.2897867570903 3363.741256559028 0
484.9053783942006 595.3402310840381 0
488.0817125129147 779.187307924492 0
490.9335963851393 405.7189119804649 0
469.6675585206157 3523.234137776881 0
2477.273367898118 3192.855029695736 0
815.1879642027171 435.3171941261348 0
2827.711926572004 3588.373022387767 0
809.5292183078427 3553.474061796939 0
1256.370432165704 914.0911883788746 0
1839.953658574635 3561.372914626701 0
3602.995693995042 2081.058278645329 0
3504.494695742322 1915.173131993997 0
3319.888881903759 1910.713300051847 0
3415.107263804359 1747.983583742127 0
3225.142457053661 1746.237536626589 0
3321.878422506513 1582.561933599154 0
3130.281832572641 1581.433018861032 0
3227.316347896285 1416.992923473734 0
3037.325157595566 1416.374789133127 0
3133.169637318597 1250.707250263792 0
3324.150654562398 1251.732586083402 0
3228.314786744113 1085.934652769671 0
3038.395511485977 1084.770615105652 0
3133.228996101126 921.3925584021001 0
2945.037782658931 921.4623361264369 0
3038.852427221424 758.630837512219 0
3227.92536547742 757.6019265243013 0
2940.413598992859 1579.990850437465 0
3420.234636575387 1086.724271418773 0
3132.830522240327 593.4648393530013 0
2943.308739923025 595.1855089209832 0
3347.688851344902 558.2974391771708 0
2851.527608453277 1083.168651066166 0
2758.376166834709 921.1531272248475 0
3424.098152262279 751.5269564915282 0
3516.464701517245 1253.206589095098 0
2848.847124022211 1414.230614179558 0
2754.660486245307 1578.872426370825 0
3509.374691327991 1585.527639663213 0
3516.724050605579 622.0405607178253 0
2856.134955458207 1738.671095472054 0
3688.952458627363 2246.584801239918 0
3223.520395576634 440.5576994509918 0
2987.135356119337 3593.629746214322 0
3070.783157299585 3461.016587139478 0
3148.826686626928 3594.035923275286 0
3241.606473136872 3460.503784301346 0
3319.397869942491 3599.530195561067 0
3416.634579069294 3458.794466921973 0
3330.165369684032 3310.530025342593 0
3506.707303100246 3307.031984592096 0
3422.952164015528 3156.891197650681 0
2673.114063802741 1077.303525498067 0
2574.961086958409 922.6297966355651 0
2215.096176649986 3570.25879635781 0
3610.998491584806 1092.245655536395 0
3708.661822606188 1271.585953319874 0
2672.854648006707 1729.626940614866 0
2573.791876884563 1583.310797209914 0
2488.197206215732 1724.840198816121 0
2393.781245890103 1585.312844106056 0
2302.472438168405 1736.585132912097 0
2214.141698299649 1582.584036466962 0
2685.908745872779 770.5158602489515 0
2250.096191199701 2741.919834555826 0
2185.76296162034 2605.701529552136 0
2331.842687289013 2621.833674757682 0
2269.371692738771 2487.415763376982 0
2417.840952428825 2502.606274795516 0
2125.42061080299 2472.418655892276 0
2354.93667825489 2365.381562846463 0
2503.894248546475 2380.391596952285 0
2567.1636952843 2519.775851603288 0
2652.277058286636 2398.17147197734 0
2594.718785760493 2255.367809278578 0
2776.00874569504 2290.523025841176 0
2709.000106958651 2541.338362701926 0
2620.148618965624 2656.276727776977 0
1826.120484083358 1785.227101267639 0
1951.891568300727 1693.74321810719 0
1797.551426721791 1617.105051064168 0
1931.777470679024 1526.042612175402 0
1779.838634806675 1460.781939794397 0
1916.954712631899 1357.588119010177 0
1761.751525027448 1292.453831727571 0
1625.066855793769 1390.827373623488 0
1605.338396992517 1233.56803625092 0
1466.754944213965 1327.864116735075 0
1486.254663738179 1491.145400701615 0
1335.785246140037 1430.014078880513 0
1302.8881815405 1257.357871167532 0
1343.808725748055 1600.053675297588 0
1296.298058573194 563.2041909596408 0
1141.169112974899 459.9021497129152 0
1301.367448859971 381.7840280515299 0
2904.324373328193 3735.798579099202 0
1826.349475580766 2221.072680488342 0
1677.009511460494 2306.929584694178 0
1514.566182052397 2389.269089681296 0
1832.112554851583 2388.324746814698 0
1686.761347230602 2508.14115448778 0
1514.418379984011 2546.379424709272 0
1143.916193946956 3581.256132494344 0
1315.088992112243 3679.048046720057 0
3631.566600336545 769.694068677261 0
2049.986772667229 3572.272732611167 0
3588.07933590325 3158.908949586679 0
3508.80827493589 3032.550138154486 0
3132.375678717764 1910.147309996447 0
2327.133219577709 3194.447374604688 0
3680.068760176121 3315.227051168267 0
1539.843977333883 2002.939330547264 0
1358.363108475982 1928.94585319224 0
2099.436379424508 1435.941487033105 0
307.6775861382375 503.8062744328411 0
2107.8928110384 1747.188783850437 0
2392.921299986219 2749.826900437098 0
2314.045801109546 1414.514004062309 0
3242.516423209069 3155.328449493506 0
1904.924248967148 1167.046476679535 0
1922.321716165708 853.9552456096535 0
2089.441093989165 854.8635399389674 0
1201.068546417154 1507.422196593603 0
1203.182550390441 1695.508014087829 0
1804.715401296664 3177.927327752733 0
2479.357399889256 2637.232738624506 0
2524.754398998336 2775.251584748652 0
2671.562865227125 2777.889530584941 0
3502.916546227703 3603.311048222261 0
2616.908069955275 3202.90007656144 0
2678.110463667185 3073.646470082164 0
2645.175664288853 2956.578637922782 0
2502.124305373713 3843.720695500879 0
2114.224893026406 3725.242447148825 0
1432.034215552253 850.9772127957434 0
1703.522009603035 169.2576534581036 0
1803.433815169045 359.1599857519582 0
1716.348616432821 661.2851403688846 0
1995.765267287286 326.6854988942363 0
2089.261633106713 173.9571551458321 0
2181.315330869052 325.1636895320092 0
2340.553586791308 324.1581716227836 0
2491.511410556439 211.613816013691 0
2639.756552689119 359.4853452309419 0
2811.532143276762 324.7589408969474 0
2731.454288794673 480.7002740402866 0
1612.534031772815 337.1124029133277 0
1304.642846796077 196.5846356797425 0
3297.73612035431 3856.454550053163 0
3039.938611715232 1743.548134749954 0
1362.780386454508 2488.617213131805 0
2859.129176128748 764.6287388867298 0
1386.405435504435 2675.161733124641 0
1197.493204842233 2590.250078870111 0
2814.233390403271 2821.541914123429 0
1103.442395626607 996.9632240654025 0
1116.913869358278 1205.891118066844 0
1935.355029487665 2704.212949604529 0
1432.677526371636 662.2906978440745 0
1580.749249428736 755.9583161080332 0
2762.206818800822 2673.682375825718 0
3836.439143811691 2899.313829481355 0
3833.555040030999 2699.410709069261 0
3672.116656547385 2573.352496972802 0
3677.157111315415 2782.821514135808 0
901.3914007009381 156.0432709878628 0
2765.839084217379 1242.634592615591 0
1047.322992394026 2115.798390472985 0
3298.346665736163 159.7623045489933 0
3219.27164858302 2074.702351845993 0
3133.195707998417 2239.610843498222 0
3822.777316967156 1687.511411413267 0
2987.430221148116 2541.431078733775 0
2900.466995693984 2407.447889483864 0
1916.436076268611 3833.797593643177 0
1492.397583199102 3803.232049286527 0
2648.749994417142 1398.459388394809 0
3828.121752867019 695.8315259458265 0
1256.12473131173 1089.858145131638 0
172.633243518025 1498.814480991496 0
334.4126158914712 1400.13433045629 0
338.4066331164726 1210.991138376657 0
480.8891639566467 1325.180189480447 0
330.185138180468 1603.255722296001 0
170.8822391237891 1698.158381053143 0
338.9858009615519 1801.656658605732 0
334.2461688112481 1997.265656597762 0
501.7092564337191 1909.201698034964 0
172.7103155044089 2099.339110671105 0
173.134567956268 2301.016084306119 0
344.9788614454681 2401.7188859475 0
175.2119190625054 1105.206717449523 0
340.1423562456669 1020.778024579443 0
169.0957889099086 913.0300474360015 0
166.5228515708773 2706.67228524378 0
969.0758426705689 3668.476872700445 0
3835.157085959754 3697.296376971898 0
3805.605887791056 2091.06915444897 0
3055.893116838548 438.9832504588367 0
349.567237884712 2205.050096296922 0
500.7247538522132 199.7659095183955 0
165.4179527897751 3310.280545497788 0
3831.019584216541 300.8450545966002 0
3683.385438689415 385.8756264045114 0
1645.682532052972 1698.893234447517 0
511.5309445526378 3828.761692018114 0
990.0143806092907 334.1529833878294 0
1886.73606728651 690.2271953808497 0
1746.888004262978 834.2067716131729 0
1485.111667108191 3584.560122816142 0
2485.285568910605 1097.975918420878 0
2398.521471093472 919.0619667126448 0
1868.066683332972 2550.651417805916 0
3812.32941624588 1098.018140400025 0
1439.816066822762 1144.787747437744 0
3418.367454403899 1418.140522168701 0
1159.976872722559 3182.389986226495 0
695.5157325679099 2479.72627372551 0
2403.264703897254 3098.915468923299 0
974.6968500297689 533.1946472437065 0
2945.850687182167 1248.647752060648 0
1214.264350803698 2041.38434743139 0
2487.235366764285 767.9051669489818 0
2319.424308001483 763.0524377025185 0
834.9894724166775 2969.524690646937 0
3583.733854095206 2395.396184831248 0
3608.656098919153 1432.02448667593 0
3374.077679258977 335.9223532715669 0
3632.362073245694 1763.183137426326 0
981.6004488175382 3470.000408089998 0
3325.045804890712 920.8481994232552 0
826.2092195653969 3167.137341237148 0
539.0669439841746 2373.121476215741 0
2904.681452036116 162.2003000510517 0
2054.662785430118 1254.098891130956 0
643.7948654825714 881.249309904919 0
989.3445304988729 3273.157325044347 0
3516.472892183949 921.9088309331581 0
2440.490610486593 2243.99558336911 0
2293.125462850986 2233.121505574987 0
2407.296954744836 3688.731218832642 0
624.9773038623516 3655.973871718722 0
3598.708527692674 3463.097908201184 0
336.5108739099123 2607.006586985261 0
2942.947164913644 1901.82481012829 0
2551.485779323738 3102.554166881142 0
1359.575692396784 2298.269572768744 0
2709.252870921687 2139.808947732607 0
3488.509448787911 2544.065899479988 0
3682.057871005446 3000.073049925827 0
2210.291959085449 2356.135645939027 0
2062.705380999682 2337.530780190643 0
3694.792819236475 3817.609036161252 0
2041.307885145658 2588.631895863094 0
3305.131009950337 2833.785614020895 0
2989.320089274296 3330.325415553931 0
3155.800929208536 3327.999156199166 0
299.1925384647929 165.3898999512877 0
3687.694984187808 180.8324085254182 0
155.0057573562041 3693.567846599065 0
2052.11044244507 699.7486274444534 0
1707.968795466777 2000.587866109453 0
1977.205127059983 2439.645977195808 0
1725.891250720067 1131.738339712224 0
165.642050670656 2912.200672172903 0
3495.861911840714 2863.811796162362 0
1973.642084347295 3418.230175136332 0
899.9042264822989 3840.542348217288 0
2954.287510562352 2266.685417327848 0
2677.649848818091 3575.636719131509 0
623.0626598604758 1430.410600518954 0
2547.659185016104 2116.310143391977 0
338.31968224156 3038.097434364077 0
1377.211399528017 2091.62946063861 0
1044.208324566028 1738.770734094611 0
2239.579460411625 876.6354504109743 0
3115.312138295225 3072.511773775291 0
1645.651096596133 3664.82214114543 0
3677.358773480824 3616.678177295072 0
1446.247203077116 317.3526982822203 0
2603.526439456587 3705.062278841325 0
2453.599892359196 433.2474547347217 0
327.8096077575058 3226.858100119956 0
3679.499750745577 1589.739726414191 0
1305.411161311347 3857.18568340513 0
3856.772668136404 2299.999999999379 0
1646.917966169655 1545.175668971658 0
3847.807774439922 3285.350900353263 0
2598.962697693002 2873.1328843126 0
2149.022642264176 2223.448243369149 0
2227.19200244928 1863.483540722178 0
656.0077056421485 334.5463145268052 0
131.7792218468444 503.4279587371593 0
3364.416172893073 3001.453255044818 0
2063.73559791016 1598.191898537753 0
1928.499127852355 3281.146107741341 0
2840.214066811865 2546.0380945905 0
3667.047863502065 569.1175834716014 0
2392.952398741264 2108.667279036009 0
2769.004684663762 1874.966542763892 0
319.2689321218215 3411.283610975582 0
1495.115528768208 1648.834837844252 0
2204.973118723454 1295.149694401277 0
1618.954022172853 2679.226061733931 0
1203.119087621677 1853.0035480188 0
351.3068125562626 685.6722065003357 0
2101.901389885118 2103.728412210084 0
2646.49906989794 617.4400700661531 0
1349.59527641754 1770.867619778427 0
2404.789430251833 1856.373458771462 0
308.2291270766556 3604.624292738553 0
2261.530269869333 447.851315116797 0
499.3109311479284 963.6100437763689 0
2583.585440272891 1854.578968911063 0
2486.073783660271 1456.319406754618 0
3671.222261742352 1938.298562165508 0
2437.752258079989 2827.102954629822 0
3869.088733419964 1299.999999998745 0
1054.699870589092 1569.984366575313 0
1572.306235608948 618.6043105857084 0
352.2290380756648 320.4772775838618 0
492.3671063171608 1139.235085924882 0
1934.478946451966 2303.723126773317 0
1166.875299342654 308.5763083051428 0
1631.813158157606 3135.848401094374 0
1939.943959426489 3678.879632690782 0
2374.803251267736 3559.24832673904 0
2856.240487490896 2171.087463108647 0
2239.500316040069 2107.327573781714 0
331.5468755035137 847.867683292425 0
584.5935245623059 2041.255261720706 0
2891.099771996904 458.5594956297453 0
3677.512471892541 949.1225132253473 0
632.9660439235759 1246.459191753096 0
2296.873387493271 1034.553798059734 0
3546.026391194521 2690.284437447326 0
2263.695856581453 3103.63624235823 0
2089.791561881947 1890.183206449908 0
478.6249272921264 1519.349199976913 0
480.5540977200588 1707.499802929733 0
2100.000000000103 3882.117713742717 0
1368.863335470522 1004.748716680148 0
2696.591464497596 2879.07755261923 0
2795.773050269208 617.9668877148697 0
809.7781108892304 3716.101919509162 0
3853.119320253967 3853.119320253946 0
2193.772658444172 696.2016506423313 0
3853.589838486268 146.4101615136778 0
146.4101615137542 146.4101615137856 0
146.4101615137638 3853.589838486235 0
2088.544059581062 444.1387126230066 0
1595.779842423527 885.3121868809329 0
3001.454580795379 285.1073707063942 0
2746.697995110714 3688.663773454006 0
2775.049877238154 2429.035798654878 0
2900.000000000075 3890.793889693737 0
2584.827413336404 3018.454948238088 0
444.4093639773654 3684.259443905753 0
1583.333333333289 1097.361693615321 0
3519.255108876184 456.6673429414538 0
3193.766040869816 287.8655197312576 0
2027.385609623733 1130.310968799956 0
2616.197499410031 1215.433407650486 0
802.9236867742349 278.1540845108329 0
1204.036270251622 1358.22593356838 0
2134.680535616381 975.771005593331 0
3738.324872074001 2384.492672134551 0
3205.681795193892 3730.795504418756 0
616.7277683946356 1784.341301274682 0
1925.986822784848 448.4651055274118 0
3403.659711524592 3725.24959325821 0
3066.431329096187 3698.458778563701 0
1804.988723045414 3722.255372402054 0
2273.810104280689 3691.134589108344 0
3581.858989188574 3723.269688338396 0
445.4827471415763 2089.655447156711 0
2594.261960748186 498.1746288144207 0
3548.978516956309 305.6235982126247 0
2565.793155063652 2949.633294094694 0
2408.333333334476 2945.833333333385 0
2409.998252025292 678.5727344962601 0
3727.747665913122 3174.34800842246 0
2 22 0 0
2 26 0 0
2 30 0 0
2 34 0 0
2 35 0 517
758
759
760
761
762
763
764
765
766
767
768
769
770
771
772
773
774
775
776
777
778
779
780
781
782
783
784
785
786
787
788
789
790
791
792
793
794
795
796
797
798
799
800
801
802
803
804
805
806
807
808
809
810
811
812
813
814
815
816
817
818
819
820
821
822
823
824
825
826
827
828
829
830
831
832
833
834
835
836
837
838
839
840
841
842
843
844
845
846
847
848
849
850
851
852
853
854
855
856
857
858
859
860
861
862
863
864
865
866
867
868
869
870
871
872
873
874
875
876
877
878
879
880
881
882
883
884
885
886
887
888
889
890
891
892
893
894
895
896
897
898
899
900
901
902
903
904
905
906
907
908
909
910
911
912
913
914
915
916
917
918
919
920
921
922
923
924
925
926
927
928
929
930
931
932
933
934
935
936
937
938
939
940
941
942
943
944
945
946
947
948
949
950
951
952
953
954
955
956
957
958
959
960
961
962
963
964
965
966
967
968
969
970
971
972
973
974
975
976
977
978
979
980
981
982
983
984
985
986
987
988
989
990
991
992
993
994
995
996
997
998
999
1000
1001
1002
1003
1004
1005
1006
1007
1008
1009
1010
1011
1012
1013
1014
1015
1016
1017
1018
1019
1020
1021
1022
1023
1024
1025
1026
1027
1028
1029
1030
1031
1032
1033
1034
1035
1036
1037
1038
1039
1040
1041
1042
1043
1044
1045
1046
1047
1048
1049
1050
1051
1052
1053
1054
1055
1056
1057
1058
1059
1060
1061
1062
1063
1064
1065
1066
1067
1068
1069
1070
1071
1072
1073
1074
1075
1076
1077
1078
1079
1080
1081
1082
1083
1084
1085
1086
1087
1088
1089
1090
1091
1092
1093
1094
1095
1096
1097
1098
1099
1100
1101
1102
1103
1104
1105
1106
1107
1108
1109
1110
1111
1112
1113
1114
1115
1116
1117
1118
1119
1120
1121
1122
1123
1124
1125
1126
1127
1128
1129
1130
1131
1132
1133
1134
1135
1136
1137
1138
1139
1140
1141
1142
1143
1144
1145
1146
1147
1148
1149
1150
1151
1152
1153
1154
1155
1156
1157
1158
1159
1160
1161
1162
1163
1164
1165
1166
1167
1168
1169
1170
1171
1172
1173
1174
1175
1176
1177
1178
1179
1180
1181
1182
1183
1184
1185
1186
1187
1188
1189
1190
1191
1192
1193
1194
1195
1196
1197
1198
1199
1200
1201
1202
1203
1204
1205
1206
1207
1208
1209
1210
1211
1212
1213
1214
1215
1216
1217
1218
1219
1220
1221
1222
1223
1224
1225
1226
1227
1228
1229
1230
1231
1232
1233
1234
1235
1236
1237
1238
1239
1240
1241
1242
1243
1244
1245
1246
1247
1248
1249
1250
1251
1252
1253
1254
1255
1256
1257
1258
1259
1260
1261
1262
1263
1264
1265
1266
1267
1268
1269
1270
1271
1272
1273
1274
3848.648484413187 3097.001708290169 50
172.7503551338019 1301.608412957914 50
3823.893829323792 882.5998508649483 50
171.550992903019 2499.988412920963 50
3086.188434212585 3838.034139810941 50
176.1457913216524 1895.507319553842 50
1343.210851827802 2890.148804413295 50
709.4824739896412 159.9846018870221 50
699.999999999954 3826.794919243124 50
3814.807772560152 1467.441021896786 50
168.6234649368768 3113.531259575926 50
3099.999999999671 173.2050807569509 50
2720.277387378698 3838.448267810229 50
3847.01226002666 2498.397992801148 50
1331.950773882493 3090.620792105503 50
1168.596817830105 2985.322863562682 50
1186.567845074377 2785.720915403772 50
2284.769839848559 3832.421672274437 50
1986.259533155921 2180.416281602762 50
173.2050807568761 699.9999999999534 50
1997.195495564161 3146.997022184751 50
1007.848877058042 2879.812851394677 50
1020.744277004942 2687.648819618719 50
3821.573177851657 1879.577526141989 50
1964.945213464667 1845.970299671776 50
3489.898805871487 164.2837482695077 50
3806.876586570279 3482.781603693601 50
997.3027096608099 3076.343292761114 50
1706.904694979531 3841.193082557511 50
845.4134337279124 2775.99556601628 50
856.7359317906312 2584.104305018332 50
1119.569231245563 3803.648321019062 50
2097.501090154391 2724.846786962029 50
1095.852716257346 164.2644844280624 50
167.1745516030081 3499.896348605999 50
1768.676094813538 2676.867337775787 50
1029.774892036769 2497.69547315884 50
867.3981368543871 2393.104133686628 50
1492.568295377789 3202.243288501445 50
1324.47213257875 3287.883857887512 50
1037.194648700623 2307.539707037619 50
878.4200392687104 2203.0248420237 50
708.2004231407196 2288.66132005554 50
722.7575590213773 2104.963360569614 50
889.8476300610992 2014.46759223195 50
710.5336951526997 1910.550063123431 50
892.9585714731209 1825.101819158987 50
746.3148502398736 1719.114675416421 50
903.0349496453582 1636.621541175704 50
755.4472797045283 1536.491816717142 50
913.1793447134282 1451.139310366727 50
773.2804341617759 1352.521227169819 50
931.4355730975017 1266.317841213109 50
785.652304652078 1166.351423830755 50
943.2954806357909 1082.268850486727 50
790.5613619557028 982.3114524721201 50
953.3723621605756 900.144490382929 50
1063.525507802142 1390.444403133405 50
800.3921890133294 799.4568524192227 50
964.4291271930638 717.4883327243197 50
613.5379065385546 1620.957705074205 50
642.5445945933186 1065.056623593719 50
683.7140556185969 2670.876644484159 50
672.7681178380834 2864.081861900569 50
3499.315115697489 3836.146415727693 50
3832.555790929372 499.9601693121376 50
2703.435216418613 176.9415582734233 50
548.9340029366466 2184.062100756482 50
1049.453846670025 1936.746355330325 50
1115.636138988881 817.0864459544985 50
1491.290899292394 3390.472893026154 50
1127.359063866201 637.8204875872242 50
810.0214513324426 614.4867359238166 50
641.878403672235 697.8735792435915 50
507.8863790954837 2749.480837171713 50
2283.783999630651 182.3147960409459 50
178.0134423391083 313.3335192530684 50
1198.68639297837 2406.656318782888 50
1275.215199366458 737.4277825621012 50
1661.782094111536 3299.071389217691 50
1319.690304893471 3482.908772002509 50
1153.688145469843 3379.3316653923 50
521.3500553090985 2563.593307548533 50
1895.838581189993 171.1239585063966 50
501.8757682900855 2951.532916327859 50
663.0027156172838 3059.108321667697 50
490.5621398228521 3148.513993924887 50
653.1007678623528 3255.725169940007 50
649.5612170494796 511.6004901983957 50
1204.209793367415 2213.445354377869 50
1652.595647966957 3487.939784871513 50
1810.179253276011 3373.603062887443 50
485.1595366472785 3341.387405478916 50
643.7192177824634 3452.389784489539 50
307.6418858745664 3808.703225276494 50
1512.691687956717 171.2824247665015 50
2168.720574102384 3169.464578737159 50
2074.147767001173 3289.279657354756 50
2239.524013351105 3302.706662695287 50
2147.778107824132 3431.859928901245 50
2308.613156148267 3435.670895774513 50
2395.910186159564 3311.24044752495 50
2462.840419386464 3439.204213910267 50
2540.494082121833 3318.717100340444 50
2609.346471501334 3447.060346875389 50
2685.438512081476 3324.11528345327 50
2756.138112348174 3453.863527952607 50
2833.221879762506 3327.657845222383 50
2762.653481476064 3197.855119817983 50
2909.024374169141 3201.884122617544 50
2836.950572077402 3076.178673204598 50
2983.613720912319 3077.335469044521 50
2912.93426988325 2948.245130922131 50
3061.615202669012 2950.474024392276 50
3058.826301335494 3202.627746620251 50
2988.17858646776 2817.040950959138 50
3143.482191185785 2819.526413243292 50
3211.227253406902 2966.352334786979 50
3066.022382449838 2680.049530127281 50
2907.13038103147 2683.293062142845 50
3228.637783872937 2682.586962000185 50
3147.484834183954 2536.696717931018 50
3317.515960045363 2539.284947952337 50
3396.486827481179 2687.370480485669 50
2908.263893870515 3460.767035524766 50
3230.836434488014 2385.983576900387 50
3409.440899998801 2389.336659129306 50
3319.319322640367 2230.237155135253 50
3505.058788535775 2234.544580030927 50
3413.647790544061 2072.465976926399 50
2766.668224977949 2959.115742385957 50
2523.702193680417 3566.880519627601 50
3059.227542650365 2389.677615534503 50
335.616417149908 2840.045298541377 50
817.2897867570903 3363.741256559028 50
484.9053783942006 595.3402310840381 50
488.0817125129147 779.187307924492 50
490.9335963851393 405.7189119804649 50
469.6675585206157 3523.234137776881 50
2477.273367898118 3192.855029695736 50
815.1879642027171 435.3171941261348 50
2827.711926572004 3588.373022387767 50
809.5292183078427 3553.474061796939 50
1256.370432165704 914.0911883788746 50
1839.953658574635 3561.372914626701 50
3602.995693995042 2081.058278645329 50
3504.494695742322 1915.173131993997 50
3319.888881903759 1910.713300051847 50
3415.107263804359 1747.983583742127 50
3225.142457053661 1746.237536626589 50
3321.878422506513 1582.561933599154 50
3130.281832572641 1581.433018861032 50
3227.316347896285 1416.992923473734 50
3037.325157595566 1416.374789133127 50
3133.169637318597 1250.707250263792 50
3324.150654562398 1251.732586083402 50
3228.314786744113 1085.934652769671 50
3038.395511485977 1084.770615105652 50
3133.228996101126 921.3925584021001 50
2945.037782658931 921.4623361264369 50
3038.852427221424 758.630837512219 50
3227.92536547742 757.6019265243013 50
2940.413598992859 1579.990850437465 50
3420.234636575387 1086.724271418773 50
3132.830522240327 593.4648393530013 50
2943.308739923025 595.1855089209832 50
3347.688851344902 558.2974391771708 50
2851.527608453277 1083.168651066166 50
2758.376166834709 921.1531272248475 50
3424.098152262279 751.5269564915282 50
3516.464701517245 1253.206589095098 50
2848.847124022211 1414.230614179558 50
2754.660486245307 1578.872426370825 50
3509.374691327991 1585.527639663213 50
3516.724050605579 622.0405607178253 50
2856.134955458207 1738.671095472054 50
3688.952458627363 2246.584801239918 50
3223.520395576634 440.5576994509918 50
2987.135356119337 3593.629746214322 50
3070.783157299585 3461.016587139478 50
3148.826686626928 3594.035923275286 50
3241.606473136872 3460.503784301346 50
3319.397869942491 3599.530195561067 50
3416.634579069294 3458.794466921973 50
3330.165369684032 3310.530025342593 50
3506.707303100246 3307.031984592096 50
3422.952164015528 3156.891197650681 50
2673.114063802741 1077.303525498067 50
2574.961086958409 922.6297966355651 50
2215.096176649986 3570.25879635781 50
3610.998491584806 1092.245655536395 50
3708.661822606188 1271.585953319874 50
2672.854648006707 1729.626940614866 50
2573.791876884563 1583.310797209914 50
2488.197206215732 1724.840198816121 50
2393.781245890103 1585.312844106056 50
2302.472438168405 1736.585132912097 50
2214.141698299649 1582.584036466962 50
2685.908745872779 770.5158602489515 50
2250.096191199701 2741.919834555826 50
2185.76296162034 2605.701529552136 50
2331.842687289013 2621.833674757682 50
2269.371692738771 2487.415763376982 50
2417.840952428825 2502.606274795516 50
2125.42061080299 2472.418655892276 50
2354.93667825489 2365.381562846463 50
2503.894248546475 2380.391596952285 50
2567.1636952843 2519.775851603288 50
2652.277058286636 2398.17147197734 50
2594.718785760493 2255.367809278578 50
2776.00874569504 2290.523025841176 50
2709.000106958651 2541.338362701926 50
2620.148618965624 2656.276727776977 50
1826.120484083358 1785.227101267639 50
1951.891568300727 1693.74321810719 50
1797.551426721791 1617.105051064168 50
1931.777470679024 1526.042612175402 50
1779.838634806675 1460.781939794397 50
1916.954712631899 1357.588119010177 50
1761.751525027448 1292.453831727571 50
1625.066855793769 1390.827373623488 50
1605.338396992517 1233.56803625092 50
1466.754944213965 1327.864116735075 50
1486.254663738179 1491.145400701615 50
1335.785246140037 1430.014078880513 50
1302.8881815405 1257.357871167532 50
1343.808725748055 1600.053675297588 50
1296.298058573194 563.2041909596408 50
1141.169112974899 459.9021497129152 50
1301.367448859971 381.7840280515299 50
2904.324373328193 3735.798579099202 50
1826.349475580766 2221.072680488342 50
1677.009511460494 2306.929584694178 50
1514.566182052397 2389.269089681296 50
1832.112554851583 2388.324746814698 50
1686.761347230602 2508.14115448778 50
1514.418379984011 2546.379424709272 50
1143.916193946956 3581.256132494344 50
1315.088992112243 3679.048046720057 50
3631.566600336545 769.694068677261 50
2049.986772667229 3572.272732611167 50
3588.07933590325 3158.908949586679 50
3508.80827493589 3032.550138154486 50
3132.375678717764 1910.147309996447 50
2327.133219577709 3194.447374604688 50
3680.068760176121 3315.227051168267 50
1539.843977333883 2002.939330547264 50
1358.363108475982 1928.94585319224 50
2099.436379424508 1435.941487033105 50
307.6775861382375 503.8062744328411 50
2107.8928110384 1747.188783850437 50
2392.921299986219 2749.826900437098 50
2314.045801109546 1414.514004062309 50
3242.516423209069 3155.328449493506 50
1904.924248967148 1167.046476679535 50
1922.321716165708 853.9552456096535 50
2089.441093989165 854.8635399389674 50
1201.068546417154 1507.422196593603 50
1203.182550390441 1695.508014087829 50
1804.715401296664 3177.927327752733 50
2479.357399889256 2637.232738624506 50
2524.754398998336 2775.251584748652 50
2671.562865227125 2777.889530584941 50
3502.916546227703 3603.311048222261 50
2616.908069955275 3202.90007656144 50
2678.110463667185 3073.646470082164 50
2645.175664288853 2956.578637922782 50
2502.124305373713 3843.720695500879 50
2114.224893026406 3725.242447148825 50
1432.034215552253 850.9772127957434 50
1703.522009603035 169.2576534581036 50
1803.433815169045 359.1599857519582 50
1716.348616432821 661.2851403688846 50
1995.765267287286 326.6854988942363 50
2089.261633106713 173.9571551458321 50
2181.315330869052 325.1636895320092 50
2340.553586791308 324.1581716227836 50
2491.511410556439 211.613816013691 50
2639.756552689119 359.4853452309419 50
2811.532143276762 324.7589408969474 50
2731.454288794673 480.7002740402866 50
1612.534031772815 337.1124029133277 50
1304.642846796077 196.5846356797425 50
3297.73612035431 3856.454550053163 50
3039.938611715232 1743.548134749954 50
1362.780386454508 2488.617213131805 50
2859.129176128748 764.6287388867298 50
1386.405435504435 2675.161733124641 50
1197.493204842233 2590.250078870111 50
2814.233390403271 2821.541914123429 50
1103.442395626607 996.9632240654025 50
1116.913869358278 1205.891118066844 50
1935.355029487665 2704.212949604529 50
1432.677526371636 662.2906978440745 50
1580.749249428736 755.9583161080332 50
2762.206818800822 2673.682375825718 50
3836.439143811691 2899.313829481355 50
3833.555040030999 2699.410709069261 50
3672.116656547385 2573.352496972802 50
3677.157111315415 2782.821514135808 50
901.3914007009381 156.0432709878628 50
2765.839084217379 1242.634592615591 50
1047.322992394026 2115.798390472985 50
3298.346665736163 159.7623045489933 50
3219.27164858302 2074.702351845993 50
3133.195707998417 2239.610843498222 50
3822.777316967156 1687.511411413267 50
2987.430221148116 2541.431078733775 50
2900.466995693984 2407.447889483864 50
1916.436076268611 3833.797593643177 50
1492.397583199102 3803.232049286527 50
2648.749994417142 1398.459388394809 50
3828.121752867019 695.8315259458265 50
1256.12473131173 1089.858145131638 50
172.633243518025 1498.814480991496 50
334.4126158914712 1400.13433045629 50
338.4066331164726 1210.991138376657 50
480.8891639566467 1325.180189480447 50
330.185138180468 1603.255722296001 50
170.8822391237891 1698.158381053143 50
338.9858009615519 1801.656658605732 50
334.2461688112481 1997.265656597762 50
501.7092564337191 1909.201698034964 50
172.7103155044089 2099.339110671105 50
173.134567956268 2301.016084306119 50
344.9788614454681 2401.7188859475 50
175.2119190625054 1105.206717449523 50
340.1423562456669 1020.778024579443 50
169.0957889099086 913.0300474360015 50
166.5228515708773 2706.67228524378 50
969.0758426705689 3668.476872700445 50
3835.157085959754 3697.296376971898 50
3805.605887791056 2091.06915444897 50
3055.893116838548 438.9832504588367 50
349.567237884712 2205.050096296922 50
500.7247538522132 199.7659095183955 50
165.4179527897751 3310.280545497788 50
3831.019584216541 300.8450545966002 50
3683.385438689415 385.8756264045114 50
1645.682532052972 1698.893234447517 50
511.5309445526378 3828.761692018114 50
990.0143806092907 334.1529833878294 50
1886.73606728651 690.2271953808497 50
1746.888004262978 834.2067716131729 50
1485.111667108191 3584.560122816142 50
2485.285568910605 1097.975918420878 50
2398.521471093472 919.0619667126448 50
1868.066683332972 2550.651417805916 50
3812.32941624588 1098.018140400025 50
1439.816066822762 1144.787747437744 50
3418.367454403899 1418.140522168701 50
1159.976872722559 3182.389986226495 50
695.5157325679099 2479.72627372551 50
2403.264703897254 3098.915468923299 50
974.6968500297689 533.1946472437065 50
2945.850687182167 1248.647752060648 50
1214.264350803698 2041.38434743139 50
2487.235366764285 767.9051669489818 50
2319.424308001483 763.0524377025185 50
834.9894724166775 2969.524690646937 50
3583.733854095206 2395.396184831248 50
3608.656098919153 1432.02448667593 50
3374.077679258977 335.9223532715669 50
3632.362073245694 1763.183137426326 50
981.6004488175382 3470.000408089998 50
3325.045804890712 920.8481994232552 50
826.2092195653969 3167.137341237148 50
539.0669439841746 2373.121476215741 50
2904.681452036116 162.2003000510517 50
2054.662785430118 1254.098891130956 50
643.7948654825714 881.249309904919 50
989.3445304988729 3273.157325044347 50
3516.472892183949 921.9088309331581 50
2440.490610486593 2243.99558336911 50
2293.125462850986 2233.121505574987 50
2407.296954744836 3688.731218832642 50
624.9773038623516 3655.973871718722 50
3598.708527692674 3463.097908201184 50
336.5108739099123 2607.006586985261 50
2942.947164913644 1901.82481012829 50
2551.485779323738 3102.554166881142 50
1359.575692396784 2298.269572768744 50
2709.252870921687 2139.808947732607 50
3488.509448787911 2544.065899479988 50
3682.057871005446 3000.073049925827 50
2210.291959085449 2356.135645939027 50
2062.705380999682 2337.530780190643 50
3694.792819236475 3817.609036161252 50
2041.307885145658 2588.631895863094 50
3305.131009950337 2833.785614020895 50
2989.320089274296 3330.325415553931 50
3155.800929208536 3327.999156199166 50
299.1925384647929 165.3898999512877 50
3687.694984187808 180.8324085254182 50
155.0057573562041 3693.567846599065 50
2052.11044244507 699.7486274444534 50
1707.968795466777 2000.587866109453 50
1977.205127059983 2439.645977195808 50
1725.891250720067 1131.738339712224 50
165.642050670656 2912.200672172903 50
3495.861911840714 2863.811796162362 50
1973.642084347295 3418.230175136332 50
899.9042264822989 3840.542348217288 50
2954.287510562352 2266.685417327848 50
2677.649848818091 3575.636719131509 50
623.0626598604758 1430.410600518954 50
2547.659185016104 2116.310143391977 50
338.31968224156 3038.097434364077 50
1377.211399528017 2091.62946063861 50
1044.208324566028 1738.770734094611 50
2239.579460411625 876.6354504109743 50
3115.312138295225 3072.511773775291 50
1645.651096596133 3664.82214114543 50
3677.358773480824 3616.678177295072 50
1446.247203077116 317.3526982822203 50
2603.526439456587 3705.062278841325 50
2453.599892359196 433.2474547347217 50
327.8096077575058 3226.858100119956 50
3679.499750745577 1589.739726414191 50
1305.411161311347 3857.18568340513 50
3856.772668136404 2299.999999999379 50
1646.917966169655 1545.175668971658 50
3847.807774439922 3285.350900353263 50
2598.962697693002 2873.1328843126 50
2149.022642264176 2223.448243369149 50
2227.19200244928 1863.483540722178 50
656.0077056421485 334.5463145268052 50
131.7792218468444 503.4279587371593 50
3364.416172893073 3001.453255044818 50
2063.73559791016 1598.191898537753 50
1928.499127852355 3281.146107741341 50
2840.214066811865 2546.0380945905 50
3667.047863502065 569.1175834716014 50
2392.952398741264 2108.667279036009 50
2769.004684663762 1874.966542763892 50
319.2689321218215 3411.283610975582 50
1495.115528768208 1648.834837844252 50
2204.973118723454 1295.149694401277 50
1618.954022172853 2679.226061733931 50
1203.119087621677 1853.0035480188 50
351.3068125562626 685.6722065003357 50
2101.901389885118 2103.728412210084 50
2646.49906989794 617.4400700661531 50
1349.59527641754 1770.867619778427 50
2404.789430251833 1856.373458771462 50
308.2291270766556 3604.624292738553 50
2261.530269869333 447.851315116797 50
499.3109311479284 963.6100437763689 50
2583.585440272891 1854.578968911063 50
2486.073783660271 1456.319406754618 50
3671.222261742352 1938.298562165508 50
2437.752258079989 2827.102954629822 50
3869.088733419964 1299.999999998745 50
1054.699870589092 1569.984366575313 50
1572.306235608948 618.6043105857084 50
352.2290380756648 320.4772775838618 50
492.3671063171608 1139.235085924882 50
1934.478946451966 2303.723126773317 50
1166.875299342654 308.5763083051428 50
1631.813158157606 3135.848401094374 50
1939.943959426489 3678.879632690782 50
2374.803251267736 3559.24832673904 50
2856.240487490896 2171.087463108647 50
2239.500316040069 2107.327573781714 50
331.5468755035137 847.867683292425 50
584.5935245623059 2041.255261720706 50
2891.099771996904 458.5594956297453 50
3677.512471892541 949.1225132253473 50
632.9660439235759 1246.459191753096 50
2296.873387493271 1034.553798059734 50
3546.026391194521 2690.284437447326 50
2263.695856581453 3103.63624235823 50
2089.791561881947 1890.183206449908 50
478.6249272921264 1519.349199976913 50
480.5540977200588 1707.499802929733 50
2100.000000000103 3882.117713742717 50
1368.863335470522 1004.748716680148 50
2696.591464497596 2879.07755261923 50
2795.773050269208 617.9668877148697 50
809.7781108892304 3716.101919509162 50
3853.119320253967 3853.119320253946 50
2193.772658444172 696.2016506423313 50
3853.589838486268 146.4101615136778 50
146.4101615137542 146.4101615137856 50
146.4101615137638 3853.589838486235 50
2088.544059581062 444.1387126230066 50
1595.779842423527 885.3121868809329 50
3001.454580795379 285.1073707063942 50
2746.697995110714 3688.663773454006 50
2775.049877238154 2429.035798654878 50
2900.000000000075 3890.793889693737 50
2584.827413336404 3018.454948238088 50
444.4093639773654 3684.259443905753 50
1583.333333333289 1097.361693615321 50
3519.255108876184 456.6673429414538 50
3193.766040869816 287.8655197312576 50
2027.385609623733 1130.310968799956 50
2616.197499410031 1215.433407650486 50
802.9236867742349 278.1540845108329 50
1204.036270251622 1358.22593356838 50
2134.680535616381 975.771005593331 50
3738.324872074001 2384.492672134551 50
3205.681795193892 3730.795504418756 50
616.7277683946356 1784.341301274682 50
1925.986822784848 448.4651055274118 50
3403.659711524592 3725.24959325821 50
3066.431329096187 3698.458778563701 50
1804.988723045414 3722.255372402054 50
2273.810104280689 3691.134589108344 50
3581.858989188574 3723.269688338396 50
445.4827471415763 2089.655447156711 50
2594.261960748186 498.1746288144207 50
3548.978516956309 305.6235982126247 50
2565.793155063652 2949.633294094694 50
2408.333333334476 2945.833333333385 50
2409.998252025292 678.5727344962601 50
3727.747665913122 3174.34800842246 50
2 39 0 0
2 90004 0 0
2 90008 0 0
2 90012 0 0
2 90016 0 0
2 90020 0 0
2 90024 0 0
2 90028 0 0
2 90032 0 0
3 1 0 0
$EndNodes
$Elements
16 3691 1 3691
2 1 2 1192
1 272 478 479 
2 432 250 602 
3 547 264 604 
4 1 468 470 
5 247 257 528 
6 604 264 691 
7 630 641 669 
8 625 483 641 
9 37 6 5 
10 41 40 440 
11 627 259 665 
12 481 385 642 
13 513 583 584 
14 5 528 679 
15 540 625 641 
16 250 432 693 
17 14 484 545 
18 438 437 491 
19 583 496 584 
20 528 477 679 
21 657 59 687 
22 41 440 492 
23 407 603 735 
24 37 42 6 
25 407 418 603 
26 332 500 671 
27 332 320 500 
28 56 55 512 
29 47 10 493 
30 5 247 528 
31 243 480 553 
32 551 479 585 
33 315 374 619 
34 485 337 712 
35 502 11 692 
36 51 49 8 
37 438 489 493 
38 512 55 522 
39 528 257 529 
40 54 7 495 
41 371 506 507 
42 75 307 518 
43 486 267 618 
44 3 48 487 
45 276 476 588 
46 517 657 687 
47 549 451 644 
48 476 276 679 
49 622 330 649 
50 468 1 534 
51 337 44 712 
52 74 75 518 
53 498 499 694 
54 575 308 608 
55 535 513 584 
56 503 530 718 
57 492 501 502 
58 259 627 698 
59 566 575 608 
60 530 503 536 
61 499 650 694 
62 272 479 660 
63 509 550 701 
64 532 466 740 
65 598 9 683 
66 484 14 620 
67 466 532 554 
68 44 43 39 
69 478 272 571 
70 3 487 488 
71 371 351 506 
72 1 470 655 
73 385 332 642 
74 641 483 669 
75 495 7 737 
76 480 243 708 
77 355 494 632 
78 550 509 716 
79 339 337 485 
80 454 48 580 
81 374 570 619 
82 439 598 683 
83 470 523 655 
84 456 454 580 
85 2 510 727 
86 496 583 636 
87 518 519 657 
88 385 481 701 
89 43 42 38 
90 492 442 501 
91 492 502 692 
92 45 594 712 
93 644 451 703 
94 14 545 546 
95 675 13 689 
96 523 336 655 
97 490 260 668 
98 260 490 681 
99 517 518 657 
100 551 585 653 
101 8 49 265 
102 651 497 722 
103 594 12 621 
104 497 496 636 
105 4 622 649 
106 433 675 689 
107 38 42 37 
108 515 316 516 
109 518 307 519 
110 4 473 474 
111 573 386 691 
112 665 259 682 
113 13 623 647 
114 516 316 517 
115 323 566 608 
116 43 44 261 
117 438 491 670 
118 566 323 619 
119 62 13 647 
120 493 10 690 
121 714 301 715 
122 73 316 515 
123 9 59 657 
124 267 486 663 
125 474 476 477 
126 559 714 715 
127 539 601 742 
128 51 8 259 
129 55 1 522 
130 477 476 679 
131 493 489 678 
132 49 48 454 
133 494 425 632 
134 616 372 656 
135 323 315 619 
136 501 453 502 
137 471 245 731 
138 11 502 664 
139 344 342 380 
140 40 44 39 
141 494 358 669 
142 4 50 473 
143 316 74 518 
144 491 437 666 
145 474 473 476 
146 47 493 678 
147 349 505 506 
148 417 386 573 
149 50 51 472 
150 378 576 667 
151 479 551 660 
152 349 346 505 
153 351 349 506 
154 61 666 685 
155 253 107 508 
156 599 651 722 
157 415 407 735 
158 535 584 727 
159 336 511 522 
160 353 371 530 
161 253 471 731 
162 440 442 492 
163 466 554 590 
164 298 532 740 
165 578 579 634 
166 40 273 440 
167 318 526 529 
168 42 43 500 
169 245 471 747 
170 358 494 652 
171 618 267 654 
172 476 475 588 
173 442 444 501 
174 640 374 648 
175 330 597 649 
176 10 47 586 
177 510 535 727 
178 261 44 337 
179 317 490 668 
180 487 48 637 
181 360 530 536 
182 309 650 680 
183 526 528 529 
184 673 415 735 
185 263 277 529 
186 342 339 485 
187 251 640 648 
188 576 378 696 
189 508 616 656 
190 579 673 735 
191 650 499 680 
192 489 438 670 
193 254 539 742 
194 368 366 546 
195 448 452 453 
196 494 355 652 
197 343 342 344 
198 533 588 629 
199 530 371 718 
200 448 453 501 
201 381 582 595 
202 341 339 342 
203 72 73 515 
204 104 245 524 
205 336 70 511 
206 366 373 546 
207 359 360 548 
208 307 76 609 
209 358 630 669 
210 274 68 523 
211 601 539 624 
212 390 484 525 
213 264 573 691 
214 277 318 529 
215 344 380 505 
216 564 562 575 
217 128 129 564 
218 602 250 659 
219 471 253 729 
220 511 512 522 
221 40 39 273 
222 135 260 569 
223 249 581 617 
224 380 594 621 
225 511 324 512 
226 440 273 441 
227 128 564 565 
228 298 293 532 
229 502 453 503 
230 666 437 685 
231 54 495 639 
232 14 52 620 
233 589 431 708 
234 432 431 589 
235 506 505 621 
236 490 317 696 
237 96 241 537 
238 444 448 501 
239 108 258 508 
240 257 263 529 
241 520 307 609 
242 582 469 595 
243 540 537 625 
244 254 538 539 
245 353 351 371 
246 106 107 253 
247 594 485 712 
248 360 356 530 
249 5 6 247 
250 519 307 520 
251 406 401 527 
252 590 554 717 
253 545 368 546 
254 634 579 753 
255 104 105 245 
256 512 324 514 
257 453 452 536 
258 39 43 38 
259 338 337 339 
260 246 560 561 
261 427 425 494 
262 547 604 659 
263 392 390 525 
264 570 374 640 
265 50 472 473 
266 4 474 622 
267 538 537 540 
268 539 538 540 
269 246 130 560 
270 380 342 485 
271 71 324 511 
272 108 109 258 
273 409 439 527 
274 542 412 552 
275 523 470 699 
276 69 336 523 
277 246 561 562 
278 61 62 674 
279 473 472 475 
280 341 342 343 
281 346 344 505 
282 254 94 538 
283 244 127 565 
284 607 268 612 
285 111 269 550 
286 330 281 543 
287 574 728 736 
288 38 276 533 
289 416 525 620 
290 356 353 530 
291 62 647 674 
292 440 441 442 
293 96 97 241 
294 134 135 569 
295 533 276 588 
296 69 70 336 
297 319 468 534 
298 409 429 439 
299 439 429 598 
300 310 384 531 
301 384 319 510 
302 576 248 667 
303 248 66 541 
304 129 246 564 
305 519 520 521 
306 71 72 324 
307 252 78 544 
308 532 531 554 
309 107 108 508 
310 310 312 319 
311 348 346 349 
312 413 416 433 
313 531 384 554 
314 707 520 728 
315 305 103 524 
316 412 542 596 
317 67 68 274 
318 359 356 360 
319 73 74 316 
320 420 631 632 
321 280 322 592 
322 517 316 518 
323 293 295 532 
324 75 76 307 
325 500 320 700 
326 350 349 351 
327 244 565 566 
328 133 134 567 
329 310 319 384 
330 281 282 543 
331 127 128 565 
332 436 437 438 
333 103 104 524 
334 555 242 556 
335 67 274 541 
336 413 403 416 
337 298 498 694 
338 510 319 534 
339 295 297 531 
340 324 72 515 
341 95 96 537 
342 95 537 538 
343 250 89 547 
344 265 49 454 
345 631 355 632 
346 297 310 531 
347 399 398 400 
348 630 364 641 
349 543 309 597 
350 291 293 298 
351 319 312 468 
352 295 531 532 
353 474 477 526 
354 130 131 560 
355 331 320 332 
356 10 586 738 
357 110 111 550 
358 562 561 563 
359 403 392 525 
360 436 435 437 
361 400 409 527 
362 132 242 555 
363 41 492 692 
364 70 71 511 
365 401 400 527 
366 629 588 638 
367 478 571 605 
368 433 416 675 
369 510 534 535 
370 370 368 545 
371 77 78 252 
372 269 551 653 
373 311 279 320 
374 68 69 523 
375 297 300 310 
376 556 557 558 
377 412 403 413 
378 567 134 569 
379 277 281 318 
380 85 243 553 
381 394 392 403 
382 565 564 575 
383 126 244 570 
384 318 281 330 
385 429 586 587 
386 405 401 406 
387 484 388 545 
388 562 563 751 
389 362 359 548 
390 400 408 409 
391 556 242 557 
392 514 515 516 
393 434 433 435 
394 510 2 717 
395 563 286 706 
396 289 290 291 
397 405 406 574 
398 409 428 429 
399 345 344 346 
400 285 287 309 
401 111 112 269 
402 388 370 545 
403 310 300 312 
404 287 288 289 
405 397 395 398 
406 390 388 484 
407 343 344 345 
408 291 292 293 
409 509 258 716 
410 555 556 559 
411 90 264 547 
412 255 280 592 
413 335 635 686 
414 277 278 281 
415 269 112 551 
416 451 549 730 
417 282 285 543 
418 572 628 654 
419 268 592 612 
420 132 133 242 
421 460 458 461 
422 418 574 736 
423 79 266 544 
424 85 86 243 
425 126 127 244 
426 311 320 331 
427 263 271 277 
428 90 91 264 
429 93 94 254 
430 285 286 287 
431 293 294 295 
432 400 398 408 
433 331 332 385 
434 569 260 705 
435 78 79 544 
436 563 706 751 
437 131 132 555 
438 566 565 575 
439 255 279 280 
440 610 46 678 
441 571 383 605 
442 88 89 250 
443 373 362 548 
444 424 422 425 
445 65 248 576 
446 56 512 745 
447 247 256 257 
448 94 95 538 
449 426 425 427 
450 394 412 596 
451 295 296 297 
452 397 398 399 
453 413 433 434 
454 98 99 267 
455 102 103 305 
456 243 589 708 
457 242 133 567 
458 399 400 401 
459 129 130 246 
460 257 262 263 
461 306 84 553 
462 125 126 570 
463 285 309 543 
464 578 306 579 
465 330 543 597 
466 267 99 572 
467 66 67 541 
468 89 90 547 
469 264 91 573 
470 84 85 553 
471 282 284 285 
472 277 271 278 
473 394 403 412 
474 375 607 612 
475 251 648 658 
476 526 318 622 
477 131 555 560 
478 246 562 564 
479 541 274 582 
480 289 288 290 
481 64 65 576 
482 65 66 248 
483 123 251 577 
484 281 278 282 
485 416 403 525 
486 91 92 573 
487 348 349 350 
488 459 458 460 
489 408 398 596 
490 112 113 551 
491 654 628 750 
492 257 256 262 
493 287 286 288 
494 114 115 272 
495 83 306 578 
496 560 559 561 
497 123 124 251 
498 460 461 462 
499 291 290 292 
500 598 587 599 
501 473 475 476 
502 434 435 436 
503 280 279 311 
504 135 136 260 
505 243 86 589 
506 387 370 388 
507 313 381 595 
508 557 567 568 
509 83 84 306 
510 79 80 266 
511 275 122 577 
512 99 100 572 
513 617 581 733 
514 255 6 279 
515 122 123 577 
516 334 328 375 
517 285 284 286 
518 513 56 583 
519 366 362 373 
520 82 83 578 
521 118 335 581 
522 116 117 249 
523 55 56 513 
524 249 117 581 
525 525 484 620 
526 137 138 317 
527 247 255 256 
528 56 57 583 
529 261 337 338 
530 459 460 495 
531 429 587 598 
532 121 122 275 
533 577 251 658 
534 117 118 581 
535 118 119 335 
536 50 4 487 
537 263 270 271 
538 526 477 528 
539 86 87 589 
540 507 506 732 
541 253 508 656 
542 293 292 294 
543 54 53 584 
544 7 54 496 
545 513 535 695 
546 373 548 549 
547 409 408 428 
548 542 408 596 
549 334 375 383 
550 557 242 567 
551 496 54 584 
552 303 315 323 
553 39 38 533 
554 448 449 452 
555 283 278 593 
556 263 262 270 
557 311 331 585 
558 413 434 552 
559 278 271 593 
560 393 394 395 
561 508 258 616 
562 393 395 396 
563 244 566 619 
564 393 392 394 
565 389 388 390 
566 333 328 334 
567 555 559 560 
568 425 422 632 
569 391 390 392 
570 106 253 731 
571 295 294 296 
572 326 600 607 
573 391 392 393 
574 396 395 397 
575 327 326 328 
576 61 60 666 
577 282 283 284 
578 522 1 655 
579 398 395 596 
580 48 3 580 
581 333 334 379 
582 325 304 326 
583 600 268 607 
584 482 427 483 
585 297 299 300 
586 273 39 533 
587 396 397 404 
588 327 328 333 
589 271 270 303 
590 360 536 672 
591 262 256 268 
592 412 413 552 
593 303 323 593 
594 427 494 669 
595 282 278 283 
596 280 321 322 
597 375 328 607 
598 13 52 623 
599 325 326 327 
600 478 321 479 
601 280 311 321 
602 444 447 448 
603 497 636 722 
604 389 390 391 
605 391 393 591 
606 402 401 405 
607 59 599 722 
608 322 321 478 
609 45 41 755 
610 396 404 411 
611 418 405 574 
612 303 304 315 
613 376 314 377 
614 463 465 466 
615 393 396 591 
616 303 270 304 
617 245 105 731 
618 76 77 609 
619 514 324 515 
620 315 304 325 
621 387 388 389 
622 411 404 431 
623 322 478 605 
624 335 686 733 
625 315 325 374 
626 411 431 432 
627 321 311 585 
628 462 461 463 
629 410 415 480 
630 479 321 585 
631 38 37 276 
632 395 394 596 
633 256 255 592 
634 396 411 591 
635 568 567 569 
636 268 256 592 
637 284 283 308 
638 591 411 602 
639 414 591 602 
640 271 303 593 
641 313 329 381 
642 389 391 414 
643 404 606 613 
644 290 288 301 
645 407 405 418 
646 429 428 586 
647 592 322 612 
648 326 304 600 
649 544 266 603 
650 241 97 663 
651 274 523 699 
652 426 427 482 
653 297 296 299 
654 462 463 590 
655 350 351 352 
656 336 522 655 
657 460 462 639 
658 340 339 341 
659 402 407 410 
660 386 370 387 
661 399 401 402 
662 424 425 426 
663 414 391 591 
664 262 268 600 
665 498 298 740 
666 380 485 594 
667 378 376 490 
668 410 407 415 
669 436 438 493 
670 7 496 497 
671 463 466 590 
672 270 262 600 
673 527 439 719 
674 402 405 407 
675 51 259 472 
676 352 351 353 
677 536 452 672 
678 468 312 469 
679 428 408 542 
680 304 270 600 
681 417 573 661 
682 404 397 606 
683 383 375 605 
684 6 42 700 
685 77 252 609 
686 549 548 672 
687 334 383 617 
688 296 294 302 
689 329 376 378 
690 369 368 370 
691 411 432 602 
692 498 467 499 
693 328 326 607 
694 463 461 464 
695 542 552 738 
696 553 480 673 
697 465 467 498 
698 606 410 613 
699 457 456 458 
700 463 464 465 
701 300 299 313 
702 465 464 467 
703 468 469 470 
704 464 662 677 
705 593 323 608 
706 369 370 386 
707 387 389 604 
708 101 102 628 
709 312 300 595 
710 329 314 376 
711 419 365 420 
712 402 410 606 
713 258 109 716 
714 51 50 637 
715 48 49 637 
716 367 369 601 
717 46 47 678 
718 369 386 417 
719 283 593 608 
720 431 404 613 
721 443 441 445 
722 377 314 611 
723 313 299 314 
724 313 314 329 
725 614 446 615 
726 63 64 633 
727 397 399 606 
728 80 81 634 
729 125 570 640 
730 300 313 595 
731 442 441 443 
732 389 414 604 
733 308 283 608 
734 120 121 635 
735 399 402 606 
736 457 458 459 
737 318 330 622 
738 309 287 650 
739 457 459 489 
740 570 244 619 
741 421 420 422 
742 410 480 613 
743 42 500 700 
744 571 272 643 
745 423 422 424 
746 573 92 661 
747 420 365 631 
748 633 576 696 
749 367 368 369 
750 347 346 348 
751 251 124 640 
752 57 58 636 
753 505 380 621 
754 448 447 449 
755 369 417 601 
756 272 115 643 
757 537 241 625 
758 367 366 368 
759 379 334 617 
760 442 443 444 
761 247 6 255 
762 322 605 612 
763 456 580 662 
764 43 261 500 
765 116 249 643 
766 338 339 340 
767 469 312 595 
768 449 447 450 
769 467 677 684 
770 361 363 364 
771 605 375 612 
772 552 10 738 
773 458 456 662 
774 296 302 611 
775 426 482 486 
776 93 254 661 
777 551 113 660 
778 98 267 663 
779 444 443 446 
780 273 533 629 
781 354 353 356 
782 299 296 611 
783 582 381 739 
784 363 362 366 
785 384 510 717 
786 286 563 744 
787 50 487 637 
788 444 446 447 
789 357 356 359 
790 110 550 716 
791 361 359 362 
792 474 526 622 
793 449 450 451 
794 102 305 628 
795 354 357 358 
796 292 646 709 
797 459 495 610 
798 363 366 367 
799 574 707 728 
800 314 299 611 
801 447 446 614 
802 506 621 732 
803 352 353 354 
804 345 346 347 
805 588 475 638 
806 450 447 614 
807 575 562 751 
808 626 445 627 
809 432 589 693 
810 279 6 700 
811 291 298 694 
812 265 455 491 
813 421 422 423 
814 419 420 421 
815 423 424 504 
816 361 362 363 
817 357 359 361 
818 354 356 357 
819 350 352 355 
820 114 272 660 
821 589 87 693 
822 579 306 673 
823 482 483 625 
824 64 576 633 
825 615 446 626 
826 503 453 536 
827 292 290 646 
828 266 80 634 
829 546 373 644 
830 374 325 648 
831 331 385 653 
832 347 348 365 
833 340 341 430 
834 455 456 457 
835 260 136 668 
836 489 459 610 
837 121 275 635 
838 367 601 624 
839 137 317 668 
840 58 59 722 
841 424 426 618 
842 481 430 509 
843 556 558 714 
844 583 57 636 
845 416 620 675 
846 88 250 693 
847 488 487 649 
848 445 441 629 
849 340 430 481 
850 451 450 623 
851 557 568 697 
852 11 12 755 
853 561 559 715 
854 603 418 736 
855 662 580 677 
856 443 445 626 
857 422 420 632 
858 439 683 719 
859 382 365 419 
860 481 509 701 
861 504 424 618 
862 382 419 471 
863 364 363 624 
864 260 681 705 
865 37 5 679 
866 333 379 676 
867 495 460 639 
868 426 486 618 
869 361 364 630 
870 544 603 736 
871 347 365 382 
872 638 475 698 
873 627 445 638 
874 53 54 639 
875 55 513 695 
876 446 443 626 
877 441 273 629 
878 651 710 741 
879 697 302 709 
880 363 367 624 
881 371 507 718 
882 541 582 739 
883 381 329 667 
884 430 702 749 
885 124 125 640 
886 343 345 372 
887 100 17 721 
888 17 101 721 
889 455 454 456 
890 414 602 659 
891 457 489 670 
892 115 116 643 
893 623 450 647 
894 639 462 734 
895 677 3 684 
896 348 350 631 
897 81 16 723 
898 16 82 723 
899 138 15 724 
900 15 63 724 
901 18 120 725 
902 119 18 725 
903 520 609 728 
904 490 376 681 
905 743 423 746 
906 14 546 644 
907 49 51 637 
908 373 549 644 
909 286 284 706 
910 53 2 727 
911 377 688 705 
912 358 357 630 
913 365 348 631 
914 464 461 662 
915 2 590 717 
916 10 552 690 
917 627 638 698 
918 357 361 630 
919 548 360 672 
920 568 688 697 
921 489 610 678 
922 387 604 691 
923 46 7 741 
924 549 672 730 
925 267 572 654 
926 597 488 649 
927 350 355 631 
928 265 454 455 
929 646 558 709 
930 7 46 737 
931 451 623 703 
932 354 358 652 
933 623 52 703 
934 552 434 690 
935 445 629 638 
936 287 289 650 
937 250 547 659 
938 437 435 685 
939 302 294 709 
940 516 517 687 
941 465 498 740 
942 290 301 646 
943 325 327 648 
944 558 646 714 
945 487 4 649 
946 379 617 733 
947 676 379 686 
948 502 503 664 
949 599 59 756 
950 241 663 757 
951 3 488 684 
952 436 493 690 
953 585 331 653 
954 338 340 642 
955 524 245 743 
956 355 352 652 
957 702 616 749 
958 52 13 675 
959 665 682 704 
960 430 341 702 
961 599 587 651 
962 340 481 642 
963 499 467 684 
964 648 327 658 
965 352 354 652 
966 597 309 680 
967 688 568 705 
968 491 455 670 
969 512 514 745 
970 586 428 738 
971 534 1 695 
972 650 289 694 
973 275 577 676 
974 587 586 710 
975 450 614 647 
976 113 114 660 
977 327 333 658 
978 617 383 720 
979 613 480 708 
980 92 93 661 
981 258 509 749 
982 461 458 662 
983 469 582 699 
984 372 616 702 
985 377 611 688 
986 345 347 645 
987 97 98 663 
988 261 338 671 
989 480 415 673 
990 500 261 671 
991 449 451 730 
992 53 639 734 
993 483 427 669 
994 710 46 741 
995 136 137 668 
996 680 499 684 
997 306 553 673 
998 347 382 645 
999 604 414 659 
1000 329 378 667 
1001 435 433 689 
1002 524 743 746 
1003 514 516 726 
1004 586 47 710 
1005 504 618 654 
1006 581 335 733 
1007 52 14 703 
1008 249 617 720 
1009 482 625 757 
1010 8 60 682 
1011 620 52 675 
1012 471 419 747 
1013 372 345 645 
1014 475 472 698 
1015 582 274 699 
1016 615 665 704 
1017 406 527 719 
1018 60 61 704 
1019 535 534 695 
1020 488 597 680 
1021 338 642 671 
1022 580 3 677 
1023 455 457 670 
1024 626 627 665 
1025 539 540 711 
1026 46 610 737 
1027 614 615 674 
1028 276 37 679 
1029 8 265 713 
1030 574 406 707 
1031 647 614 674 
1032 421 423 743 
1033 467 464 677 
1034 376 377 681 
1035 289 291 694 
1036 320 279 700 
1037 590 2 734 
1038 615 626 665 
1039 266 634 753 
1040 621 12 732 
1041 62 61 685 
1042 59 58 687 
1043 625 241 757 
1044 13 62 689 
1045 558 557 697 
1046 60 8 713 
1047 259 8 682 
1048 301 288 744 
1049 343 372 702 
1050 558 697 709 
1051 462 590 734 
1052 434 436 690 
1053 248 541 739 
1054 87 88 693 
1055 488 680 684 
1056 653 385 748 
1057 1 55 695 
1058 265 491 713 
1059 386 387 691 
1060 383 571 720 
1061 550 269 748 
1062 382 471 729 
1063 661 254 742 
1064 62 685 689 
1065 728 252 736 
1066 378 490 696 
1067 519 521 752 
1068 305 524 746 
1069 746 504 750 
1070 252 544 736 
1071 308 575 751 
1072 554 384 717 
1073 559 556 714 
1074 563 561 715 
1075 685 435 689 
1076 521 520 707 
1077 521 707 719 
1078 47 46 710 
1079 101 628 721 
1080 642 332 671 
1081 611 302 688 
1082 568 569 705 
1083 63 633 724 
1084 634 81 723 
1085 275 676 686 
1086 120 635 725 
1087 284 308 706 
1088 317 633 696 
1089 472 259 698 
1090 372 645 656 
1091 11 664 754 
1092 577 658 676 
1093 109 110 716 
1094 707 406 719 
1095 294 292 709 
1096 364 624 711 
1097 624 539 711 
1098 688 302 697 
1099 672 452 730 
1100 288 286 744 
1101 643 249 720 
1102 381 667 739 
1103 470 469 699 
1104 598 599 756 
1105 635 275 686 
1106 9 598 756 
1107 572 100 721 
1108 105 106 731 
1109 431 613 708 
1110 341 343 702 
1111 14 644 703 
1112 687 58 726 
1113 82 578 723 
1114 317 138 724 
1115 335 119 725 
1116 584 53 727 
1117 636 58 722 
1118 58 57 726 
1119 646 301 714 
1120 305 746 750 
1121 651 587 710 
1122 2 53 734 
1123 514 726 745 
1124 507 664 718 
1125 658 333 676 
1126 609 252 728 
1127 663 486 757 
1128 452 449 730 
1129 628 572 721 
1130 428 542 738 
1131 466 465 740 
1132 571 643 720 
1133 578 634 723 
1134 633 317 724 
1135 635 335 725 
1136 57 56 745 
1137 59 9 756 
1138 423 504 746 
1139 641 364 711 
1140 509 430 749 
1141 516 687 726 
1142 601 417 742 
1143 726 57 745 
1144 664 507 754 
1145 610 495 737 
1146 540 641 711 
1147 603 266 753 
1148 61 674 704 
1149 7 497 741 
1150 682 60 704 
1151 12 11 754 
1152 269 653 748 
1153 486 482 757 
1154 681 377 705 
1155 645 382 729 
1156 419 421 747 
1157 628 305 750 
1158 9 657 752 
1159 656 645 729 
1160 674 615 704 
1161 616 258 749 
1162 491 666 713 
1163 715 301 744 
1164 683 521 719 
1165 664 503 718 
1166 666 60 713 
1167 667 248 739 
1168 683 9 752 
1169 417 661 742 
1170 497 651 741 
1171 657 519 752 
1172 504 654 750 
1173 253 656 729 
1174 686 379 733 
1175 385 701 748 
1176 706 308 751 
1177 701 550 748 
1178 563 715 744 
1179 521 683 752 
1180 421 743 747 
1181 735 603 753 
1182 732 12 754 
1183 743 245 747 
1184 579 735 753 
1185 507 732 754 
1186 11 41 692 
1187 41 11 755 
1188 45 12 594 
1189 12 45 755 
1190 41 45 40 
1191 45 44 40 
1192 44 45 712 
2 22 3 20
1193 15 63 139 19 
1194 63 64 140 139 
1195 64 65 141 140 
1196 65 66 142 141 
1197 66 67 143 142 
1198 67 68 144 143 
1199 68 69 145 144 
1200 69 70 146 145 
1201 70 71 147 146 
1202 71 72 148 147 
1203 72 73 149 148 
1204 73 74 150 149 
1205 74 75 151 150 
1206 75 76 152 151 
1207 76 77 153 152 
1208 77 78 154 153 
1209 78 79 155 154 
1210 79 80 156 155 
1211 80 81 157 156 
1212 81 16 20 157 
2 26 3 20
1213 16 82 158 20 
1214 82 83 159 158 
1215 83 84 160 159 
1216 84 85 161 160 
1217 85 86 162 161 
1218 86 87 163 162 
1219 87 88 164 163 
1220 88 89 165 164 
1221 89 90 166 165 
1222 90 91 167 166 
1223 91 92 168 167 
1224 92 93 169 168 
1225 93 94 170 169 
1226 94 95 171 170 
1227 95 96 172 171 
1228 96 97 173 172 
1229 97 98 174 173 
1230 98 99 175 174 
1231 99 100 176 175 
1232 100 17 21 176 
2 30 3 20
1233 17 101 177 21 
1234 101 102 178 177 
1235 102 103 179 178 
1236 103 104 180 179 
1237 104 105 181 180 
1238 105 106 182 181 
1239 106 107 183 182 
1240 107 108 184 183 
1241 108 109 185 184 
1242 109 110 186 185 
1243 110 111 187 186 
1244 111 112 188 187 
1245 112 113 189 188 
1246 113 114 190 189 
1247 114 115 191 190 
1248 115 116 192 191 
1249 116 117 193 192 
1250 117 118 194 193 
1251 118 119 195 194 
1252 119 18 22 195 
2 34 3 20
1253 18 120 196 22 
1254 120 121 197 196 
1255 121 122 198 197 
1256 122 123 199 198 
1257 123 124 200 199 
1258 124 125 201 200 
1259 125 126 202 201 
1260 126 127 203 202 
1261 127 128 204 203 
1262 128 129 205 204 
1263 129 130 206 205 
1264 130 131 207 206 
1265 131 132 208 207 
1266 132 133 209 208 
1267 133 134 210 209 
1268 134 135 211 210 
1269 135 136 212 211 
1270 136 137 213 212 
1271 137 138 214 213 
1272 138 15 19 214 
2 35 2 1192
1273 789 995 996 
1274 949 767 1119 
1275 1064 781 1121 
1276 35 985 987 
1277 764 774 1045 
1278 1121 781 1208 
1279 1147 1158 1186 
1280 1142 1000 1158 
1281 215 25 23 
1282 219 218 957 
1283 1144 776 1182 
1284 998 902 1159 
1285 1030 1100 1101 
1286 23 1045 1196 
1287 1057 1142 1158 
1288 767 949 1210 
1289 33 1001 1062 
1290 955 954 1008 
1291 1100 1013 1101 
1292 1045 994 1196 
1293 1174 237 1204 
1294 219 957 1009 
1295 924 1120 1252 
1296 215 220 25 
1297 924 935 1120 
1298 849 1017 1188 
1299 849 837 1017 
1300 234 233 1029 
1301 225 28 1010 
1302 23 764 1045 
1303 760 997 1070 
1304 1068 996 1102 
1305 832 891 1136 
1306 1002 854 1229 
1307 1019 24 1209 
1308 229 227 30 
1309 955 1006 1010 
1310 1029 233 1039 
1311 1045 774 1046 
1312 232 27 1012 
1313 888 1023 1024 
1314 151 824 1035 
1315 1003 784 1135 
1316 29 226 1004 
1317 793 993 1105 
1318 1034 1174 1204 
1319 1066 968 1161 
1320 993 793 1196 
1321 1139 847 1166 
1322 985 35 1051 
1323 854 222 1229 
1324 150 151 1035 
1325 1015 1016 1211 
1326 1092 825 1125 
1327 1052 1030 1101 
1328 1020 1047 1235 
1329 1009 1018 1019 
1330 776 1144 1215 
1331 1083 1092 1125 
1332 1047 1020 1053 
1333 1016 1167 1211 
1334 789 996 1177 
1335 1026 1067 1218 
1336 1049 983 1257 
1337 1115 36 1200 
1338 1001 33 1137 
1339 983 1049 1071 
1340 222 221 217 
1341 995 789 1088 
1342 29 1004 1005 
1343 888 868 1023 
1344 35 987 1172 
1345 902 849 1159 
1346 1158 1000 1186 
1347 1012 27 1254 
1348 997 760 1225 
1349 872 1011 1149 
1350 1067 1026 1233 
1351 856 854 1002 
1352 971 226 1097 
1353 891 1087 1136 
1354 956 1115 1200 
1355 987 1040 1172 
1356 973 971 1097 
1357 34 1027 1244 
1358 1013 1100 1153 
1359 1035 1036 1174 
1360 902 998 1218 
1361 221 220 216 
1362 1009 959 1018 
1363 1009 1019 1209 
1364 223 1111 1229 
1365 1161 968 1220 
1366 33 1062 1063 
1367 1192 32 1206 
1368 1040 853 1172 
1369 1007 777 1185 
1370 777 1007 1198 
1371 1034 1035 1174 
1372 1068 1102 1170 
1373 30 227 782 
1374 1168 1014 1239 
1375 1111 26 1138 
1376 1014 1013 1153 
1377 31 1139 1166 
1378 950 1192 1206 
1379 216 220 215 
1380 1032 833 1033 
1381 1035 824 1036 
1382 31 990 991 
1383 1090 903 1208 
1384 1182 776 1199 
1385 32 1140 1164 
1386 1033 833 1034 
1387 840 1083 1125 
1388 221 222 778 
1389 955 1008 1187 
1390 1083 840 1136 
1391 240 32 1164 
1392 1010 28 1207 
1393 1231 818 1232 
1394 149 833 1032 
1395 36 237 1174 
1396 784 1003 1180 
1397 991 993 994 
1398 1076 1231 1232 
1399 1056 1118 1259 
1400 229 30 776 
1401 233 35 1039 
1402 994 993 1196 
1403 1010 1006 1195 
1404 227 226 971 
1405 1011 942 1149 
1406 1133 889 1173 
1407 840 832 1136 
1408 1018 970 1019 
1409 988 762 1248 
1410 24 1019 1181 
1411 861 859 897 
1412 218 222 217 
1413 1011 875 1186 
1414 31 228 990 
1415 833 150 1035 
1416 1008 954 1183 
1417 991 990 993 
1418 225 1010 1195 
1419 866 1022 1023 
1420 934 903 1090 
1421 228 229 989 
1422 895 1093 1184 
1423 996 1068 1177 
1424 866 863 1022 
1425 868 866 1023 
1426 239 1183 1202 
1427 770 183 1025 
1428 1116 1168 1239 
1429 932 924 1252 
1430 1052 1101 1244 
1431 853 1028 1039 
1432 870 888 1047 
1433 770 988 1248 
1434 957 959 1009 
1435 983 1071 1107 
1436 815 1049 1257 
1437 1095 1096 1151 
1438 218 790 957 
1439 835 1043 1046 
1440 220 221 1017 
1441 762 988 1264 
1442 875 1011 1169 
1443 1135 784 1171 
1444 993 992 1105 
1445 959 961 1018 
1446 1157 891 1165 
1447 847 1114 1166 
1448 28 225 1103 
1449 1027 1052 1244 
1450 778 222 854 
1451 834 1007 1185 
1452 1004 226 1154 
1453 877 1047 1053 
1454 826 1167 1197 
1455 1043 1045 1046 
1456 1190 932 1252 
1457 780 794 1046 
1458 859 856 1002 
1459 768 1157 1165 
1460 1093 895 1213 
1461 1025 1133 1173 
1462 1096 1190 1252 
1463 1167 1016 1197 
1464 1006 955 1187 
1465 771 1056 1259 
1466 885 883 1063 
1467 965 969 970 
1468 1011 872 1169 
1469 860 859 861 
1470 1050 1105 1146 
1471 1047 888 1235 
1472 965 970 1018 
1473 898 1099 1112 
1474 858 856 859 
1475 148 149 1032 
1476 180 762 1041 
1477 853 146 1028 
1478 883 890 1063 
1479 876 877 1065 
1480 824 152 1126 
1481 875 1147 1186 
1482 791 144 1040 
1483 1118 1056 1141 
1484 907 1001 1042 
1485 781 1090 1208 
1486 794 835 1046 
1487 861 897 1022 
1488 1081 1079 1092 
1489 204 205 1081 
1490 1119 767 1176 
1491 988 770 1246 
1492 1028 1029 1039 
1493 218 217 790 
1494 211 777 1086 
1495 766 1098 1134 
1496 897 1111 1138 
1497 1028 841 1029 
1498 957 790 958 
1499 204 1081 1082 
1500 815 810 1049 
1501 1019 970 1020 
1502 1183 954 1202 
1503 232 1012 1156 
1504 33 230 1137 
1505 1106 948 1225 
1506 949 948 1106 
1507 1023 1022 1138 
1508 1007 834 1213 
1509 172 758 1054 
1510 961 965 1018 
1511 184 775 1025 
1512 774 780 1046 
1513 1037 824 1126 
1514 1099 986 1112 
1515 1057 1054 1142 
1516 771 1055 1056 
1517 870 868 888 
1518 182 183 770 
1519 1111 1002 1229 
1520 877 873 1047 
1521 23 25 764 
1522 1036 824 1037 
1523 923 918 1044 
1524 1107 1071 1234 
1525 1062 885 1063 
1526 1151 1096 1270 
1527 180 181 762 
1528 1029 841 1031 
1529 970 969 1053 
1530 217 221 216 
1531 855 854 856 
1532 763 1077 1078 
1533 944 942 1011 
1534 1064 1121 1176 
1535 909 907 1042 
1536 1087 891 1157 
1537 228 989 990 
1538 31 991 1139 
1539 1055 1054 1057 
1540 1056 1055 1057 
1541 763 206 1077 
1542 897 859 1002 
1543 147 841 1028 
1544 184 185 775 
1545 926 956 1044 
1546 1059 929 1069 
1547 1040 987 1216 
1548 145 853 1040 
1549 763 1078 1079 
1550 239 240 1191 
1551 990 989 992 
1552 858 859 860 
1553 863 861 1022 
1554 771 170 1055 
1555 761 203 1082 
1556 1124 785 1129 
1557 187 786 1067 
1558 847 798 1060 
1559 1091 1245 1253 
1560 216 793 1050 
1561 933 1042 1137 
1562 873 870 1047 
1563 240 1164 1191 
1564 957 958 959 
1565 172 173 758 
1566 210 211 1086 
1567 1050 793 1105 
1568 145 146 853 
1569 836 985 1051 
1570 926 946 956 
1571 956 946 1115 
1572 827 901 1048 
1573 901 836 1027 
1574 1093 765 1184 
1575 765 142 1058 
1576 205 763 1081 
1577 1036 1037 1038 
1578 147 148 841 
1579 769 154 1061 
1580 1049 1048 1071 
1581 183 184 1025 
1582 827 829 836 
1583 865 863 866 
1584 930 933 950 
1585 1048 901 1071 
1586 1224 1037 1245 
1587 822 179 1041 
1588 929 1059 1113 
1589 143 144 791 
1590 876 873 877 
1591 149 150 833 
1592 937 1148 1149 
1593 797 839 1109 
1594 1034 833 1035 
1595 810 812 1049 
1596 151 152 824 
1597 1017 837 1217 
1598 867 866 868 
1599 761 1082 1083 
1600 209 210 1084 
1601 827 836 901 
1602 798 799 1060 
1603 203 204 1082 
1604 953 954 955 
1605 179 180 1041 
1606 1072 759 1073 
1607 143 791 1058 
1608 930 920 933 
1609 815 1015 1211 
1610 1027 836 1051 
1611 812 814 1048 
1612 841 148 1032 
1613 171 172 1054 
1614 171 1054 1055 
1615 767 165 1064 
1616 782 227 971 
1617 1148 872 1149 
1618 814 827 1048 
1619 916 915 917 
1620 1147 881 1158 
1621 1060 826 1114 
1622 808 810 815 
1623 836 829 985 
1624 812 1048 1049 
1625 991 994 1043 
1626 206 207 1077 
1627 848 837 849 
1628 28 1103 1255 
1629 186 187 1067 
1630 1079 1078 1080 
1631 920 909 1042 
1632 953 952 954 
1633 917 926 1044 
1634 208 759 1072 
1635 219 1009 1209 
1636 146 147 1028 
1637 918 917 1044 
1638 1146 1105 1155 
1639 995 1088 1122 
1640 950 933 1192 
1641 1027 1051 1052 
1642 887 885 1062 
1643 153 154 769 
1644 786 1068 1170 
1645 828 796 837 
1646 144 145 1040 
1647 814 817 827 
1648 1073 1074 1075 
1649 929 920 930 
1650 1084 210 1086 
1651 794 798 835 
1652 161 760 1070 
1653 911 909 920 
1654 1082 1081 1092 
1655 202 761 1087 
1656 835 798 847 
1657 946 1103 1104 
1658 922 918 923 
1659 1001 905 1062 
1660 1079 1080 1268 
1661 879 876 1065 
1662 917 925 926 
1663 1073 759 1074 
1664 1031 1032 1033 
1665 951 950 952 
1666 1027 34 1234 
1667 1080 803 1223 
1668 806 807 808 
1669 922 923 1091 
1670 926 945 946 
1671 862 861 863 
1672 802 804 826 
1673 187 188 786 
1674 905 887 1062 
1675 827 817 829 
1676 804 805 806 
1677 914 912 915 
1678 907 905 1001 
1679 860 861 862 
1680 808 809 810 
1681 1026 775 1233 
1682 1072 1073 1076 
1683 166 781 1064 
1684 772 797 1109 
1685 852 1152 1203 
1686 794 795 798 
1687 786 188 1068 
1688 968 1066 1247 
1689 799 802 1060 
1690 1089 1145 1171 
1691 785 1109 1129 
1692 208 209 759 
1693 977 975 978 
1694 935 1091 1253 
1695 155 783 1061 
1696 161 162 760 
1697 202 203 761 
1698 828 837 848 
1699 780 788 794 
1700 166 167 781 
1701 169 170 771 
1702 802 803 804 
1703 810 811 812 
1704 917 915 925 
1705 848 849 902 
1706 1086 777 1222 
1707 154 155 1061 
1708 1080 1223 1268 
1709 207 208 1072 
1710 1083 1082 1092 
1711 772 796 797 
1712 1127 224 1195 
1713 1088 900 1122 
1714 164 165 767 
1715 890 879 1065 
1716 941 939 942 
1717 141 765 1093 
1718 234 1029 1262 
1719 764 773 774 
1720 170 171 1055 
1721 943 942 944 
1722 911 929 1113 
1723 812 813 814 
1724 914 915 916 
1725 930 950 951 
1726 174 175 784 
1727 178 179 822 
1728 760 1106 1225 
1729 759 209 1084 
1730 916 917 918 
1731 205 206 763 
1732 774 779 780 
1733 823 160 1070 
1734 201 202 1087 
1735 802 826 1060 
1736 1095 823 1096 
1737 847 1060 1114 
1738 784 175 1089 
1739 142 143 1058 
1740 165 166 1064 
1741 781 167 1090 
1742 160 161 1070 
1743 799 801 802 
1744 794 788 795 
1745 911 920 929 
1746 892 1124 1129 
1747 768 1165 1175 
1748 1043 835 1139 
1749 207 1072 1077 
1750 763 1079 1081 
1751 1058 791 1099 
1752 806 805 807 
1753 140 141 1093 
1754 141 142 765 
1755 199 768 1094 
1756 798 795 799 
1757 933 920 1042 
1758 167 168 1090 
1759 865 866 867 
1760 976 975 977 
1761 925 915 1113 
1762 188 189 1068 
1763 1171 1145 1267 
1764 774 773 779 
1765 804 803 805 
1766 190 191 789 
1767 159 823 1095 
1768 1077 1076 1078 
1769 199 200 768 
1770 977 978 979 
1771 808 807 809 
1772 1115 1104 1116 
1773 990 992 993 
1774 951 952 953 
1775 797 796 828 
1776 211 212 777 
1777 760 162 1106 
1778 904 887 905 
1779 830 898 1112 
1780 1074 1084 1085 
1781 159 160 823 
1782 155 156 783 
1783 792 198 1094 
1784 175 176 1089 
1785 1134 1098 1250 
1786 772 25 796 
1787 198 199 1094 
1788 851 845 892 
1789 802 801 803 
1790 1030 234 1100 
1791 883 879 890 
1792 158 159 1095 
1793 194 852 1098 
1794 192 193 766 
1795 233 234 1030 
1796 766 193 1098 
1797 1042 1001 1137 
1798 213 214 834 
1799 764 772 773 
1800 234 235 1100 
1801 778 854 855 
1802 976 977 1012 
1803 946 1104 1115 
1804 197 198 792 
1805 1094 768 1175 
1806 193 194 1098 
1807 194 195 852 
1808 228 31 1004 
1809 780 787 788 
1810 1043 994 1045 
1811 162 163 1106 
1812 1024 1023 1249 
1813 770 1025 1173 
1814 810 809 811 
1815 232 231 1101 
1816 27 232 1013 
1817 1030 1052 1212 
1818 890 1065 1066 
1819 926 925 945 
1820 1059 925 1113 
1821 851 892 900 
1822 1074 759 1084 
1823 1013 232 1101 
1824 820 832 840 
1825 217 216 1050 
1826 965 966 969 
1827 800 795 1110 
1828 780 779 787 
1829 828 848 1102 
1830 930 951 1069 
1831 795 788 1110 
1832 910 911 912 
1833 1025 775 1133 
1834 910 912 913 
1835 761 1083 1136 
1836 910 909 911 
1837 906 905 907 
1838 850 845 851 
1839 1072 1076 1077 
1840 942 939 1149 
1841 908 907 909 
1842 182 770 1248 
1843 812 811 813 
1844 843 1117 1124 
1845 908 909 910 
1846 913 912 914 
1847 844 843 845 
1848 239 238 1183 
1849 799 800 801 
1850 1039 35 1172 
1851 915 912 1113 
1852 226 29 1097 
1853 850 851 896 
1854 842 821 843 
1855 1117 785 1124 
1856 999 944 1000 
1857 814 816 817 
1858 790 217 1050 
1859 913 914 921 
1860 844 845 850 
1861 788 787 820 
1862 877 1053 1189 
1863 779 773 785 
1864 929 930 1069 
1865 820 840 1110 
1866 944 1011 1186 
1867 799 795 800 
1868 797 838 839 
1869 892 845 1124 
1870 32 230 1140 
1871 842 843 844 
1872 995 838 996 
1873 797 828 838 
1874 961 964 965 
1875 1014 1153 1239 
1876 906 907 908 
1877 908 910 1108 
1878 919 918 922 
1879 237 1116 1239 
1880 839 838 995 
1881 223 219 1272 
1882 913 921 928 
1883 935 922 1091 
1884 820 821 832 
1885 893 831 894 
1886 980 982 983 
1887 910 913 1108 
1888 820 787 821 
1889 762 181 1248 
1890 152 153 1126 
1891 1031 841 1032 
1892 832 821 842 
1893 904 905 906 
1894 928 921 948 
1895 839 995 1122 
1896 852 1203 1250 
1897 832 842 891 
1898 928 948 949 
1899 838 828 1102 
1900 979 978 980 
1901 927 932 997 
1902 996 838 1102 
1903 216 215 793 
1904 912 911 1113 
1905 773 772 1109 
1906 913 928 1108 
1907 1085 1084 1086 
1908 785 773 1109 
1909 801 800 825 
1910 1108 928 1119 
1911 931 1108 1119 
1912 788 820 1110 
1913 830 846 898 
1914 906 908 931 
1915 921 1123 1130 
1916 807 805 818 
1917 924 922 935 
1918 946 945 1103 
1919 1109 839 1129 
1920 843 821 1117 
1921 1061 783 1120 
1922 758 173 1180 
1923 791 1040 1216 
1924 943 944 999 
1925 814 813 816 
1926 979 980 1107 
1927 867 868 869 
1928 853 1039 1172 
1929 977 979 1156 
1930 857 856 858 
1931 919 924 927 
1932 903 887 904 
1933 916 918 919 
1934 941 942 943 
1935 931 908 1108 
1936 779 785 1117 
1937 1015 815 1257 
1938 897 1002 1111 
1939 895 893 1007 
1940 927 924 932 
1941 953 955 1010 
1942 27 1013 1014 
1943 980 983 1107 
1944 787 779 1117 
1945 1044 956 1236 
1946 919 922 924 
1947 229 776 989 
1948 869 868 870 
1949 1053 969 1189 
1950 985 829 986 
1951 945 925 1059 
1952 821 787 1117 
1953 934 1090 1178 
1954 921 914 1123 
1955 900 892 1122 
1956 25 220 1217 
1957 153 769 1126 
1958 1066 1065 1189 
1959 851 900 1134 
1960 813 811 819 
1961 846 893 895 
1962 886 885 887 
1963 928 949 1119 
1964 1015 984 1016 
1965 845 843 1124 
1966 980 978 981 
1967 1059 1069 1255 
1968 1070 997 1190 
1969 982 984 1015 
1970 1123 927 1130 
1971 974 973 975 
1972 980 981 982 
1973 817 816 830 
1974 982 981 984 
1975 985 986 987 
1976 981 1179 1194 
1977 1110 840 1125 
1978 886 887 903 
1979 904 906 1121 
1980 177 178 1145 
1981 829 817 1112 
1982 846 831 893 
1983 936 882 937 
1984 919 927 1123 
1985 775 185 1233 
1986 229 228 1154 
1987 226 227 1154 
1988 884 886 1118 
1989 224 225 1195 
1990 886 903 934 
1991 800 1110 1125 
1992 948 921 1130 
1993 960 958 962 
1994 894 831 1128 
1995 830 816 831 
1996 830 831 846 
1997 1131 963 1132 
1998 139 140 1150 
1999 914 916 1123 
2000 156 157 1151 
2001 201 1087 1157 
2002 817 830 1112 
2003 959 958 960 
2004 906 931 1121 
2005 825 800 1125 
2006 196 197 1152 
2007 916 919 1123 
2008 974 975 976 
2009 835 847 1139 
2010 826 804 1167 
2011 974 976 1006 
2012 1087 761 1136 
2013 938 937 939 
2014 927 997 1130 
2015 220 1017 1217 
2016 1088 789 1160 
2017 940 939 941 
2018 1090 168 1178 
2019 937 882 1148 
2020 1150 1093 1213 
2021 884 885 886 
2022 864 863 865 
2023 768 200 1157 
2024 235 236 1153 
2025 1022 897 1138 
2026 965 964 966 
2027 886 934 1118 
2028 789 191 1160 
2029 1054 758 1142 
2030 884 883 885 
2031 896 851 1134 
2032 959 960 961 
2033 764 25 772 
2034 839 1122 1129 
2035 973 1097 1179 
2036 221 778 1017 
2037 192 766 1160 
2038 855 856 857 
2039 986 829 1112 
2040 966 964 967 
2041 984 1194 1201 
2042 878 880 881 
2043 1122 892 1129 
2044 1069 28 1255 
2045 975 973 1179 
2046 813 819 1128 
2047 943 999 1003 
2048 169 771 1178 
2049 1068 189 1177 
2050 174 784 1180 
2051 961 960 963 
2052 790 1050 1146 
2053 871 870 873 
2054 816 813 1128 
2055 1099 898 1256 
2056 880 879 883 
2057 901 1027 1234 
2058 803 1080 1261 
2059 228 1004 1154 
2060 961 963 964 
2061 874 873 876 
2062 186 1067 1233 
2063 878 876 879 
2064 991 1043 1139 
2065 966 967 968 
2066 178 822 1145 
2067 871 874 875 
2068 809 1163 1226 
2069 976 1012 1127 
2070 880 883 884 
2071 1091 1224 1245 
2072 831 816 1128 
2073 964 963 1131 
2074 1023 1138 1249 
2075 869 870 871 
2076 862 863 864 
2077 1105 992 1155 
2078 967 964 1131 
2079 1092 1079 1268 
2080 1143 962 1144 
2081 949 1106 1210 
2082 796 25 1217 
2083 808 815 1211 
2084 782 972 1008 
2085 938 939 940 
2086 936 937 938 
2087 940 941 1021 
2088 878 879 880 
2089 874 876 878 
2090 871 873 874 
2091 867 869 872 
2092 190 789 1177 
2093 1106 163 1210 
2094 1096 823 1190 
2095 999 1000 1142 
2096 140 1093 1150 
2097 1132 963 1143 
2098 1020 970 1053 
2099 809 807 1163 
2100 783 156 1151 
2101 1063 890 1161 
2102 891 842 1165 
2103 848 902 1170 
2104 864 865 882 
2105 857 858 947 
2106 972 973 974 
2107 777 212 1185 
2108 1006 976 1127 
2109 197 792 1152 
2110 884 1118 1141 
2111 213 834 1185 
2112 236 237 1239 
2113 941 943 1135 
2114 998 947 1026 
2115 1073 1075 1231 
2116 1100 235 1153 
2117 933 1137 1192 
2118 164 767 1210 
2119 1005 1004 1166 
2120 962 958 1146 
2121 857 947 998 
2122 968 967 1140 
2123 1074 1085 1214 
2124 24 26 1272 
2125 1078 1076 1232 
2126 1120 935 1253 
2127 1179 1097 1194 
2128 960 962 1143 
2129 939 937 1149 
2130 956 1200 1236 
2131 899 882 936 
2132 998 1026 1218 
2133 1021 941 1135 
2134 899 936 988 
2135 881 880 1141 
2136 777 1198 1222 
2137 215 23 1196 
2138 850 896 1193 
2139 1012 977 1156 
2140 943 1003 1135 
2141 878 881 1147 
2142 1061 1120 1253 
2143 864 882 899 
2144 1155 992 1215 
2145 1144 962 1155 
2146 231 232 1156 
2147 233 1030 1212 
2148 963 960 1143 
2149 958 790 1146 
2150 1168 1227 1258 
2151 1214 819 1226 
2152 880 884 1141 
2153 888 1024 1235 
2154 1058 1099 1256 
2155 898 846 1184 
2156 947 1219 1266 
2157 200 201 1157 
2158 860 862 889 
2159 176 21 1238 
2160 21 177 1238 
2161 972 971 973 
2162 931 1119 1176 
2163 974 1006 1187 
2164 191 192 1160 
2165 1140 967 1164 
2166 1156 979 1251 
2167 1194 29 1201 
2168 865 867 1148 
2169 157 20 1240 
2170 20 158 1240 
2171 214 19 1241 
2172 19 139 1241 
2173 22 196 1242 
2174 195 22 1242 
2175 1037 1126 1245 
2176 1007 893 1198 
2177 1260 940 1263 
2178 33 1063 1161 
2179 227 229 1154 
2180 890 1066 1161 
2181 803 801 1223 
2182 231 34 1244 
2183 894 1205 1222 
2184 875 874 1147 
2185 882 865 1148 
2186 981 978 1179 
2187 34 1107 1234 
2188 28 1069 1207 
2189 1144 1155 1215 
2190 874 878 1147 
2191 1065 877 1189 
2192 1085 1205 1214 
2193 1006 1127 1195 
2194 904 1121 1208 
2195 224 27 1258 
2196 1066 1189 1247 
2197 784 1089 1171 
2198 1114 1005 1166 
2199 867 872 1148 
2200 782 971 972 
2201 1163 1075 1226 
2202 27 224 1254 
2203 968 1140 1220 
2204 871 875 1169 
2205 1140 230 1220 
2206 1069 951 1207 
2207 962 1146 1155 
2208 804 806 1167 
2209 767 1064 1176 
2210 954 952 1202 
2211 819 811 1226 
2212 1033 1034 1204 
2213 982 1015 1257 
2214 807 818 1163 
2215 842 844 1165 
2216 1075 1163 1231 
2217 1004 31 1166 
2218 896 1134 1250 
2219 1193 896 1203 
2220 1019 1020 1181 
2221 1116 237 1273 
2222 758 1180 1274 
2223 29 1005 1201 
2224 953 1010 1207 
2225 1102 848 1170 
2226 855 857 1159 
2227 1041 762 1260 
2228 872 869 1169 
2229 1219 1133 1266 
2230 230 32 1192 
2231 1182 1199 1221 
2232 947 858 1219 
2233 1116 1104 1168 
2234 857 998 1159 
2235 1016 984 1201 
2236 1165 844 1175 
2237 869 871 1169 
2238 1114 826 1197 
2239 1205 1085 1222 
2240 1008 972 1187 
2241 1029 1031 1262 
2242 1103 945 1255 
2243 1051 35 1212 
2244 1167 806 1211 
2245 792 1094 1193 
2246 1104 1103 1227 
2247 967 1131 1164 
2248 189 190 1177 
2249 844 850 1175 
2250 1134 900 1237 
2251 1130 997 1225 
2252 168 169 1178 
2253 775 1026 1266 
2254 978 975 1179 
2255 986 1099 1216 
2256 889 1133 1219 
2257 894 1128 1205 
2258 862 864 1162 
2259 173 174 1180 
2260 778 855 1188 
2261 997 932 1190 
2262 1017 778 1188 
2263 966 968 1247 
2264 231 1156 1251 
2265 1000 944 1186 
2266 1227 224 1258 
2267 212 213 1185 
2268 1197 1016 1201 
2269 823 1070 1190 
2270 864 899 1162 
2271 1121 931 1176 
2272 846 895 1184 
2273 952 950 1206 
2274 1041 1260 1263 
2275 1031 1033 1243 
2276 1103 225 1227 
2277 1021 1135 1171 
2278 1098 852 1250 
2279 230 33 1220 
2280 766 1134 1237 
2281 999 1142 1274 
2282 30 238 1199 
2283 1137 230 1192 
2284 988 936 1264 
2285 889 862 1162 
2286 992 989 1215 
2287 1099 791 1216 
2288 1132 1182 1221 
2289 923 1044 1236 
2290 238 239 1221 
2291 1052 1051 1212 
2292 1005 1114 1197 
2293 855 1159 1188 
2294 1097 29 1194 
2295 972 974 1187 
2296 1143 1144 1182 
2297 1056 1057 1228 
2298 224 1127 1254 
2299 1131 1132 1191 
2300 793 215 1196 
2301 30 782 1230 
2302 1091 923 1224 
2303 1164 1131 1191 
2304 938 940 1260 
2305 984 981 1194 
2306 893 894 1198 
2307 806 808 1211 
2308 837 796 1217 
2309 1107 34 1251 
2310 1132 1143 1182 
2311 783 1151 1270 
2312 1138 26 1249 
2313 240 239 1202 
2314 237 236 1204 
2315 1142 758 1274 
2316 32 240 1206 
2317 1075 1074 1214 
2318 238 30 1230 
2319 776 30 1199 
2320 818 805 1261 
2321 860 889 1219 
2322 1075 1214 1226 
2323 979 1107 1251 
2324 951 953 1207 
2325 765 1058 1256 
2326 163 164 1210 
2327 1005 1197 1201 
2328 1170 902 1265 
2329 35 233 1212 
2330 782 1008 1230 
2331 903 904 1208 
2332 900 1088 1237 
2333 1067 786 1265 
2334 899 988 1246 
2335 1178 771 1259 
2336 240 1202 1206 
2337 1245 769 1253 
2338 895 1007 1213 
2339 1036 1038 1269 
2340 822 1041 1263 
2341 1263 1021 1267 
2342 769 1061 1253 
2343 825 1092 1268 
2344 1071 901 1234 
2345 1076 1073 1231 
2346 1080 1078 1232 
2347 1202 952 1206 
2348 1038 1037 1224 
2349 1038 1224 1236 
2350 225 224 1227 
2351 177 1145 1238 
2352 1159 849 1188 
2353 1128 819 1205 
2354 1085 1086 1222 
2355 139 1150 1241 
2356 1151 157 1240 
2357 792 1193 1203 
2358 196 1152 1242 
2359 801 825 1223 
2360 834 1150 1213 
2361 989 776 1215 
2362 889 1162 1173 
2363 24 1181 1271 
2364 1094 1175 1193 
2365 185 186 1233 
2366 1224 923 1236 
2367 811 809 1226 
2368 881 1141 1228 
2369 1141 1056 1228 
2370 1205 819 1214 
2371 1189 969 1247 
2372 805 803 1261 
2373 1160 766 1237 
2374 898 1184 1256 
2375 987 986 1216 
2376 1115 1116 1273 
2377 1152 792 1203 
2378 36 1115 1273 
2379 1089 176 1238 
2380 181 182 1248 
2381 948 1130 1225 
2382 858 860 1219 
2383 33 1161 1220 
2384 1204 236 1243 
2385 158 1095 1240 
2386 834 214 1241 
2387 852 195 1242 
2388 1101 231 1244 
2389 1153 236 1239 
2390 236 235 1243 
2391 1163 818 1231 
2392 822 1263 1267 
2393 1168 1104 1227 
2394 34 231 1251 
2395 1031 1243 1262 
2396 1024 1181 1235 
2397 1175 850 1193 
2398 1126 769 1245 
2399 1180 1003 1274 
2400 969 966 1247 
2401 1145 1089 1238 
2402 945 1059 1255 
2403 983 982 1257 
2404 1088 1160 1237 
2405 1095 1151 1240 
2406 1150 834 1241 
2407 1152 852 1242 
2408 235 234 1262 
2409 237 36 1273 
2410 940 1021 1263 
2411 1158 881 1228 
2412 1026 947 1266 
2413 1033 1204 1243 
2414 1118 934 1259 
2415 1243 235 1262 
2416 1181 1024 1271 
2417 1127 1012 1254 
2418 1057 1158 1228 
2419 1120 783 1270 
2420 239 1191 1221 
2421 27 1014 1258 
2422 1199 238 1221 
2423 26 24 1271 
2424 786 1170 1265 
2425 1003 999 1274 
2426 1198 894 1222 
2427 1162 899 1246 
2428 936 938 1264 
2429 1145 822 1267 
2430 36 1174 1269 
2431 1173 1162 1246 
2432 1191 1132 1221 
2433 1133 775 1266 
2434 1008 1183 1230 
2435 1232 818 1261 
2436 1200 1038 1236 
2437 1181 1020 1235 
2438 1183 238 1230 
2439 1184 765 1256 
2440 1200 36 1269 
2441 934 1178 1259 
2442 1014 1168 1258 
2443 1174 1036 1269 
2444 1021 1171 1267 
2445 770 1173 1246 
2446 1203 896 1250 
2447 902 1218 1265 
2448 1223 825 1268 
2449 1218 1067 1265 
2450 1080 1232 1261 
2451 1038 1200 1269 
2452 938 1260 1264 
2453 1252 1120 1270 
2454 1249 26 1271 
2455 1260 762 1264 
2456 1096 1252 1270 
2457 1024 1249 1271 
2458 24 219 1209 
2459 219 24 1272 
2460 223 26 1111 
2461 26 223 1272 
2462 219 223 218 
2463 223 222 218 
2464 222 223 1229 
2 39 3 6
2465 5 37 215 23 
2466 37 38 216 215 
2467 38 39 217 216 
2468 39 40 218 217 
2469 40 41 219 218 
2470 41 11 24 219 
2 90004 3 5
2471 6 42 220 25 
2472 42 43 221 220 
2473 43 44 222 221 
2474 44 45 223 222 
2475 45 12 26 223 
2 90008 3 3
2476 7 46 224 27 
2477 46 47 225 224 
2478 47 10 28 225 
2 90012 3 3
2479 3 48 226 29 
2480 48 49 227 226 
2481 49 8 30 227 
2 90016 3 3
2482 4 50 228 31 
2483 50 51 229 228 
2484 51 8 30 229 
2 90020 3 2
2485 13 52 230 32 
2486 52 14 33 230 
2 90024 3 3
2487 2 53 231 34 
2488 53 54 232 231 
2489 54 7 27 232 
2 90028 3 6
2490 1 55 233 35 
2491 55 56 234 233 
2492 56 57 235 234 
2493 57 58 236 235 
2494 58 59 237 236 
2495 59 9 36 237 
2 90032 3 4
2496 8 60 238 30 
2497 60 61 239 238 
2498 61 62 240 239 
2499 62 13 32 240 
3 1 6 1192
2500 272 478 479 789 995 996 
2501 432 250 602 949 767 1119 
2502 547 264 604 1064 781 1121 
2503 1 468 470 35 985 987 
2504 247 257 528 764 774 1045 
2505 604 264 691 1121 781 1208 
2506 630 641 669 1147 1158 1186 
2507 625 483 641 1142 1000 1158 
2508 37 6 5 215 25 23 
2509 41 40 440 219 218 957 
2510 627 259 665 1144 776 1182 
2511 481 385 642 998 902 1159 
2512 513 583 584 1030 1100 1101 
2513 5 528 679 23 1045 1196 
2514 540 625 641 1057 1142 1158 
2515 250 432 693 767 949 1210 
2516 14 484 545 33 1001 1062 
2517 438 437 491 955 954 1008 
2518 583 496 584 1100 1013 1101 
2519 528 477 679 1045 994 1196 
2520 657 59 687 1174 237 1204 
2521 41 440 492 219 957 1009 
2522 407 603 735 924 1120 1252 
2523 37 42 6 215 220 25 
2524 407 418 603 924 935 1120 
2525 332 500 671 849 1017 1188 
2526 332 320 500 849 837 1017 
2527 56 55 512 234 233 1029 
2528 47 10 493 225 28 1010 
2529 5 247 528 23 764 1045 
2530 243 480 553 760 997 1070 
2531 551 479 585 1068 996 1102 
2532 315 374 619 832 891 1136 
2533 485 337 712 1002 854 1229 
2534 502 11 692 1019 24 1209 
2535 51 49 8 229 227 30 
2536 438 489 493 955 1006 1010 
2537 512 55 522 1029 233 1039 
2538 528 257 529 1045 774 1046 
2539 54 7 495 232 27 1012 
2540 371 506 507 888 1023 1024 
2541 75 307 518 151 824 1035 
2542 486 267 618 1003 784 1135 
2543 3 48 487 29 226 1004 
2544 276 476 588 793 993 1105 
2545 517 657 687 1034 1174 1204 
2546 549 451 644 1066 968 1161 
2547 476 276 679 993 793 1196 
2548 622 330 649 1139 847 1166 
2549 468 1 534 985 35 1051 
2550 337 44 712 854 222 1229 
2551 74 75 518 150 151 1035 
2552 498 499 694 1015 1016 1211 
2553 575 308 608 1092 825 1125 
2554 535 513 584 1052 1030 1101 
2555 503 530 718 1020 1047 1235 
2556 492 501 502 1009 1018 1019 
2557 259 627 698 776 1144 1215 
2558 566 575 608 1083 1092 1125 
2559 530 503 536 1047 1020 1053 
2560 499 650 694 1016 1167 1211 
2561 272 479 660 789 996 1177 
2562 509 550 701 1026 1067 1218 
2563 532 466 740 1049 983 1257 
2564 598 9 683 1115 36 1200 
2565 484 14 620 1001 33 1137 
2566 466 532 554 983 1049 1071 
2567 44 43 39 222 221 217 
2568 478 272 571 995 789 1088 
2569 3 487 488 29 1004 1005 
2570 371 351 506 888 868 1023 
2571 1 470 655 35 987 1172 
2572 385 332 642 902 849 1159 
2573 641 483 669 1158 1000 1186 
2574 495 7 737 1012 27 1254 
2575 480 243 708 997 760 1225 
2576 355 494 632 872 1011 1149 
2577 550 509 716 1067 1026 1233 
2578 339 337 485 856 854 1002 
2579 454 48 580 971 226 1097 
2580 374 570 619 891 1087 1136 
2581 439 598 683 956 1115 1200 
2582 470 523 655 987 1040 1172 
2583 456 454 580 973 971 1097 
2584 2 510 727 34 1027 1244 
2585 496 583 636 1013 1100 1153 
2586 518 519 657 1035 1036 1174 
2587 385 481 701 902 998 1218 
2588 43 42 38 221 220 216 
2589 492 442 501 1009 959 1018 
2590 492 502 692 1009 1019 1209 
2591 45 594 712 223 1111 1229 
2592 644 451 703 1161 968 1220 
2593 14 545 546 33 1062 1063 
2594 675 13 689 1192 32 1206 
2595 523 336 655 1040 853 1172 
2596 490 260 668 1007 777 1185 
2597 260 490 681 777 1007 1198 
2598 517 518 657 1034 1035 1174 
2599 551 585 653 1068 1102 1170 
2600 8 49 265 30 227 782 
2601 651 497 722 1168 1014 1239 
2602 594 12 621 1111 26 1138 
2603 497 496 636 1014 1013 1153 
2604 4 622 649 31 1139 1166 
2605 433 675 689 950 1192 1206 
2606 38 42 37 216 220 215 
2607 515 316 516 1032 833 1033 
2608 518 307 519 1035 824 1036 
2609 4 473 474 31 990 991 
2610 573 386 691 1090 903 1208 
2611 665 259 682 1182 776 1199 
2612 13 623 647 32 1140 1164 
2613 516 316 517 1033 833 1034 
2614 323 566 608 840 1083 1125 
2615 43 44 261 221 222 778 
2616 438 491 670 955 1008 1187 
2617 566 323 619 1083 840 1136 
2618 62 13 647 240 32 1164 
2619 493 10 690 1010 28 1207 
2620 714 301 715 1231 818 1232 
2621 73 316 515 149 833 1032 
2622 9 59 657 36 237 1174 
2623 267 486 663 784 1003 1180 
2624 474 476 477 991 993 994 
2625 559 714 715 1076 1231 1232 
2626 539 601 742 1056 1118 1259 
2627 51 8 259 229 30 776 
2628 55 1 522 233 35 1039 
2629 477 476 679 994 993 1196 
2630 493 489 678 1010 1006 1195 
2631 49 48 454 227 226 971 
2632 494 425 632 1011 942 1149 
2633 616 372 656 1133 889 1173 
2634 323 315 619 840 832 1136 
2635 501 453 502 1018 970 1019 
2636 471 245 731 988 762 1248 
2637 11 502 664 24 1019 1181 
2638 344 342 380 861 859 897 
2639 40 44 39 218 222 217 
2640 494 358 669 1011 875 1186 
2641 4 50 473 31 228 990 
2642 316 74 518 833 150 1035 
2643 491 437 666 1008 954 1183 
2644 474 473 476 991 990 993 
2645 47 493 678 225 1010 1195 
2646 349 505 506 866 1022 1023 
2647 417 386 573 934 903 1090 
2648 50 51 472 228 229 989 
2649 378 576 667 895 1093 1184 
2650 479 551 660 996 1068 1177 
2651 349 346 505 866 863 1022 
2652 351 349 506 868 866 1023 
2653 61 666 685 239 1183 1202 
2654 253 107 508 770 183 1025 
2655 599 651 722 1116 1168 1239 
2656 415 407 735 932 924 1252 
2657 535 584 727 1052 1101 1244 
2658 336 511 522 853 1028 1039 
2659 353 371 530 870 888 1047 
2660 253 471 731 770 988 1248 
2661 440 442 492 957 959 1009 
2662 466 554 590 983 1071 1107 
2663 298 532 740 815 1049 1257 
2664 578 579 634 1095 1096 1151 
2665 40 273 440 218 790 957 
2666 318 526 529 835 1043 1046 
2667 42 43 500 220 221 1017 
2668 245 471 747 762 988 1264 
2669 358 494 652 875 1011 1169 
2670 618 267 654 1135 784 1171 
2671 476 475 588 993 992 1105 
2672 442 444 501 959 961 1018 
2673 640 374 648 1157 891 1165 
2674 330 597 649 847 1114 1166 
2675 10 47 586 28 225 1103 
2676 510 535 727 1027 1052 1244 
2677 261 44 337 778 222 854 
2678 317 490 668 834 1007 1185 
2679 487 48 637 1004 226 1154 
2680 360 530 536 877 1047 1053 
2681 309 650 680 826 1167 1197 
2682 526 528 529 1043 1045 1046 
2683 673 415 735 1190 932 1252 
2684 263 277 529 780 794 1046 
2685 342 339 485 859 856 1002 
2686 251 640 648 768 1157 1165 
2687 576 378 696 1093 895 1213 
2688 508 616 656 1025 1133 1173 
2689 579 673 735 1096 1190 1252 
2690 650 499 680 1167 1016 1197 
2691 489 438 670 1006 955 1187 
2692 254 539 742 771 1056 1259 
2693 368 366 546 885 883 1063 
2694 448 452 453 965 969 970 
2695 494 355 652 1011 872 1169 
2696 343 342 344 860 859 861 
2697 533 588 629 1050 1105 1146 
2698 530 371 718 1047 888 1235 
2699 448 453 501 965 970 1018 
2700 381 582 595 898 1099 1112 
2701 341 339 342 858 856 859 
2702 72 73 515 148 149 1032 
2703 104 245 524 180 762 1041 
2704 336 70 511 853 146 1028 
2705 366 373 546 883 890 1063 
2706 359 360 548 876 877 1065 
2707 307 76 609 824 152 1126 
2708 358 630 669 875 1147 1186 
2709 274 68 523 791 144 1040 
2710 601 539 624 1118 1056 1141 
2711 390 484 525 907 1001 1042 
2712 264 573 691 781 1090 1208 
2713 277 318 529 794 835 1046 
2714 344 380 505 861 897 1022 
2715 564 562 575 1081 1079 1092 
2716 128 129 564 204 205 1081 
2717 602 250 659 1119 767 1176 
2718 471 253 729 988 770 1246 
2719 511 512 522 1028 1029 1039 
2720 40 39 273 218 217 790 
2721 135 260 569 211 777 1086 
2722 249 581 617 766 1098 1134 
2723 380 594 621 897 1111 1138 
2724 511 324 512 1028 841 1029 
2725 440 273 441 957 790 958 
2726 128 564 565 204 1081 1082 
2727 298 293 532 815 810 1049 
2728 502 453 503 1019 970 1020 
2729 666 437 685 1183 954 1202 
2730 54 495 639 232 1012 1156 
2731 14 52 620 33 230 1137 
2732 589 431 708 1106 948 1225 
2733 432 431 589 949 948 1106 
2734 506 505 621 1023 1022 1138 
2735 490 317 696 1007 834 1213 
2736 96 241 537 172 758 1054 
2737 444 448 501 961 965 1018 
2738 108 258 508 184 775 1025 
2739 257 263 529 774 780 1046 
2740 520 307 609 1037 824 1126 
2741 582 469 595 1099 986 1112 
2742 540 537 625 1057 1054 1142 
2743 254 538 539 771 1055 1056 
2744 353 351 371 870 868 888 
2745 106 107 253 182 183 770 
2746 594 485 712 1111 1002 1229 
2747 360 356 530 877 873 1047 
2748 5 6 247 23 25 764 
2749 519 307 520 1036 824 1037 
2750 406 401 527 923 918 1044 
2751 590 554 717 1107 1071 1234 
2752 545 368 546 1062 885 1063 
2753 634 579 753 1151 1096 1270 
2754 104 105 245 180 181 762 
2755 512 324 514 1029 841 1031 
2756 453 452 536 970 969 1053 
2757 39 43 38 217 221 216 
2758 338 337 339 855 854 856 
2759 246 560 561 763 1077 1078 
2760 427 425 494 944 942 1011 
2761 547 604 659 1064 1121 1176 
2762 392 390 525 909 907 1042 
2763 570 374 640 1087 891 1157 
2764 50 472 473 228 989 990 
2765 4 474 622 31 991 1139 
2766 538 537 540 1055 1054 1057 
2767 539 538 540 1056 1055 1057 
2768 246 130 560 763 206 1077 
2769 380 342 485 897 859 1002 
2770 71 324 511 147 841 1028 
2771 108 109 258 184 185 775 
2772 409 439 527 926 956 1044 
2773 542 412 552 1059 929 1069 
2774 523 470 699 1040 987 1216 
2775 69 336 523 145 853 1040 
2776 246 561 562 763 1078 1079 
2777 61 62 674 239 240 1191 
2778 473 472 475 990 989 992 
2779 341 342 343 858 859 860 
2780 346 344 505 863 861 1022 
2781 254 94 538 771 170 1055 
2782 244 127 565 761 203 1082 
2783 607 268 612 1124 785 1129 
2784 111 269 550 187 786 1067 
2785 330 281 543 847 798 1060 
2786 574 728 736 1091 1245 1253 
2787 38 276 533 216 793 1050 
2788 416 525 620 933 1042 1137 
2789 356 353 530 873 870 1047 
2790 62 647 674 240 1164 1191 
2791 440 441 442 957 958 959 
2792 96 97 241 172 173 758 
2793 134 135 569 210 211 1086 
2794 533 276 588 1050 793 1105 
2795 69 70 336 145 146 853 
2796 319 468 534 836 985 1051 
2797 409 429 439 926 946 956 
2798 439 429 598 956 946 1115 
2799 310 384 531 827 901 1048 
2800 384 319 510 901 836 1027 
2801 576 248 667 1093 765 1184 
2802 248 66 541 765 142 1058 
2803 129 246 564 205 763 1081 
2804 519 520 521 1036 1037 1038 
2805 71 72 324 147 148 841 
2806 252 78 544 769 154 1061 
2807 532 531 554 1049 1048 1071 
2808 107 108 508 183 184 1025 
2809 310 312 319 827 829 836 
2810 348 346 349 865 863 866 
2811 413 416 433 930 933 950 
2812 531 384 554 1048 901 1071 
2813 707 520 728 1224 1037 1245 
2814 305 103 524 822 179 1041 
2815 412 542 596 929 1059 1113 
2816 67 68 274 143 144 791 
2817 359 356 360 876 873 877 
2818 73 74 316 149 150 833 
2819 420 631 632 937 1148 1149 
2820 280 322 592 797 839 1109 
2821 517 316 518 1034 833 1035 
2822 293 295 532 810 812 1049 
2823 75 76 307 151 152 824 
2824 500 320 700 1017 837 1217 
2825 350 349 351 867 866 868 
2826 244 565 566 761 1082 1083 
2827 133 134 567 209 210 1084 
2828 310 319 384 827 836 901 
2829 281 282 543 798 799 1060 
2830 127 128 565 203 204 1082 
2831 436 437 438 953 954 955 
2832 103 104 524 179 180 1041 
2833 555 242 556 1072 759 1073 
2834 67 274 541 143 791 1058 
2835 413 403 416 930 920 933 
2836 298 498 694 815 1015 1211 
2837 510 319 534 1027 836 1051 
2838 295 297 531 812 814 1048 
2839 324 72 515 841 148 1032 
2840 95 96 537 171 172 1054 
2841 95 537 538 171 1054 1055 
2842 250 89 547 767 165 1064 
2843 265 49 454 782 227 971 
2844 631 355 632 1148 872 1149 
2845 297 310 531 814 827 1048 
2846 399 398 400 916 915 917 
2847 630 364 641 1147 881 1158 
2848 543 309 597 1060 826 1114 
2849 291 293 298 808 810 815 
2850 319 312 468 836 829 985 
2851 295 531 532 812 1048 1049 
2852 474 477 526 991 994 1043 
2853 130 131 560 206 207 1077 
2854 331 320 332 848 837 849 
2855 10 586 738 28 1103 1255 
2856 110 111 550 186 187 1067 
2857 562 561 563 1079 1078 1080 
2858 403 392 525 920 909 1042 
2859 436 435 437 953 952 954 
2860 400 409 527 917 926 1044 
2861 132 242 555 208 759 1072 
2862 41 492 692 219 1009 1209 
2863 70 71 511 146 147 1028 
2864 401 400 527 918 917 1044 
2865 629 588 638 1146 1105 1155 
2866 478 571 605 995 1088 1122 
2867 433 416 675 950 933 1192 
2868 510 534 535 1027 1051 1052 
2869 370 368 545 887 885 1062 
2870 77 78 252 153 154 769 
2871 269 551 653 786 1068 1170 
2872 311 279 320 828 796 837 
2873 68 69 523 144 145 1040 
2874 297 300 310 814 817 827 
2875 556 557 558 1073 1074 1075 
2876 412 403 413 929 920 930 
2877 567 134 569 1084 210 1086 
2878 277 281 318 794 798 835 
2879 85 243 553 161 760 1070 
2880 394 392 403 911 909 920 
2881 565 564 575 1082 1081 1092 
2882 126 244 570 202 761 1087 
2883 318 281 330 835 798 847 
2884 429 586 587 946 1103 1104 
2885 405 401 406 922 918 923 
2886 484 388 545 1001 905 1062 
2887 562 563 751 1079 1080 1268 
2888 362 359 548 879 876 1065 
2889 400 408 409 917 925 926 
2890 556 242 557 1073 759 1074 
2891 514 515 516 1031 1032 1033 
2892 434 433 435 951 950 952 
2893 510 2 717 1027 34 1234 
2894 563 286 706 1080 803 1223 
2895 289 290 291 806 807 808 
2896 405 406 574 922 923 1091 
2897 409 428 429 926 945 946 
2898 345 344 346 862 861 863 
2899 285 287 309 802 804 826 
2900 111 112 269 187 188 786 
2901 388 370 545 905 887 1062 
2902 310 300 312 827 817 829 
2903 287 288 289 804 805 806 
2904 397 395 398 914 912 915 
2905 390 388 484 907 905 1001 
2906 343 344 345 860 861 862 
2907 291 292 293 808 809 810 
2908 509 258 716 1026 775 1233 
2909 555 556 559 1072 1073 1076 
2910 90 264 547 166 781 1064 
2911 255 280 592 772 797 1109 
2912 335 635 686 852 1152 1203 
2913 277 278 281 794 795 798 
2914 269 112 551 786 188 1068 
2915 451 549 730 968 1066 1247 
2916 282 285 543 799 802 1060 
2917 572 628 654 1089 1145 1171 
2918 268 592 612 785 1109 1129 
2919 132 133 242 208 209 759 
2920 460 458 461 977 975 978 
2921 418 574 736 935 1091 1253 
2922 79 266 544 155 783 1061 
2923 85 86 243 161 162 760 
2924 126 127 244 202 203 761 
2925 311 320 331 828 837 848 
2926 263 271 277 780 788 794 
2927 90 91 264 166 167 781 
2928 93 94 254 169 170 771 
2929 285 286 287 802 803 804 
2930 293 294 295 810 811 812 
2931 400 398 408 917 915 925 
2932 331 332 385 848 849 902 
2933 569 260 705 1086 777 1222 
2934 78 79 544 154 155 1061 
2935 563 706 751 1080 1223 1268 
2936 131 132 555 207 208 1072 
2937 566 565 575 1083 1082 1092 
2938 255 279 280 772 796 797 
2939 610 46 678 1127 224 1195 
2940 571 383 605 1088 900 1122 
2941 88 89 250 164 165 767 
2942 373 362 548 890 879 1065 
2943 424 422 425 941 939 942 
2944 65 248 576 141 765 1093 
2945 56 512 745 234 1029 1262 
2946 247 256 257 764 773 774 
2947 94 95 538 170 171 1055 
2948 426 425 427 943 942 944 
2949 394 412 596 911 929 1113 
2950 295 296 297 812 813 814 
2951 397 398 399 914 915 916 
2952 413 433 434 930 950 951 
2953 98 99 267 174 175 784 
2954 102 103 305 178 179 822 
2955 243 589 708 760 1106 1225 
2956 242 133 567 759 209 1084 
2957 399 400 401 916 917 918 
2958 129 130 246 205 206 763 
2959 257 262 263 774 779 780 
2960 306 84 553 823 160 1070 
2961 125 126 570 201 202 1087 
2962 285 309 543 802 826 1060 
2963 578 306 579 1095 823 1096 
2964 330 543 597 847 1060 1114 
2965 267 99 572 784 175 1089 
2966 66 67 541 142 143 1058 
2967 89 90 547 165 166 1064 
2968 264 91 573 781 167 1090 
2969 84 85 553 160 161 1070 
2970 282 284 285 799 801 802 
2971 277 271 278 794 788 795 
2972 394 403 412 911 920 929 
2973 375 607 612 892 1124 1129 
2974 251 648 658 768 1165 1175 
2975 526 318 622 1043 835 1139 
2976 131 555 560 207 1072 1077 
2977 246 562 564 763 1079 1081 
2978 541 274 582 1058 791 1099 
2979 289 288 290 806 805 807 
2980 64 65 576 140 141 1093 
2981 65 66 248 141 142 765 
2982 123 251 577 199 768 1094 
2983 281 278 282 798 795 799 
2984 416 403 525 933 920 1042 
2985 91 92 573 167 168 1090 
2986 348 349 350 865 866 867 
2987 459 458 460 976 975 977 
2988 408 398 596 925 915 1113 
2989 112 113 551 188 189 1068 
2990 654 628 750 1171 1145 1267 
2991 257 256 262 774 773 779 
2992 287 286 288 804 803 805 
2993 114 115 272 190 191 789 
2994 83 306 578 159 823 1095 
2995 560 559 561 1077 1076 1078 
2996 123 124 251 199 200 768 
2997 460 461 462 977 978 979 
2998 291 290 292 808 807 809 
2999 598 587 599 1115 1104 1116 
3000 473 475 476 990 992 993 
3001 434 435 436 951 952 953 
3002 280 279 311 797 796 828 
3003 135 136 260 211 212 777 
3004 243 86 589 760 162 1106 
3005 387 370 388 904 887 905 
3006 313 381 595 830 898 1112 
3007 557 567 568 1074 1084 1085 
3008 83 84 306 159 160 823 
3009 79 80 266 155 156 783 
3010 275 122 577 792 198 1094 
3011 99 100 572 175 176 1089 
3012 617 581 733 1134 1098 1250 
3013 255 6 279 772 25 796 
3014 122 123 577 198 199 1094 
3015 334 328 375 851 845 892 
3016 285 284 286 802 801 803 
3017 513 56 583 1030 234 1100 
3018 366 362 373 883 879 890 
3019 82 83 578 158 159 1095 
3020 118 335 581 194 852 1098 
3021 116 117 249 192 193 766 
3022 55 56 513 233 234 1030 
3023 249 117 581 766 193 1098 
3024 525 484 620 1042 1001 1137 
3025 137 138 317 213 214 834 
3026 247 255 256 764 772 773 
3027 56 57 583 234 235 1100 
3028 261 337 338 778 854 855 
3029 459 460 495 976 977 1012 
3030 429 587 598 946 1104 1115 
3031 121 122 275 197 198 792 
3032 577 251 658 1094 768 1175 
3033 117 118 581 193 194 1098 
3034 118 119 335 194 195 852 
3035 50 4 487 228 31 1004 
3036 263 270 271 780 787 788 
3037 526 477 528 1043 994 1045 
3038 86 87 589 162 163 1106 
3039 507 506 732 1024 1023 1249 
3040 253 508 656 770 1025 1173 
3041 293 292 294 810 809 811 
3042 54 53 584 232 231 1101 
3043 7 54 496 27 232 1013 
3044 513 535 695 1030 1052 1212 
3045 373 548 549 890 1065 1066 
3046 409 408 428 926 925 945 
3047 542 408 596 1059 925 1113 
3048 334 375 383 851 892 900 
3049 557 242 567 1074 759 1084 
3050 496 54 584 1013 232 1101 
3051 303 315 323 820 832 840 
3052 39 38 533 217 216 1050 
3053 448 449 452 965 966 969 
3054 283 278 593 800 795 1110 
3055 263 262 270 780 779 787 
3056 311 331 585 828 848 1102 
3057 413 434 552 930 951 1069 
3058 278 271 593 795 788 1110 
3059 393 394 395 910 911 912 
3060 508 258 616 1025 775 1133 
3061 393 395 396 910 912 913 
3062 244 566 619 761 1083 1136 
3063 393 392 394 910 909 911 
3064 389 388 390 906 905 907 
3065 333 328 334 850 845 851 
3066 555 559 560 1072 1076 1077 
3067 425 422 632 942 939 1149 
3068 391 390 392 908 907 909 
3069 106 253 731 182 770 1248 
3070 295 294 296 812 811 813 
3071 326 600 607 843 1117 1124 
3072 391 392 393 908 909 910 
3073 396 395 397 913 912 914 
3074 327 326 328 844 843 845 
3075 61 60 666 239 238 1183 
3076 282 283 284 799 800 801 
3077 522 1 655 1039 35 1172 
3078 398 395 596 915 912 1113 
3079 48 3 580 226 29 1097 
3080 333 334 379 850 851 896 
3081 325 304 326 842 821 843 
3082 600 268 607 1117 785 1124 
3083 482 427 483 999 944 1000 
3084 297 299 300 814 816 817 
3085 273 39 533 790 217 1050 
3086 396 397 404 913 914 921 
3087 327 328 333 844 845 850 
3088 271 270 303 788 787 820 
3089 360 536 672 877 1053 1189 
3090 262 256 268 779 773 785 
3091 412 413 552 929 930 1069 
3092 303 323 593 820 840 1110 
3093 427 494 669 944 1011 1186 
3094 282 278 283 799 795 800 
3095 280 321 322 797 838 839 
3096 375 328 607 892 845 1124 
3097 13 52 623 32 230 1140 
3098 325 326 327 842 843 844 
3099 478 321 479 995 838 996 
3100 280 311 321 797 828 838 
3101 444 447 448 961 964 965 
3102 497 636 722 1014 1153 1239 
3103 389 390 391 906 907 908 
3104 391 393 591 908 910 1108 
3105 402 401 405 919 918 922 
3106 59 599 722 237 1116 1239 
3107 322 321 478 839 838 995 
3108 45 41 755 223 219 1272 
3109 396 404 411 913 921 928 
3110 418 405 574 935 922 1091 
3111 303 304 315 820 821 832 
3112 376 314 377 893 831 894 
3113 463 465 466 980 982 983 
3114 393 396 591 910 913 1108 
3115 303 270 304 820 787 821 
3116 245 105 731 762 181 1248 
3117 76 77 609 152 153 1126 
3118 514 324 515 1031 841 1032 
3119 315 304 325 832 821 842 
3120 387 388 389 904 905 906 
3121 411 404 431 928 921 948 
3122 322 478 605 839 995 1122 
3123 335 686 733 852 1203 1250 
3124 315 325 374 832 842 891 
3125 411 431 432 928 948 949 
3126 321 311 585 838 828 1102 
3127 462 461 463 979 978 980 
3128 410 415 480 927 932 997 
3129 479 321 585 996 838 1102 
3130 38 37 276 216 215 793 
3131 395 394 596 912 911 1113 
3132 256 255 592 773 772 1109 
3133 396 411 591 913 928 1108 
3134 568 567 569 1085 1084 1086 
3135 268 256 592 785 773 1109 
3136 284 283 308 801 800 825 
3137 591 411 602 1108 928 1119 
3138 414 591 602 931 1108 1119 
3139 271 303 593 788 820 1110 
3140 313 329 381 830 846 898 
3141 389 391 414 906 908 931 
3142 404 606 613 921 1123 1130 
3143 290 288 301 807 805 818 
3144 407 405 418 924 922 935 
3145 429 428 586 946 945 1103 
3146 592 322 612 1109 839 1129 
3147 326 304 600 843 821 1117 
3148 544 266 603 1061 783 1120 
3149 241 97 663 758 173 1180 
3150 274 523 699 791 1040 1216 
3151 426 427 482 943 944 999 
3152 297 296 299 814 813 816 
3153 462 463 590 979 980 1107 
3154 350 351 352 867 868 869 
3155 336 522 655 853 1039 1172 
3156 460 462 639 977 979 1156 
3157 340 339 341 857 856 858 
3158 402 407 410 919 924 927 
3159 386 370 387 903 887 904 
3160 399 401 402 916 918 919 
3161 424 425 426 941 942 943 
3162 414 391 591 931 908 1108 
3163 262 268 600 779 785 1117 
3164 498 298 740 1015 815 1257 
3165 380 485 594 897 1002 1111 
3166 378 376 490 895 893 1007 
3167 410 407 415 927 924 932 
3168 436 438 493 953 955 1010 
3169 7 496 497 27 1013 1014 
3170 463 466 590 980 983 1107 
3171 270 262 600 787 779 1117 
3172 527 439 719 1044 956 1236 
3173 402 405 407 919 922 924 
3174 51 259 472 229 776 989 
3175 352 351 353 869 868 870 
3176 536 452 672 1053 969 1189 
3177 468 312 469 985 829 986 
3178 428 408 542 945 925 1059 
3179 304 270 600 821 787 1117 
3180 417 573 661 934 1090 1178 
3181 404 397 606 921 914 1123 
3182 383 375 605 900 892 1122 
3183 6 42 700 25 220 1217 
3184 77 252 609 153 769 1126 
3185 549 548 672 1066 1065 1189 
3186 334 383 617 851 900 1134 
3187 296 294 302 813 811 819 
3188 329 376 378 846 893 895 
3189 369 368 370 886 885 887 
3190 411 432 602 928 949 1119 
3191 498 467 499 1015 984 1016 
3192 328 326 607 845 843 1124 
3193 463 461 464 980 978 981 
3194 542 552 738 1059 1069 1255 
3195 553 480 673 1070 997 1190 
3196 465 467 498 982 984 1015 
3197 606 410 613 1123 927 1130 
3198 457 456 458 974 973 975 
3199 463 464 465 980 981 982 
3200 300 299 313 817 816 830 
3201 465 464 467 982 981 984 
3202 468 469 470 985 986 987 
3203 464 662 677 981 1179 1194 
3204 593 323 608 1110 840 1125 
3205 369 370 386 886 887 903 
3206 387 389 604 904 906 1121 
3207 101 102 628 177 178 1145 
3208 312 300 595 829 817 1112 
3209 329 314 376 846 831 893 
3210 419 365 420 936 882 937 
3211 402 410 606 919 927 1123 
3212 258 109 716 775 185 1233 
3213 51 50 637 229 228 1154 
3214 48 49 637 226 227 1154 
3215 367 369 601 884 886 1118 
3216 46 47 678 224 225 1195 
3217 369 386 417 886 903 934 
3218 283 593 608 800 1110 1125 
3219 431 404 613 948 921 1130 
3220 443 441 445 960 958 962 
3221 377 314 611 894 831 1128 
3222 313 299 314 830 816 831 
3223 313 314 329 830 831 846 
3224 614 446 615 1131 963 1132 
3225 63 64 633 139 140 1150 
3226 397 399 606 914 916 1123 
3227 80 81 634 156 157 1151 
3228 125 570 640 201 1087 1157 
3229 300 313 595 817 830 1112 
3230 442 441 443 959 958 960 
3231 389 414 604 906 931 1121 
3232 308 283 608 825 800 1125 
3233 120 121 635 196 197 1152 
3234 399 402 606 916 919 1123 
3235 457 458 459 974 975 976 
3236 318 330 622 835 847 1139 
3237 309 287 650 826 804 1167 
3238 457 459 489 974 976 1006 
3239 570 244 619 1087 761 1136 
3240 421 420 422 938 937 939 
3241 410 480 613 927 997 1130 
3242 42 500 700 220 1017 1217 
3243 571 272 643 1088 789 1160 
3244 423 422 424 940 939 941 
3245 573 92 661 1090 168 1178 
3246 420 365 631 937 882 1148 
3247 633 576 696 1150 1093 1213 
3248 367 368 369 884 885 886 
3249 347 346 348 864 863 865 
3250 251 124 640 768 200 1157 
3251 57 58 636 235 236 1153 
3252 505 380 621 1022 897 1138 
3253 448 447 449 965 964 966 
3254 369 417 601 886 934 1118 
3255 272 115 643 789 191 1160 
3256 537 241 625 1054 758 1142 
3257 367 366 368 884 883 885 
3258 379 334 617 896 851 1134 
3259 442 443 444 959 960 961 
3260 247 6 255 764 25 772 
3261 322 605 612 839 1122 1129 
3262 456 580 662 973 1097 1179 
3263 43 261 500 221 778 1017 
3264 116 249 643 192 766 1160 
3265 338 339 340 855 856 857 
3266 469 312 595 986 829 1112 
3267 449 447 450 966 964 967 
3268 467 677 684 984 1194 1201 
3269 361 363 364 878 880 881 
3270 605 375 612 1122 892 1129 
3271 552 10 738 1069 28 1255 
3272 458 456 662 975 973 1179 
3273 296 302 611 813 819 1128 
3274 426 482 486 943 999 1003 
3275 93 254 661 169 771 1178 
3276 551 113 660 1068 189 1177 
3277 98 267 663 174 784 1180 
3278 444 443 446 961 960 963 
3279 273 533 629 790 1050 1146 
3280 354 353 356 871 870 873 
3281 299 296 611 816 813 1128 
3282 582 381 739 1099 898 1256 
3283 363 362 366 880 879 883 
3284 384 510 717 901 1027 1234 
3285 286 563 744 803 1080 1261 
3286 50 487 637 228 1004 1154 
3287 444 446 447 961 963 964 
3288 357 356 359 874 873 876 
3289 110 550 716 186 1067 1233 
3290 361 359 362 878 876 879 
3291 474 526 622 991 1043 1139 
3292 449 450 451 966 967 968 
3293 102 305 628 178 822 1145 
3294 354 357 358 871 874 875 
3295 292 646 709 809 1163 1226 
3296 459 495 610 976 1012 1127 
3297 363 366 367 880 883 884 
3298 574 707 728 1091 1224 1245 
3299 314 299 611 831 816 1128 
3300 447 446 614 964 963 1131 
3301 506 621 732 1023 1138 1249 
3302 352 353 354 869 870 871 
3303 345 346 347 862 863 864 
3304 588 475 638 1105 992 1155 
3305 450 447 614 967 964 1131 
3306 575 562 751 1092 1079 1268 
3307 626 445 627 1143 962 1144 
3308 432 589 693 949 1106 1210 
3309 279 6 700 796 25 1217 
3310 291 298 694 808 815 1211 
3311 265 455 491 782 972 1008 
3312 421 422 423 938 939 940 
3313 419 420 421 936 937 938 
3314 423 424 504 940 941 1021 
3315 361 362 363 878 879 880 
3316 357 359 361 874 876 878 
3317 354 356 357 871 873 874 
3318 350 352 355 867 869 872 
3319 114 272 660 190 789 1177 
3320 589 87 693 1106 163 1210 
3321 579 306 673 1096 823 1190 
3322 482 483 625 999 1000 1142 
3323 64 576 633 140 1093 1150 
3324 615 446 626 1132 963 1143 
3325 503 453 536 1020 970 1053 
3326 292 290 646 809 807 1163 
3327 266 80 634 783 156 1151 
3328 546 373 644 1063 890 1161 
3329 374 325 648 891 842 1165 
3330 331 385 653 848 902 1170 
3331 347 348 365 864 865 882 
3332 340 341 430 857 858 947 
3333 455 456 457 972 973 974 
3334 260 136 668 777 212 1185 
3335 489 459 610 1006 976 1127 
3336 121 275 635 197 792 1152 
3337 367 601 624 884 1118 1141 
3338 137 317 668 213 834 1185 
3339 58 59 722 236 237 1239 
3340 424 426 618 941 943 1135 
3341 481 430 509 998 947 1026 
3342 556 558 714 1073 1075 1231 
3343 583 57 636 1100 235 1153 
3344 416 620 675 933 1137 1192 
3345 88 250 693 164 767 1210 
3346 488 487 649 1005 1004 1166 
3347 445 441 629 962 958 1146 
3348 340 430 481 857 947 998 
3349 451 450 623 968 967 1140 
3350 557 568 697 1074 1085 1214 
3351 11 12 755 24 26 1272 
3352 561 559 715 1078 1076 1232 
3353 603 418 736 1120 935 1253 
3354 662 580 677 1179 1097 1194 
3355 443 445 626 960 962 1143 
3356 422 420 632 939 937 1149 
3357 439 683 719 956 1200 1236 
3358 382 365 419 899 882 936 
3359 481 509 701 998 1026 1218 
3360 504 424 618 1021 941 1135 
3361 382 419 471 899 936 988 
3362 364 363 624 881 880 1141 
3363 260 681 705 777 1198 1222 
3364 37 5 679 215 23 1196 
3365 333 379 676 850 896 1193 
3366 495 460 639 1012 977 1156 
3367 426 486 618 943 1003 1135 
3368 361 364 630 878 881 1147 
3369 544 603 736 1061 1120 1253 
3370 347 365 382 864 882 899 
3371 638 475 698 1155 992 1215 
3372 627 445 638 1144 962 1155 
3373 53 54 639 231 232 1156 
3374 55 513 695 233 1030 1212 
3375 446 443 626 963 960 1143 
3376 441 273 629 958 790 1146 
3377 651 710 741 1168 1227 1258 
3378 697 302 709 1214 819 1226 
3379 363 367 624 880 884 1141 
3380 371 507 718 888 1024 1235 
3381 541 582 739 1058 1099 1256 
3382 381 329 667 898 846 1184 
3383 430 702 749 947 1219 1266 
3384 124 125 640 200 201 1157 
3385 343 345 372 860 862 889 
3386 100 17 721 176 21 1238 
3387 17 101 721 21 177 1238 
3388 455 454 456 972 971 973 
3389 414 602 659 931 1119 1176 
3390 457 489 670 974 1006 1187 
3391 115 116 643 191 192 1160 
3392 623 450 647 1140 967 1164 
3393 639 462 734 1156 979 1251 
3394 677 3 684 1194 29 1201 
3395 348 350 631 865 867 1148 
3396 81 16 723 157 20 1240 
3397 16 82 723 20 158 1240 
3398 138 15 724 214 19 1241 
3399 15 63 724 19 139 1241 
3400 18 120 725 22 196 1242 
3401 119 18 725 195 22 1242 
3402 520 609 728 1037 1126 1245 
3403 490 376 681 1007 893 1198 
3404 743 423 746 1260 940 1263 
3405 14 546 644 33 1063 1161 
3406 49 51 637 227 229 1154 
3407 373 549 644 890 1066 1161 
3408 286 284 706 803 801 1223 
3409 53 2 727 231 34 1244 
3410 377 688 705 894 1205 1222 
3411 358 357 630 875 874 1147 
3412 365 348 631 882 865 1148 
3413 464 461 662 981 978 1179 
3414 2 590 717 34 1107 1234 
3415 10 552 690 28 1069 1207 
3416 627 638 698 1144 1155 1215 
3417 357 361 630 874 878 1147 
3418 548 360 672 1065 877 1189 
3419 568 688 697 1085 1205 1214 
3420 489 610 678 1006 1127 1195 
3421 387 604 691 904 1121 1208 
3422 46 7 741 224 27 1258 
3423 549 672 730 1066 1189 1247 
3424 267 572 654 784 1089 1171 
3425 597 488 649 1114 1005 1166 
3426 350 355 631 867 872 1148 
3427 265 454 455 782 971 972 
3428 646 558 709 1163 1075 1226 
3429 7 46 737 27 224 1254 
3430 451 623 703 968 1140 1220 
3431 354 358 652 871 875 1169 
3432 623 52 703 1140 230 1220 
3433 552 434 690 1069 951 1207 
3434 445 629 638 962 1146 1155 
3435 287 289 650 804 806 1167 
3436 250 547 659 767 1064 1176 
3437 437 435 685 954 952 1202 
3438 302 294 709 819 811 1226 
3439 516 517 687 1033 1034 1204 
3440 465 498 740 982 1015 1257 
3441 290 301 646 807 818 1163 
3442 325 327 648 842 844 1165 
3443 558 646 714 1075 1163 1231 
3444 487 4 649 1004 31 1166 
3445 379 617 733 896 1134 1250 
3446 676 379 686 1193 896 1203 
3447 502 503 664 1019 1020 1181 
3448 599 59 756 1116 237 1273 
3449 241 663 757 758 1180 1274 
3450 3 488 684 29 1005 1201 
3451 436 493 690 953 1010 1207 
3452 585 331 653 1102 848 1170 
3453 338 340 642 855 857 1159 
3454 524 245 743 1041 762 1260 
3455 355 352 652 872 869 1169 
3456 702 616 749 1219 1133 1266 
3457 52 13 675 230 32 1192 
3458 665 682 704 1182 1199 1221 
3459 430 341 702 947 858 1219 
3460 599 587 651 1116 1104 1168 
3461 340 481 642 857 998 1159 
3462 499 467 684 1016 984 1201 
3463 648 327 658 1165 844 1175 
3464 352 354 652 869 871 1169 
3465 597 309 680 1114 826 1197 
3466 688 568 705 1205 1085 1222 
3467 491 455 670 1008 972 1187 
3468 512 514 745 1029 1031 1262 
3469 586 428 738 1103 945 1255 
3470 534 1 695 1051 35 1212 
3471 650 289 694 1167 806 1211 
3472 275 577 676 792 1094 1193 
3473 587 586 710 1104 1103 1227 
3474 450 614 647 967 1131 1164 
3475 113 114 660 189 190 1177 
3476 327 333 658 844 850 1175 
3477 617 383 720 1134 900 1237 
3478 613 480 708 1130 997 1225 
3479 92 93 661 168 169 1178 
3480 258 509 749 775 1026 1266 
3481 461 458 662 978 975 1179 
3482 469 582 699 986 1099 1216 
3483 372 616 702 889 1133 1219 
3484 377 611 688 894 1128 1205 
3485 345 347 645 862 864 1162 
3486 97 98 663 173 174 1180 
3487 261 338 671 778 855 1188 
3488 480 415 673 997 932 1190 
3489 500 261 671 1017 778 1188 
3490 449 451 730 966 968 1247 
3491 53 639 734 231 1156 1251 
3492 483 427 669 1000 944 1186 
3493 710 46 741 1227 224 1258 
3494 136 137 668 212 213 1185 
3495 680 499 684 1197 1016 1201 
3496 306 553 673 823 1070 1190 
3497 347 382 645 864 899 1162 
3498 604 414 659 1121 931 1176 
3499 329 378 667 846 895 1184 
3500 435 433 689 952 950 1206 
3501 524 743 746 1041 1260 1263 
3502 514 516 726 1031 1033 1243 
3503 586 47 710 1103 225 1227 
3504 504 618 654 1021 1135 1171 
3505 581 335 733 1098 852 1250 
3506 52 14 703 230 33 1220 
3507 249 617 720 766 1134 1237 
3508 482 625 757 999 1142 1274 
3509 8 60 682 30 238 1199 
3510 620 52 675 1137 230 1192 
3511 471 419 747 988 936 1264 
3512 372 345 645 889 862 1162 
3513 475 472 698 992 989 1215 
3514 582 274 699 1099 791 1216 
3515 615 665 704 1132 1182 1221 
3516 406 527 719 923 1044 1236 
3517 60 61 704 238 239 1221 
3518 535 534 695 1052 1051 1212 
3519 488 597 680 1005 1114 1197 
3520 338 642 671 855 1159 1188 
3521 580 3 677 1097 29 1194 
3522 455 457 670 972 974 1187 
3523 626 627 665 1143 1144 1182 
3524 539 540 711 1056 1057 1228 
3525 46 610 737 224 1127 1254 
3526 614 615 674 1131 1132 1191 
3527 276 37 679 793 215 1196 
3528 8 265 713 30 782 1230 
3529 574 406 707 1091 923 1224 
3530 647 614 674 1164 1131 1191 
3531 421 423 743 938 940 1260 
3532 467 464 677 984 981 1194 
3533 376 377 681 893 894 1198 
3534 289 291 694 806 808 1211 
3535 320 279 700 837 796 1217 
3536 590 2 734 1107 34 1251 
3537 615 626 665 1132 1143 1182 
3538 266 634 753 783 1151 1270 
3539 621 12 732 1138 26 1249 
3540 62 61 685 240 239 1202 
3541 59 58 687 237 236 1204 
3542 625 241 757 1142 758 1274 
3543 13 62 689 32 240 1206 
3544 558 557 697 1075 1074 1214 
3545 60 8 713 238 30 1230 
3546 259 8 682 776 30 1199 
3547 301 288 744 818 805 1261 
3548 343 372 702 860 889 1219 
3549 558 697 709 1075 1214 1226 
3550 462 590 734 979 1107 1251 
3551 434 436 690 951 953 1207 
3552 248 541 739 765 1058 1256 
3553 87 88 693 163 164 1210 
3554 488 680 684 1005 1197 1201 
3555 653 385 748 1170 902 1265 
3556 1 55 695 35 233 1212 
3557 265 491 713 782 1008 1230 
3558 386 387 691 903 904 1208 
3559 383 571 720 900 1088 1237 
3560 550 269 748 1067 786 1265 
3561 382 471 729 899 988 1246 
3562 661 254 742 1178 771 1259 
3563 62 685 689 240 1202 1206 
3564 728 252 736 1245 769 1253 
3565 378 490 696 895 1007 1213 
3566 519 521 752 1036 1038 1269 
3567 305 524 746 822 1041 1263 
3568 746 504 750 1263 1021 1267 
3569 252 544 736 769 1061 1253 
3570 308 575 751 825 1092 1268 
3571 554 384 717 1071 901 1234 
3572 559 556 714 1076 1073 1231 
3573 563 561 715 1080 1078 1232 
3574 685 435 689 1202 952 1206 
3575 521 520 707 1038 1037 1224 
3576 521 707 719 1038 1224 1236 
3577 47 46 710 225 224 1227 
3578 101 628 721 177 1145 1238 
3579 642 332 671 1159 849 1188 
3580 611 302 688 1128 819 1205 
3581 568 569 705 1085 1086 1222 
3582 63 633 724 139 1150 1241 
3583 634 81 723 1151 157 1240 
3584 275 676 686 792 1193 1203 
3585 120 635 725 196 1152 1242 
3586 284 308 706 801 825 1223 
3587 317 633 696 834 1150 1213 
3588 472 259 698 989 776 1215 
3589 372 645 656 889 1162 1173 
3590 11 664 754 24 1181 1271 
3591 577 658 676 1094 1175 1193 
3592 109 110 716 185 186 1233 
3593 707 406 719 1224 923 1236 
3594 294 292 709 811 809 1226 
3595 364 624 711 881 1141 1228 
3596 624 539 711 1141 1056 1228 
3597 688 302 697 1205 819 1214 
3598 672 452 730 1189 969 1247 
3599 288 286 744 805 803 1261 
3600 643 249 720 1160 766 1237 
3601 381 667 739 898 1184 1256 
3602 470 469 699 987 986 1216 
3603 598 599 756 1115 1116 1273 
3604 635 275 686 1152 792 1203 
3605 9 598 756 36 1115 1273 
3606 572 100 721 1089 176 1238 
3607 105 106 731 181 182 1248 
3608 431 613 708 948 1130 1225 
3609 341 343 702 858 860 1219 
3610 14 644 703 33 1161 1220 
3611 687 58 726 1204 236 1243 
3612 82 578 723 158 1095 1240 
3613 317 138 724 834 214 1241 
3614 335 119 725 852 195 1242 
3615 584 53 727 1101 231 1244 
3616 636 58 722 1153 236 1239 
3617 58 57 726 236 235 1243 
3618 646 301 714 1163 818 1231 
3619 305 746 750 822 1263 1267 
3620 651 587 710 1168 1104 1227 
3621 2 53 734 34 231 1251 
3622 514 726 745 1031 1243 1262 
3623 507 664 718 1024 1181 1235 
3624 658 333 676 1175 850 1193 
3625 609 252 728 1126 769 1245 
3626 663 486 757 1180 1003 1274 
3627 452 449 730 969 966 1247 
3628 628 572 721 1145 1089 1238 
3629 428 542 738 945 1059 1255 
3630 466 465 740 983 982 1257 
3631 571 643 720 1088 1160 1237 
3632 578 634 723 1095 1151 1240 
3633 633 317 724 1150 834 1241 
3634 635 335 725 1152 852 1242 
3635 57 56 745 235 234 1262 
3636 59 9 756 237 36 1273 
3637 423 504 746 940 1021 1263 
3638 641 364 711 1158 881 1228 
3639 509 430 749 1026 947 1266 
3640 516 687 726 1033 1204 1243 
3641 601 417 742 1118 934 1259 
3642 726 57 745 1243 235 1262 
3643 664 507 754 1181 1024 1271 
3644 610 495 737 1127 1012 1254 
3645 540 641 711 1057 1158 1228 
3646 603 266 753 1120 783 1270 
3647 61 674 704 239 1191 1221 
3648 7 497 741 27 1014 1258 
3649 682 60 704 1199 238 1221 
3650 12 11 754 26 24 1271 
3651 269 653 748 786 1170 1265 
3652 486 482 757 1003 999 1274 
3653 681 377 705 1198 894 1222 
3654 645 382 729 1162 899 1246 
3655 419 421 747 936 938 1264 
3656 628 305 750 1145 822 1267 
3657 9 657 752 36 1174 1269 
3658 656 645 729 1173 1162 1246 
3659 674 615 704 1191 1132 1221 
3660 616 258 749 1133 775 1266 
3661 491 666 713 1008 1183 1230 
3662 715 301 744 1232 818 1261 
3663 683 521 719 1200 1038 1236 
3664 664 503 718 1181 1020 1235 
3665 666 60 713 1183 238 1230 
3666 667 248 739 1184 765 1256 
3667 683 9 752 1200 36 1269 
3668 417 661 742 934 1178 1259 
3669 497 651 741 1014 1168 1258 
3670 657 519 752 1174 1036 1269 
3671 504 654 750 1021 1171 1267 
3672 253 656 729 770 1173 1246 
3673 686 379 733 1203 896 1250 
3674 385 701 748 902 1218 1265 
3675 706 308 751 1223 825 1268 
3676 701 550 748 1218 1067 1265 
3677 563 715 744 1080 1232 1261 
3678 521 683 752 1038 1200 1269 
3679 421 743 747 938 1260 1264 
3680 735 603 753 1252 1120 1270 
3681 732 12 754 1249 26 1271 
3682 743 245 747 1260 762 1264 
3683 579 735 753 1096 1252 1270 
3684 507 732 754 1024 1249 1271 
3685 11 41 692 24 219 1209 
3686 41 11 755 219 24 1272 
3687 45 12 594 223 26 1111 
3688 12 45 755 26 223 1272 
3689 41 45 40 219 223 218 
3690 45 44 40 223 222 218 
3691 44 45 712 222 223 1229 
$EndElements
